event_type,fields
START,186230477 RIGHT SAMPLES EVENTS
INPUT,186230477 127
SFIX,R 186230507
EFIX,R 186230507 186230823 317 1727.8 1253.2 2189
SSACC,R 186230824
ESACC,R 186230824 186230858 35 1727.1 1248.8 1264.8 1094.3 7.75 461
SFIX,R 186230859
EFIX,R 186230859 186231019 161 1240.4 1094.7 2399
SSACC,R 186231020
ESACC,R 186231020 186231041 22 1236.1 1101.7 1105.5 1058.0 2.25 204
SFIX,R 186231042
EFIX,R 186231042 186231129 88 1088.6 1047.2 2054
SSACC,R 186231130
ESACC,R 186231130 186231164 35 1077.8 1042.9 1010.1 584.4 7.66 508
SFIX,R 186231165
EFIX,R 186231165 186231328 164 1003.9 569.0 1868
SSACC,R 186231329
ESACC,R 186231329 186231346 18 1007.8 567.2 942.2 542.4 1.19 115
SFIX,R 186231347
EFIX,R 186231347 186231477 131 944.5 538.0 2117
SSACC,R 186231478
ESACC,R 186231478 186231511 34 955.2 535.2 519.1 519.6 7.34 424
SFIX,R 186231512
EFIX,R 186231512 186231793 282 527.8 531.2 2731
SSACC,R 186231794
ESACC,R 186231794 186231813 20 531.4 531.9 602.5 502.6 1.29 109
SFIX,R 186231814
EFIX,R 186231814 186232306 493 597.3 509.4 2756
SSACC,R 186232307
ESACC,R 186232307 186232383 77 593.8 518.7 781.2 1713.6 18.71 451
SFIX,R 186232384
EFIX,R 186232384 186232558 175 781.6 1704.3 2802
SSACC,R 186232559
SBLINK,R 186232579
EBLINK,R 186232579 186232839 261
ESACC,R 186232559 186232874 316 780.2 1700.8 1071.9 512.6 19.03 988
SFIX,R 186232875
EFIX,R 186232875 186233005 131 1062.8 526.9 2867
SSACC,R 186233006
ESACC,R 186233006 186233024 19 1061.4 522.1 1138.1 505.7 1.33 131
SFIX,R 186233025
EFIX,R 186233025 186233181 157 1145.9 510.4 2849
SSACC,R 186233182
ESACC,R 186233182 186233202 21 1146.9 516.8 1052.2 512.5 1.61 111
SFIX,R 186233203
EFIX,R 186233203 186233456 254 1041.7 518.5 2740
SSACC,R 186233457
ESACC,R 186233457 186233482 26 1036.0 519.9 857.9 493.2 3.06 228
SFIX,R 186233483
EFIX,R 186233483 186233640 158 845.2 503.2 2650
SSACC,R 186233641
ESACC,R 186233641 186233665 25 842.6 507.6 1007.4 514.3 2.80 189
SFIX,R 186233666
EFIX,R 186233666 186233900 235 1037.7 528.3 2656
SSACC,R 186233901
SBLINK,R 186234008
EBLINK,R 186234008 186234288 281
ESACC,R 186233901 186234334 434 1039.2 530.3 1450.5 1181.2 12.58 530
SFIX,R 186234335
EFIX,R 186234335 186234407 73 1459.7 1167.2 2133
SSACC,R 186234408
ESACC,R 186234408 186234446 39 1460.7 1164.8 1490.7 616.6 8.88 594
SFIX,R 186234447
EFIX,R 186234447 186234585 139 1483.8 602.4 2263
SSACC,R 186234586
ESACC,R 186234586 186234623 38 1481.0 600.3 1693.2 1339.7 12.21 657
SFIX,R 186234624
EFIX,R 186234624 186234853 230 1689.2 1346.4 2512
SSACC,R 186234854
ESACC,R 186234854 186234901 48 1681.9 1344.5 1529.4 434.0 14.69 699
SFIX,R 186234902
EFIX,R 186234902 186235043 142 1517.3 429.6 2550
SSACC,R 186235044
ESACC,R 186235044 186235062 19 1513.8 428.1 1527.8 518.7 1.54 163
SFIX,R 186235063
EFIX,R 186235063 186235138 76 1525.2 517.7 2586
SSACC,R 186235139
ESACC,R 186235139 186235158 20 1525.4 519.9 1611.2 508.3 1.42 138
SFIX,R 186235159
EFIX,R 186235159 186235347 189 1619.8 503.8 2524
SSACC,R 186235348
ESACC,R 186235348 186235358 11 1623.7 507.4 1662.6 512.8 0.64 65
SFIX,R 186235359
EFIX,R 186235359 186235559 201 1662.0 519.3 2432
SSACC,R 186235560
ESACC,R 186235560 186235574 15 1657.2 519.5 1606.5 483.5 1.02 92
SFIX,R 186235575
EFIX,R 186235575 186235792 218 1595.3 485.3 2492
SSACC,R 186235793
ESACC,R 186235793 186235806 14 1600.2 485.8 1631.0 509.6 0.64 53
SFIX,R 186235807
EFIX,R 186235807 186236044 238 1640.3 509.1 2510
SSACC,R 186236045
ESACC,R 186236045 186236056 12 1644.9 509.0 1682.1 518.5 0.63 61
SFIX,R 186236057
EFIX,R 186236057 186236423 367 1689.6 516.5 2500
SSACC,R 186236424
ESACC,R 186236424 186236437 14 1686.0 511.2 1629.0 493.4 0.97 91
SFIX,R 186236438
EFIX,R 186236438 186236985 548 1619.4 493.7 2514
SSACC,R 186236986
ESACC,R 186236986 186237030 45 1617.4 493.0 1740.1 1253.2 12.29 542
SFIX,R 186237031
EFIX,R 186237031 186237192 162 1742.8 1253.7 2607
SSACC,R 186237193
ESACC,R 186237193 186237214 22 1741.9 1246.8 1699.6 1381.3 2.14 194
SFIX,R 186237215
EFIX,R 186237215 186237611 397 1694.2 1377.3 2679
SSACC,R 186237612
ESACC,R 186237612 186237633 22 1692.5 1372.4 1673.4 1266.1 1.64 100
SFIX,R 186237634
EFIX,R 186237634 186237961 328 1659.3 1227.5 2831
SSACC,R 186237962
ESACC,R 186237962 186238013 52 1656.4 1216.0 1564.9 422.5 12.85 610
SFIX,R 186238014
EFIX,R 186238014 186238216 203 1553.1 427.4 2890
SSACC,R 186238217
ESACC,R 186238217 186238232 16 1553.2 429.9 1579.5 478.9 0.93 83
SFIX,R 186238233
EFIX,R 186238233 186238496 264 1583.5 488.9 2718
SSACC,R 186238497
ESACC,R 186238497 186238521 25 1583.6 505.0 1409.8 516.0 2.88 220
SFIX,R 186238522
EFIX,R 186238522 186239440 919 1377.3 533.0 2464
SSACC,R 186239441
SBLINK,R 186239491
EBLINK,R 186239491 186239625 135
ESACC,R 186239441 186239696 256 1368.1 532.7 2180.5 568.4 12.86 697
SFIX,R 186239697
EFIX,R 186239697 186239844 148 2167.4 675.6 2258
SSACC,R 186239845
ESACC,R 186239845 186239880 36 2163.7 695.9 1663.1 490.8 8.49 531
SFIX,R 186239881
EFIX,R 186239881 186240135 255 1644.9 488.8 2522
SSACC,R 186240136
ESACC,R 186240136 186240198 63 1645.1 481.7 2130.5 107.3 9.81 285
SFIX,R 186240199
EFIX,R 186240199 186240775 577 2130.6 114.7 2389
SSACC,R 186240776
ESACC,R 186240776 186240855 80 2132.7 115.5 2370.5 1276.8 18.12 483
SFIX,R 186240856
EFIX,R 186240856 186241162 307 2358.9 1269.4 2641
SSACC,R 186241163
ESACC,R 186241163 186241220 58 2353.2 1246.9 1883.5 1825.4 10.54 418
SFIX,R 186241221
EFIX,R 186241221 186241368 148 1875.0 1817.9 2772
SSACC,R 186241369
ESACC,R 186241369 186241403 35 1875.1 1808.9 1570.6 1937.6 4.77 285
SFIX,R 186241404
EFIX,R 186241404 186241644 241 1557.9 1924.4 3008
SSACC,R 186241645
SBLINK,R 186241659
EBLINK,R 186241659 186241862 204
ESACC,R 186241645 186241903 259 1556.2 1920.2 1558.3 1291.8 9.00 533
SFIX,R 186241904
EFIX,R 186241904 186242048 145 1557.5 1294.7 2971
SSACC,R 186242049
ESACC,R 186242049 186242073 25 1558.9 1295.5 1686.3 1335.0 2.08 162
SFIX,R 186242074
EFIX,R 186242074 186242280 207 1685.4 1329.1 2932
SSACC,R 186242281
ESACC,R 186242281 186242324 44 1688.2 1326.5 1967.0 1051.9 6.00 223
SFIX,R 186242325
EFIX,R 186242325 186243224 900 1988.7 1025.2 2721
SSACC,R 186243225
ESACC,R 186243225 186243281 57 1988.8 1033.5 2295.2 810.1 5.72 172
SFIX,R 186243282
EFIX,R 186243282 186243549 268 2304.5 808.1 2524
SSACC,R 186243550
ESACC,R 186243550 186243582 33 2303.3 814.5 2281.7 642.6 2.70 161
SFIX,R 186243583
EFIX,R 186243583 186243665 83 2282.1 580.2 2444
SSACC,R 186243666
SBLINK,R 186243721
EBLINK,R 186243721 186243954 234
ESACC,R 186243666 186244006 341 2286.5 565.9 2481.4 1266.3 10.91 359
SFIX,R 186244007
EFIX,R 186244007 186244104 98 2493.8 1114.6 2385
SSACC,R 186244105
ESACC,R 186244105 186244173 69 2495.0 1059.4 1909.3 903.7 8.88 332
SFIX,R 186244174
EFIX,R 186244174 186244783 610 1902.3 903.7 2710
SSACC,R 186244784
ESACC,R 186244784 186244815 32 1895.0 890.7 1757.5 1105.2 4.00 194
SFIX,R 186244816
EFIX,R 186244816 186245239 424 1698.4 1119.2 2955
SSACC,R 186245240
ESACC,R 186245240 186245285 46 1699.6 1120.1 1590.1 488.4 10.36 587
SFIX,R 186245286
EFIX,R 186245286 186245635 350 1584.1 499.2 2798
SSACC,R 186245636
ESACC,R 186245636 186245667 32 1583.1 508.0 1201.6 505.6 6.35 387
SFIX,R 186245668
EFIX,R 186245668 186245891 224 1169.9 511.4 2663
SSACC,R 186245892
ESACC,R 186245892 186245900 9 1158.6 517.6 1133.7 531.9 0.49 59
SFIX,R 186245901
EFIX,R 186245901 186246634 734 1135.8 531.3 2518
SSACC,R 186246635
ESACC,R 186246635 186246645 11 1133.8 521.1 1106.6 521.8 0.46 48
SFIX,R 186246646
EFIX,R 186246646 186247100 455 1090.1 527.6 2619
SSACC,R 186247101
ESACC,R 186247101 186247130 30 1087.3 530.1 859.7 516.2 3.86 216
SFIX,R 186247131
EFIX,R 186247131 186247380 250 850.3 517.5 2720
SSACC,R 186247381
ESACC,R 186247381 186247402 22 848.5 522.5 733.8 528.2 1.94 168
SFIX,R 186247403
EFIX,R 186247403 186247423 21 707.2 533.1 2720
SSACC,R 186247424
ESACC,R 186247424 186247446 23 665.8 531.5 510.0 514.2 2.63 150
SFIX,R 186247447
EFIX,R 186247447 186247691 245 501.6 512.4 2737
SSACC,R 186247692
ESACC,R 186247692 186247703 12 499.2 517.0 460.8 532.4 0.69 75
SFIX,R 186247704
EFIX,R 186247704 186247887 184 456.6 535.0 2746
SSACC,R 186247888
ESACC,R 186247888 186247918 31 457.0 540.5 820.0 527.7 6.09 388
SFIX,R 186247919
EFIX,R 186247919 186248160 242 864.7 532.5 2825
SSACC,R 186248161
ESACC,R 186248161 186248167 7 864.5 530.1 841.5 528.0 0.39 53
SFIX,R 186248168
EFIX,R 186248168 186248369 202 835.9 525.0 2861
SSACC,R 186248370
SBLINK,R 186248395
EBLINK,R 186248395 186248593 199
ESACC,R 186248370 186248635 266 836.1 527.6 780.1 507.3 1.01 1351
SFIX,R 186248636
EFIX,R 186248636 186249773 1138 783.3 497.9 2657
SSACC,R 186249774
SBLINK,R 186249797
EBLINK,R 186249797 186249998 202
ESACC,R 186249774 186250045 272 781.2 502.7 495.3 516.6 4.81 1252
SFIX,R 186250046
EFIX,R 186250046 186250492 447 476.7 496.3 2384
SSACC,R 186250493
ESACC,R 186250493 186250502 10 476.8 501.6 440.6 504.9 0.60 66
SFIX,R 186250503
EFIX,R 186250503 186250724 222 442.1 514.6 2831
SSACC,R 186250725
ESACC,R 186250725 186250743 19 438.7 519.0 506.6 493.4 1.21 122
SFIX,R 186250744
EFIX,R 186250744 186251847 1104 487.4 497.0 2760
SSACC,R 186251848
ESACC,R 186251848 186251869 22 479.5 505.9 517.8 442.2 1.25 65
SFIX,R 186251870
EFIX,R 186251870 186253282 1413 528.9 423.4 2836
SSACC,R 186253283
ESACC,R 186253283 186253347 65 530.9 414.5 33.5 163.0 9.13 242
SFIX,R 186253348
EFIX,R 186253348 186253521 174 -9.9 201.0 2765
SSACC,R 186253522
ESACC,R 186253522 186253557 36 -18.7 200.8 384.6 497.2 8.15 464
SFIX,R 186253558
EFIX,R 186253558 186253961 404 381.8 507.1 2784
SSACC,R 186253962
ESACC,R 186253962 186253970 9 384.1 505.7 369.3 532.9 0.52 64
SFIX,R 186253971
EFIX,R 186253971 186254344 374 372.6 526.7 2874
SSACC,R 186254345
ESACC,R 186254345 186254362 18 381.4 516.6 454.1 528.6 1.22 129
SFIX,R 186254363
EFIX,R 186254363 186255093 731 447.7 526.9 2796
SSACC,R 186255094
ESACC,R 186255094 186255148 55 446.8 524.5 1250.5 567.9 13.44 486
SFIX,R 186255149
EFIX,R 186255149 186255426 278 1240.2 577.7 1916
SSACC,R 186255427
ESACC,R 186255427 186255471 45 1233.9 574.1 1091.2 61.7 9.04 414
SFIX,R 186255472
EFIX,R 186255472 186255724 253 1088.6 74.3 1860
SSACC,R 186255725
ESACC,R 186255725 186255783 59 1094.4 91.6 444.8 602.4 13.90 466
SFIX,R 186255784
EFIX,R 186255784 186256430 647 436.3 598.6 2159
SSACC,R 186256431
ESACC,R 186256431 186256473 43 426.0 600.2 365.0 69.9 8.96 478
SFIX,R 186256474
EFIX,R 186256474 186256655 182 365.0 77.6 1870
SSACC,R 186256656
ESACC,R 186256656 186256703 48 363.7 79.6 1065.2 431.3 13.18 583
SFIX,R 186256704
EFIX,R 186256704 186257056 353 1069.5 434.0 2194
SSACC,R 186257057
ESACC,R 186257057 186257088 32 1073.5 431.5 707.5 639.7 7.12 429
SFIX,R 186257089
EFIX,R 186257089 186257387 299 686.0 655.2 2303
SSACC,R 186257388
ESACC,R 186257388 186257457 70 684.8 667.0 1006.0 1453.1 13.53 407
SFIX,R 186257458
EFIX,R 186257458 186257502 45 1018.8 1461.5 2241
SSACC,R 186257503
ESACC,R 186257503 186257548 46 1021.5 1458.1 1342.9 1105.0 7.52 290
SFIX,R 186257549
EFIX,R 186257549 186257818 270 1342.0 1095.3 2369
SSACC,R 186257819
ESACC,R 186257819 186257849 31 1343.8 1087.0 1624.9 1278.3 5.39 369
SFIX,R 186257850
EFIX,R 186257850 186258029 180 1656.8 1282.1 2472
SSACC,R 186258030
ESACC,R 186258030 186258084 55 1656.9 1267.0 865.8 302.5 20.23 848
SFIX,R 186258085
EFIX,R 186258085 186258200 116 868.1 299.4 2638
SSACC,R 186258201
ESACC,R 186258201 186258220 20 869.7 297.7 790.7 252.7 1.55 142
SFIX,R 186258221
EFIX,R 186258221 186259158 938 751.0 247.8 2088
SSACC,R 186259159
ESACC,R 186259159 186259195 37 725.5 236.1 1308.8 608.6 11.68 638
SFIX,R 186259196
EFIX,R 186259196 186259291 96 1315.6 633.5 1705
SSACC,R 186259292
ESACC,R 186259292 186259309 18 1313.4 635.4 1379.3 677.2 1.30 127
SFIX,R 186259310
EFIX,R 186259310 186259927 618 1389.3 675.5 2158
SSACC,R 186259928
ESACC,R 186259928 186259997 70 1394.4 674.3 1673.2 1388.0 12.12 332
SFIX,R 186259998
EFIX,R 186259998 186260372 375 1669.4 1378.5 2452
SSACC,R 186260373
ESACC,R 186260373 186260394 22 1675.7 1367.1 1595.4 1264.2 2.00 192
SFIX,R 186260395
EFIX,R 186260395 186260650 256 1591.8 1266.5 2589
SSACC,R 186260651
ESACC,R 186260651 186260667 17 1588.9 1255.2 1550.9 1190.2 1.17 82
SFIX,R 186260668
EFIX,R 186260668 186261019 352 1529.5 1176.7 2836
SSACC,R 186261020
ESACC,R 186261020 186261037 18 1530.3 1169.6 1460.5 1164.4 1.12 86
SFIX,R 186261038
EFIX,R 186261038 186261352 315 1439.9 1158.9 2938
SSACC,R 186261353
ESACC,R 186261353 186261432 80 1440.2 1158.4 769.7 1039.2 11.07 338
SFIX,R 186261433
EFIX,R 186261433 186262072 640 745.4 1045.3 2963
SSACC,R 186262073
ESACC,R 186262073 186262131 59 748.3 1047.2 1788.6 1239.2 16.84 622
SFIX,R 186262132
EFIX,R 186262132 186262751 620 1771.4 1239.0 2661
SSACC,R 186262752
ESACC,R 186262752 186262762 11 1769.2 1234.4 1796.2 1264.2 0.62 65
SFIX,R 186262763
EFIX,R 186262763 186263670 908 1792.0 1275.8 2721
SSACC,R 186263671
SBLINK,R 186263693
EBLINK,R 186263693 186263760 68
ESACC,R 186263671 186263793 123 1784.2 1281.9 872.4 276.4 21.89 1955
SFIX,R 186263794
EFIX,R 186263794 186263866 73 867.4 271.8 2737
SSACC,R 186263867
ESACC,R 186263867 186263885 19 866.3 263.1 790.3 238.6 1.36 130
SFIX,R 186263886
EFIX,R 186263886 186264696 811 742.1 233.3 1845
SSACC,R 186264697
ESACC,R 186264697 186264727 31 717.0 224.9 949.4 551.3 6.82 482
SFIX,R 186264728
EFIX,R 186264728 186265156 429 957.3 564.5 1825
SSACC,R 186265157
ESACC,R 186265157 186265204 48 960.2 563.2 1039.5 1312.4 12.17 467
SFIX,R 186265205
EFIX,R 186265205 186265863 659 1048.5 1290.1 2448
SSACC,R 186265864
ESACC,R 186265864 186265915 52 1052.5 1268.5 954.9 529.7 12.11 486
SFIX,R 186265916
EFIX,R 186265916 186266274 359 942.3 512.9 2562
SSACC,R 186266275
ESACC,R 186266275 186266314 40 936.1 514.6 1211.4 972.3 8.89 423
SFIX,R 186266315
EFIX,R 186266315 186266582 268 1218.3 1001.3 2345
SSACC,R 186266583
ESACC,R 186266583 186266645 63 1215.3 1008.0 1459.3 1817.0 12.64 545
SFIX,R 186266646
EFIX,R 186266646 186266977 332 1464.9 1847.9 2403
SSACC,R 186266978
SBLINK,R 186267005
EBLINK,R 186267005 186267236 232
ESACC,R 186266978 186267267 290 1467.4 1842.8 1655.8 1599.1 4.45 299
SFIX,R 186267268
EFIX,R 186267268 186267567 300 1653.6 1569.3 2692
SSACC,R 186267568
ESACC,R 186267568 186267601 34 1652.6 1562.7 1820.5 1297.6 4.68 268
SFIX,R 186267602
EFIX,R 186267602 186268094 493 1827.2 1289.0 2796
SSACC,R 186268095
ESACC,R 186268095 186268128 34 1829.3 1286.4 1910.3 1743.4 6.69 387
SFIX,R 186268129
EFIX,R 186268129 186268291 163 1903.7 1759.5 2837
SSACC,R 186268292
ESACC,R 186268292 186268370 79 1903.4 1758.9 968.2 327.9 26.28 642
SFIX,R 186268371
EFIX,R 186268371 186268482 112 963.5 340.1 2934
SSACC,R 186268483
ESACC,R 186268483 186268506 24 956.5 333.2 803.0 238.0 3.08 277
SFIX,R 186268507
EFIX,R 186268507 186269516 1010 745.0 230.7 1912
SSACC,R 186269517
ESACC,R 186269517 186269564 48 725.3 227.7 1059.4 813.4 11.36 539
SFIX,R 186269565
EFIX,R 186269565 186269689 125 1060.5 814.2 1878
SSACC,R 186269690
ESACC,R 186269690 186269709 20 1063.3 809.3 1064.0 914.3 1.73 161
SFIX,R 186269710
EFIX,R 186269710 186270357 648 1071.0 903.4 2362
SSACC,R 186270358
ESACC,R 186270358 186270404 47 1073.3 902.2 1537.4 1210.4 9.01 394
SFIX,R 186270405
EFIX,R 186270405 186270633 229 1535.1 1216.9 2477
SSACC,R 186270634
ESACC,R 186270634 186270659 26 1536.0 1209.8 1389.6 1193.9 2.36 148
SFIX,R 186270660
EFIX,R 186270660 186271079 420 1332.9 1165.2 2665
SSACC,R 186271080
ESACC,R 186271080 186271100 21 1330.8 1157.1 1444.4 1196.0 1.93 154
SFIX,R 186271101
EFIX,R 186271101 186271411 311 1452.9 1198.9 2766
SSACC,R 186271412
ESACC,R 186271412 186271430 19 1449.5 1194.4 1519.0 1254.6 1.45 111
SFIX,R 186271431
EFIX,R 186271431 186272011 581 1529.1 1277.0 2838
SSACC,R 186272012
ESACC,R 186272012 186272038 27 1527.0 1278.5 1701.0 1370.0 3.05 213
SFIX,R 186272039
EFIX,R 186272039 186272474 436 1701.9 1383.9 2788
SSACC,R 186272475
SBLINK,R 186272494
EBLINK,R 186272494 186272722 229
ESACC,R 186272475 186272770 296 1707.2 1389.0 984.4 1074.6 12.49 381
SFIX,R 186272771
EFIX,R 186272771 186273063 293 966.5 1095.4 2420
SSACC,R 186273064
ESACC,R 186273064 186273104 41 967.0 1094.4 593.2 1226.4 6.44 326
SFIX,R 186273105
EFIX,R 186273105 186273419 315 583.2 1214.8 2807
SSACC,R 186273420
ESACC,R 186273420 186273472 53 587.9 1206.4 836.4 273.3 15.82 686
SFIX,R 186273473
EFIX,R 186273473 186273595 123 829.5 276.7 2785
SSACC,R 186273596
ESACC,R 186273596 186273609 14 822.7 279.6 783.2 251.6 0.83 87
SFIX,R 186273610
EFIX,R 186273610 186274467 858 750.1 245.6 2005
SSACC,R 186274468
ESACC,R 186274468 186274508 41 742.1 247.9 1335.6 822.8 13.86 638
SFIX,R 186274509
EFIX,R 186274509 186274625 117 1335.8 839.5 1876
SSACC,R 186274626
ESACC,R 186274626 186274645 20 1334.6 831.8 1392.7 903.1 1.51 123
SFIX,R 186274646
EFIX,R 186274646 186275162 517 1395.1 910.6 2221
SSACC,R 186275163
ESACC,R 186275163 186275220 58 1393.4 898.6 1950.5 1741.2 15.21 521
SFIX,R 186275221
EFIX,R 186275221 186275422 202 1947.4 1731.1 2425
SSACC,R 186275423
ESACC,R 186275423 186275482 60 1945.5 1725.0 1640.9 1015.8 11.46 380
SFIX,R 186275483
EFIX,R 186275483 186275820 338 1633.5 1010.6 2627
SSACC,R 186275821
ESACC,R 186275821 186275846 26 1633.2 1013.8 1520.7 1206.0 3.52 259
SFIX,R 186275847
EFIX,R 186275847 186276165 319 1507.1 1212.8 2766
SSACC,R 186276166
ESACC,R 186276166 186276215 50 1506.1 1222.5 1458.5 434.4 12.78 611
SFIX,R 186276216
EFIX,R 186276216 186276465 250 1448.7 426.2 2499
SSACC,R 186276466
SBLINK,R 186276503
EBLINK,R 186276503 186276658 156
ESACC,R 186276466 186276753 288 1447.3 428.6 2215.4 753.6 13.15 1636
SFIX,R 186276754
EFIX,R 186276754 186277471 718 2204.7 808.9 2129
SSACC,R 186277472
ESACC,R 186277472 186277527 56 2200.7 787.4 2168.9 49.4 11.74 476
SFIX,R 186277528
EFIX,R 186277528 186277868 341 2168.6 51.3 2136
SSACC,R 186277869
ESACC,R 186277869 186277900 32 2173.2 53.5 1846.8 63.2 5.06 297
SFIX,R 186277901
EFIX,R 186277901 186278181 281 1828.3 69.9 2202
SSACC,R 186278182
ESACC,R 186278182 186278244 63 1829.3 72.1 949.3 221.0 14.73 457
SFIX,R 186278245
EFIX,R 186278245 186278306 62 932.4 226.4 2535
SSACC,R 186278307
ESACC,R 186278307 186278328 22 932.0 225.8 815.1 232.0 1.99 184
SFIX,R 186278329
EFIX,R 186278329 186278475 147 798.6 239.6 2319
SSACC,R 186278476
ESACC,R 186278476 186278483 8 777.3 239.2 759.8 247.0 0.33 45
SFIX,R 186278484
EFIX,R 186278484 186278896 413 745.2 250.9 1937
SSACC,R 186278897
ESACC,R 186278897 186278927 31 738.9 251.1 1244.2 241.9 8.57 566
SFIX,R 186278928
EFIX,R 186278928 186280253 1326 1293.1 245.2 2266
SSACC,R 186280254
ESACC,R 186280254 186280357 104 1300.4 248.4 595.4 424.8 12.24 175
SFIX,R 186280358
EFIX,R 186280358 186281449 1092 580.7 438.4 2383
SSACC,R 186281450
ESACC,R 186281450 186281493 44 583.3 436.0 395.8 467.0 3.17 92
SFIX,R 186281494
EFIX,R 186281494 186282021 528 374.6 460.8 2481
SSACC,R 186282022
ESACC,R 186282022 186282083 62 370.0 455.5 1213.4 305.6 14.33 385
SFIX,R 186282084
EFIX,R 186282084 186282240 157 1203.6 312.7 2596
SSACC,R 186282241
ESACC,R 186282241 186282299 59 1201.3 311.0 865.4 201.7 6.01 165
SFIX,R 186282300
EFIX,R 186282300 186282534 235 843.7 201.1 2855
SSACC,R 186282535
SBLINK,R 186282565
EBLINK,R 186282565 186282643 79
ESACC,R 186282535 186282678 144 846.1 200.6 932.2 22.9 3.38 1847
SFIX,R 186282679
EFIX,R 186282679 186283000 322 929.0 38.0 2885
SSACC,R 186283001
ESACC,R 186283001 186283072 72 930.9 36.2 1656.3 229.1 12.53 309
SFIX,R 186283073
EFIX,R 186283073 186283352 280 1650.2 233.7 2819
SSACC,R 186283353
ESACC,R 186283353 186283407 55 1645.8 236.3 1506.9 1167.3 15.26 534
SFIX,R 186283408
EFIX,R 186283408 186283800 393 1495.4 1189.5 3050
SSACC,R 186283801
ESACC,R 186283801 186283828 28 1496.2 1204.3 1686.3 1297.9 3.32 242
SFIX,R 186283829
EFIX,R 186283829 186284039 211 1676.6 1292.9 2924
SSACC,R 186284040
ESACC,R 186284040 186284062 23 1666.8 1299.0 1603.5 1150.2 2.50 193
SFIX,R 186284063
EFIX,R 186284063 186284496 434 1580.2 1134.5 3153
SSACC,R 186284497
ESACC,R 186284497 186284512 16 1576.1 1140.2 1514.2 1118.0 1.05 87
SFIX,R 186284513
EFIX,R 186284513 186285471 959 1497.8 1122.6 3113
SSACC,R 186285472
ESACC,R 186285472 186285490 19 1498.1 1174.5 1498.8 1281.4 1.66 122
SFIX,R 186285491
EFIX,R 186285491 186285695 205 1494.6 1270.3 2319
SSACC,R 186285696
ESACC,R 186285696 186285712 17 1493.7 1265.1 1488.9 1188.3 1.19 98
SFIX,R 186285713
EFIX,R 186285713 186286358 646 1486.5 1174.9 2716
SSACC,R 186286359
ESACC,R 186286359 186286388 30 1489.0 1172.6 1555.4 947.0 3.74 190
SFIX,R 186286389
EFIX,R 186286389 186287624 1236 1570.2 928.4 2308
SSACC,R 186287625
ESACC,R 186287625 186287679 55 1561.8 927.9 1058.6 185.9 14.90 621
SFIX,R 186287680
EFIX,R 186287680 186287782 103 1057.8 187.6 2262
SSACC,R 186287783
ESACC,R 186287783 186287799 17 1057.9 183.5 1097.5 231.7 1.07 95
SFIX,R 186287800
EFIX,R 186287800 186288527 728 1083.4 247.4 2004
SSACC,R 186288528
ESACC,R 186288528 186288593 66 1079.2 258.0 1166.9 984.9 12.21 311
SFIX,R 186288594
EFIX,R 186288594 186288915 322 1169.2 982.0 2562
SSACC,R 186288916
ESACC,R 186288916 186288940 25 1167.7 980.2 1236.7 1149.5 2.94 246
SFIX,R 186288941
EFIX,R 186288941 186289768 828 1239.0 1133.0 2748
SSACC,R 186289769
ESACC,R 186289769 186289794 26 1240.2 1123.7 1468.2 1191.2 3.83 281
SFIX,R 186289795
EFIX,R 186289795 186290097 303 1511.5 1202.1 2821
SSACC,R 186290098
ESACC,R 186290098 186290111 14 1515.0 1203.2 1528.2 1162.1 0.67 72
SFIX,R 186290112
EFIX,R 186290112 186290516 405 1534.0 1172.2 2800
SSACC,R 186290517
SBLINK,R 186290544
EBLINK,R 186290544 186290729 186
ESACC,R 186290517 186290817 301 1532.8 1162.4 2055.7 478.8 13.62 822
SFIX,R 186290818
EFIX,R 186290818 186291656 839 2042.8 505.6 2325
SSACC,R 186291657
ESACC,R 186291657 186291720 64 2040.3 521.1 834.0 245.0 20.02 577
SFIX,R 186291721
EFIX,R 186291721 186291854 134 826.6 251.2 2569
SSACC,R 186291855
ESACC,R 186291855 186291866 12 811.1 260.0 778.8 254.6 0.56 60
SFIX,R 186291867
EFIX,R 186291867 186292389 523 750.9 257.4 2006
SSACC,R 186292390
ESACC,R 186292390 186292424 35 749.0 257.6 1352.8 558.5 11.39 645
SFIX,R 186292425
EFIX,R 186292425 186292584 160 1370.3 576.9 1983
SSACC,R 186292585
ESACC,R 186292585 186292590 6 1374.3 577.7 1391.6 576.8 0.29 45
SFIX,R 186292591
EFIX,R 186292591 186293785 1195 1390.1 571.1 2328
SSACC,R 186293786
ESACC,R 186293786 186293855 70 1384.4 575.0 1876.9 992.9 10.42 280
SFIX,R 186293856
EFIX,R 186293856 186294572 717 1878.9 995.1 2317
SSACC,R 186294573
SBLINK,R 186294636
EBLINK,R 186294636 186294794 159
ESACC,R 186294573 186294866 294 1877.7 976.4 1855.3 447.7 8.53 942
SFIX,R 186294867
EFIX,R 186294867 186295401 535 1845.6 485.4 2220
SSACC,R 186295402
ESACC,R 186295402 186295444 43 1843.8 482.9 2004.5 -3.7 8.37 417
SFIX,R 186295445
EFIX,R 186295445 186295955 511 2008.1 -35.3 2122
SSACC,R 186295956
ESACC,R 186295956 186296027 72 2003.1 -38.9 995.1 204.4 16.86 450
SFIX,R 186296028
EFIX,R 186296028 186296052 25 994.1 206.4 2546
SSACC,R 186296053
ESACC,R 186296053 186296073 21 995.2 207.1 895.2 206.8 1.70 136
SFIX,R 186296074
EFIX,R 186296074 186296196 123 850.8 218.6 2524
SSACC,R 186296197
ESACC,R 186296197 186296208 12 836.0 225.8 794.9 244.7 0.77 80
SFIX,R 186296209
EFIX,R 186296209 186296724 516 759.2 255.0 2060
SSACC,R 186296725
ESACC,R 186296725 186296764 40 737.2 249.8 1275.3 846.3 13.49 666
SFIX,R 186296765
EFIX,R 186296765 186296902 138 1277.1 858.4 2009
SSACC,R 186296903
ESACC,R 186296903 186296921 19 1278.8 856.6 1296.2 926.7 1.18 116
SFIX,R 186296922
EFIX,R 186296922 186297232 311 1292.6 922.4 2110
SSACC,R 186297233
ESACC,R 186297233 186297292 60 1291.8 916.8 1747.6 1671.2 13.47 414
SFIX,R 186297293
EFIX,R 186297293 186298151 859 1744.2 1653.3 2497
SSACC,R 186298152
ESACC,R 186298152 186298193 42 1741.8 1642.3 1958.1 1791.1 3.78 162
SFIX,R 186298194
EFIX,R 186298194 186298495 302 2028.5 1780.9 2631
SSACC,R 186298496
ESACC,R 186298496 186298535 40 2024.7 1775.2 2175.9 1768.3 2.13 137
SFIX,R 186298536
EFIX,R 186298536 186298987 452 2169.8 1761.6 2569
SSACC,R 186298988
ESACC,R 186298988 186299075 88 2172.5 1749.8 2498.5 673.8 16.14 731
SFIX,R 186299076
EFIX,R 186299076 186299138 63 2498.0 744.4 2339
SSACC,R 186299139
SBLINK,R 186299204
EBLINK,R 186299204 186299367 164
ESACC,R 186299139 186299440 302 2497.3 775.9 2045.8 1111.3 8.30 465
SFIX,R 186299441
EFIX,R 186299441 186299942 502 2012.9 1219.5 2343
SSACC,R 186299943
ESACC,R 186299943 186299988 46 2004.5 1215.2 2175.0 758.1 7.49 448
SFIX,R 186299989
EFIX,R 186299989 186300297 309 2165.3 801.0 2536
SSACC,R 186300298
ESACC,R 186300298 186300379 82 2163.1 807.0 898.4 255.1 22.06 557
SFIX,R 186300380
EFIX,R 186300380 186300488 109 893.8 251.9 2809
SSACC,R 186300489
ESACC,R 186300489 186300509 21 888.5 253.5 775.4 245.4 1.93 181
SFIX,R 186300510
EFIX,R 186300510 186301344 835 749.0 253.5 1974
SSACC,R 186301345
ESACC,R 186301345 186301378 34 738.7 248.5 1255.3 536.7 10.02 629
SFIX,R 186301379
EFIX,R 186301379 186301519 141 1264.4 565.0 1808
SSACC,R 186301520
ESACC,R 186301520 186301525 6 1267.7 568.4 1283.4 569.3 0.26 41
SFIX,R 186301526
EFIX,R 186301526 186301964 439 1292.2 575.0 2038
SSACC,R 186301965
ESACC,R 186301965 186302080 116 1295.5 576.2 388.4 1154.7 17.57 227
SFIX,R 186302081
EFIX,R 186302081 186302418 338 384.7 1168.9 2473
SSACC,R 186302419
ESACC,R 186302419 186302443 25 381.8 1162.3 537.1 1077.1 2.84 259
SFIX,R 186302444
EFIX,R 186302444 186303210 767 544.2 1062.2 2822
SSACC,R 186303211
ESACC,R 186303211 186303236 26 551.0 1048.2 652.0 973.4 2.05 133
SFIX,R 186303237
EFIX,R 186303237 186303776 540 689.8 961.5 2859
SSACC,R 186303777
ESACC,R 186303777 186303798 22 701.7 954.9 773.6 903.9 1.45 98
SFIX,R 186303799
EFIX,R 186303799 186304804 1006 806.6 900.0 2876
SSACC,R 186304805
SBLINK,R 186304876
EBLINK,R 186304876 186305056 181
ESACC,R 186304805 186305088 284 809.4 888.9 874.8 613.8 4.71 1309
SFIX,R 186305089
EFIX,R 186305089 186305169 81 861.1 617.0 2237
SSACC,R 186305170
ESACC,R 186305170 186305199 30 854.5 615.0 767.5 263.1 6.16 423
SFIX,R 186305200
EFIX,R 186305200 186305863 664 768.3 257.1 2275
SSACC,R 186305864
ESACC,R 186305864 186305896 33 769.5 252.8 969.0 604.9 6.88 412
SFIX,R 186305897
EFIX,R 186305897 186306048 152 972.4 624.6 2418
SSACC,R 186306049
ESACC,R 186306049 186306064 16 971.7 624.2 983.1 682.9 1.01 95
SFIX,R 186306065
EFIX,R 186306065 186306715 651 979.6 680.5 2491
SSACC,R 186306716
ESACC,R 186306716 186306810 95 978.6 683.3 99.1 286.0 15.89 287
SFIX,R 186306811
EFIX,R 186306811 186307125 315 87.9 289.3 2274
SSACC,R 186307126
ESACC,R 186307126 186307201 76 82.0 282.3 -54.7 1439.4 18.08 460
SFIX,R 186307202
EFIX,R 186307202 186307667 466 -44.1 1436.3 2650
SSACC,R 186307668
ESACC,R 186307668 186307704 37 -32.8 1428.7 -42.2 1202.2 3.38 169
SFIX,R 186307705
EFIX,R 186307705 186308107 403 -32.5 1189.5 2928
SSACC,R 186308108
ESACC,R 186308108 186308139 32 -21.3 1176.3 384.9 1138.8 6.35 432
SFIX,R 186308140
EFIX,R 186308140 186308847 708 383.8 1136.4 3080
SSACC,R 186308848
ESACC,R 186308848 186308909 62 379.6 1141.4 1355.7 1107.3 15.73 471
SFIX,R 186308910
EFIX,R 186308910 186309119 210 1349.6 1107.8 2889
SSACC,R 186309120
ESACC,R 186309120 186309143 24 1347.9 1106.4 1500.4 1210.0 2.94 249
SFIX,R 186309144
EFIX,R 186309144 186309578 435 1505.4 1215.8 2877
SSACC,R 186309579
ESACC,R 186309579 186309627 49 1503.0 1215.0 1776.5 1940.6 11.18 515
SFIX,R 186309628
EFIX,R 186309628 186309816 189 1775.9 1947.0 2777
SSACC,R 186309817
ESACC,R 186309817 186309854 38 1775.4 1949.1 1718.8 1602.8 4.84 205
SFIX,R 186309855
EFIX,R 186309855 186310147 293 1716.7 1588.7 2787
SSACC,R 186310148
ESACC,R 186310148 186310185 38 1714.8 1585.3 1797.0 1231.6 5.39 405
SFIX,R 186310186
EFIX,R 186310186 186310428 243 1792.0 1225.4 2690
SSACC,R 186310429
SBLINK,R 186310456
EBLINK,R 186310456 186310703 248
ESACC,R 186310429 186310749 321 1795.2 1220.0 820.6 1110.6 15.60 574
SFIX,R 186310750
EFIX,R 186310750 186310938 189 810.2 1134.3 2450
SSACC,R 186310939
ESACC,R 186310939 186310995 57 801.2 1127.3 782.6 262.8 14.27 546
SFIX,R 186310996
EFIX,R 186310996 186311635 640 762.5 256.6 2018
SSACC,R 186311636
ESACC,R 186311636 186311669 34 738.2 252.2 762.1 569.8 5.42 405
SFIX,R 186311670
EFIX,R 186311670 186315280 3611 764.9 593.1 2192
SSACC,R 186315281
ESACC,R 186315281 186315315 35 768.3 611.1 776.6 309.0 5.14 413
SFIX,R 186315316
EFIX,R 186315316 186315455 140 773.0 293.8 2177
SSACC,R 186315456
ESACC,R 186315456 186315463 8 770.5 284.5 760.1 260.1 0.45 57
SFIX,R 186315464
EFIX,R 186315464 186316291 828 766.6 262.3 2291
SSACC,R 186316292
ESACC,R 186316292 186316328 37 758.9 264.8 1260.2 438.7 8.99 467
SFIX,R 186316329
EFIX,R 186316329 186316470 142 1270.8 452.5 2224
SSACC,R 186316471
ESACC,R 186316471 186316477 7 1274.5 452.8 1292.2 458.3 0.31 50
SFIX,R 186316478
EFIX,R 186316478 186317334 857 1297.7 460.7 2301
SSACC,R 186317335
ESACC,R 186317335 186317382 48 1295.8 458.0 1109.6 936.6 8.56 383
SFIX,R 186317383
EFIX,R 186317383 186317923 541 1100.3 958.7 2489
SSACC,R 186317924
SBLINK,R 186318005
EBLINK,R 186318005 186318141 137
ESACC,R 186317924 186318184 261 1099.1 948.8 -26.1 901.7 18.00 670
SFIX,R 186318185
EFIX,R 186318185 186318957 773 -11.5 905.2 2483
SSACC,R 186318958
ESACC,R 186318958 186319008 51 3.6 899.2 -136.0 215.6 11.20 489
SFIX,R 186319009
EFIX,R 186319009 186319594 586 -147.9 201.7 2408
SSACC,R 186319595
ESACC,R 186319595 186319663 69 -152.6 203.2 -35.9 737.7 8.83 198
SFIX,R 186319664
EFIX,R 186319664 186319873 210 -42.6 739.3 2637
SSACC,R 186319874
ESACC,R 186319874 186319918 45 -55.8 739.5 579.8 368.5 11.93 699
SFIX,R 186319919
EFIX,R 186319919 186319947 29 581.3 373.6 2468
SSACC,R 186319948
ESACC,R 186319948 186319979 32 581.2 375.3 764.1 272.5 3.55 305
SFIX,R 186319980
EFIX,R 186319980 186320907 928 759.0 257.1 2102
SSACC,R 186320908
ESACC,R 186320908 186320940 33 750.9 259.4 761.7 705.0 7.55 439
SFIX,R 186320941
EFIX,R 186320941 186321071 131 757.8 716.0 2132
SSACC,R 186321072
ESACC,R 186321072 186321092 21 759.8 714.2 741.2 798.9 1.44 141
SFIX,R 186321093
EFIX,R 186321093 186322439 1347 751.8 793.9 2428
SSACC,R 186322440
ESACC,R 186322440 186322517 78 757.1 792.1 -15.9 526.2 13.24 262
SFIX,R 186322518
EFIX,R 186322518 186323083 566 -19.0 525.0 2358
SSACC,R 186323084
ESACC,R 186323084 186323170 87 -1.4 524.9 1107.9 861.4 18.78 395
SFIX,R 186323171
EFIX,R 186323171 186323681 511 1104.8 857.0 2740
SSACC,R 186323682
ESACC,R 186323682 186323740 59 1106.7 855.2 1566.9 1156.4 8.92 253
SFIX,R 186323741
EFIX,R 186323741 186324117 377 1574.0 1162.9 2621
SSACC,R 186324118
ESACC,R 186324118 186324138 21 1577.2 1165.1 1519.5 1085.9 1.55 117
SFIX,R 186324139
EFIX,R 186324139 186325026 888 1494.3 1045.6 2784
SSACC,R 186325027
ESACC,R 186325027 186325074 48 1490.7 1039.8 1691.4 1071.4 3.25 97
SFIX,R 186325075
EFIX,R 186325075 186325600 526 1739.9 1100.3 2699
SSACC,R 186325601
ESACC,R 186325601 186325621 21 1737.2 1095.2 1642.4 1056.3 1.62 107
SFIX,R 186325622
EFIX,R 186325622 186326254 633 1584.3 1037.8 2856
SSACC,R 186326255
ESACC,R 186326255 186326289 35 1583.8 1035.1 1235.3 1095.6 5.73 300
SFIX,R 186326290
EFIX,R 186326290 186327283 994 1214.0 1104.7 2963
SSACC,R 186327284
SBLINK,R 186327302
EBLINK,R 186327302 186327421 120
ESACC,R 186327284 186327457 174 1214.9 1108.6 978.6 125.6 16.71 1785
SFIX,R 186327458
EFIX,R 186327458 186327660 203 958.0 129.1 2276
SSACC,R 186327661
ESACC,R 186327661 186327666 6 954.5 122.4 952.1 107.0 0.27 50
SFIX,R 186327667
EFIX,R 186327667 186327857 191 957.9 126.7 2112
SSACC,R 186327858
ESACC,R 186327858 186327922 65 953.8 128.9 1839.4 19.1 14.69 428
SFIX,R 186327923
EFIX,R 186327923 186328229 307 1832.9 31.3 2077
SSACC,R 186328230
ESACC,R 186328230 186328295 66 1826.1 29.4 2054.8 887.1 14.29 409
SFIX,R 186328296
EFIX,R 186328296 186328821 526 2047.8 887.5 2379
SSACC,R 186328822
ESACC,R 186328822 186328848 27 2044.5 889.0 1831.0 805.2 3.56 278
SFIX,R 186328849
EFIX,R 186328849 186329950 1102 1797.2 801.9 2550
SSACC,R 186329951
ESACC,R 186329951 186330025 75 1798.1 815.3 780.0 268.6 18.99 528
SFIX,R 186330026
EFIX,R 186330026 186330754 729 750.8 252.9 2090
SSACC,R 186330755
ESACC,R 186330755 186330776 22 743.4 244.5 740.4 368.3 2.12 183
SFIX,R 186330777
EFIX,R 186330777 186331255 479 741.7 360.7 2119
SSACC,R 186331256
ESACC,R 186331256 186331306 51 746.2 356.3 990.2 716.1 7.35 209
SFIX,R 186331307
EFIX,R 186331307 186331967 661 1017.7 763.2 2498
SSACC,R 186331968
SBLINK,R 186332017
EBLINK,R 186332017 186332152 136
ESACC,R 186331968 186332232 265 1018.7 767.5 2122.6 1008.2 17.85 593
SFIX,R 186332233
EFIX,R 186332233 186332558 326 2105.1 1093.0 2009
SSACC,R 186332559
ESACC,R 186332559 186332617 59 2105.9 1104.4 2473.7 924.2 5.95 164
SFIX,R 186332618
EFIX,R 186332618 186332731 114 2480.8 908.7 2128
SSACC,R 186332732
ESACC,R 186332732 186332789 58 2479.3 922.6 1968.3 662.6 8.52 260
SFIX,R 186332790
EFIX,R 186332790 186332935 146 1968.6 647.0 2410
SSACC,R 186332936
ESACC,R 186332936 186332998 63 1962.9 647.8 2431.3 708.0 7.01 201
SFIX,R 186332999
EFIX,R 186332999 186333213 215 2463.0 762.0 2278
SSACC,R 186333214
ESACC,R 186333214 186333258 45 2455.8 782.4 2382.8 229.9 8.65 423
SFIX,R 186333259
EFIX,R 186333259 186333426 168 2375.1 197.4 2120
SSACC,R 186333427
ESACC,R 186333427 186333462 36 2374.0 204.3 1712.9 218.6 10.12 593
SFIX,R 186333463
EFIX,R 186333463 186333609 147 1706.8 236.4 1879
SSACC,R 186333610
ESACC,R 186333610 186333665 56 1708.8 237.6 1428.4 1292.1 17.50 584
SFIX,R 186333666
EFIX,R 186333666 186333864 199 1428.6 1293.8 1409
SSACC,R 186333865
ESACC,R 186333865 186333877 13 1431.9 1303.0 1476.5 1313.0 0.72 66
SFIX,R 186333878
EFIX,R 186333878 186334209 332 1481.1 1294.7 1589
SSACC,R 186334210
ESACC,R 186334210 186334239 30 1479.2 1276.5 1168.3 1006.2 6.59 442
SFIX,R 186334240
EFIX,R 186334240 186334389 150 1124.9 988.7 2136
SSACC,R 186334390
ESACC,R 186334390 186334415 26 1122.3 985.5 984.3 744.2 4.59 380
SFIX,R 186334416
EFIX,R 186334416 186334647 232 958.9 734.4 1617
SSACC,R 186334648
ESACC,R 186334648 186334684 37 946.8 738.8 699.4 197.9 10.06 601
SFIX,R 186334685
EFIX,R 186334685 186334803 119 696.7 200.3 1073
SSACC,R 186334804
ESACC,R 186334804 186334812 9 695.0 204.7 708.7 230.1 0.49 59
SFIX,R 186334813
EFIX,R 186334813 186335649 837 738.8 244.9 1835
SSACC,R 186335650
ESACC,R 186335650 186335685 36 751.5 257.6 1270.2 578.0 10.32 594
SFIX,R 186335686
EFIX,R 186335686 186335837 152 1282.0 588.1 2073
SSACC,R 186335838
ESACC,R 186335838 186335845 8 1281.3 585.7 1289.4 561.5 0.43 61
SFIX,R 186335846
EFIX,R 186335846 186336559 714 1286.6 564.0 2355
SSACC,R 186336560
ESACC,R 186336560 186336685 126 1288.5 563.0 748.2 1679.8 19.38 305
SFIX,R 186336686
EFIX,R 186336686 186337317 632 742.5 1689.8 2635
SSACC,R 186337318
ESACC,R 186337318 186337375 58 748.0 1682.7 1494.9 1163.1 14.11 469
SFIX,R 186337376
EFIX,R 186337376 186338071 696 1486.0 1154.5 2766
SSACC,R 186338072
ESACC,R 186338072 186338143 72 1482.5 1150.8 1612.6 1963.6 11.86 344
SFIX,R 186338144
EFIX,R 186338144 186338563 420 1605.7 1969.3 2629
SSACC,R 186338564
ESACC,R 186338564 186338611 48 1604.5 1966.6 1576.1 1258.3 10.10 566
SFIX,R 186338612
EFIX,R 186338612 186338799 188 1571.3 1251.2 2654
SSACC,R 186338800
ESACC,R 186338800 186338819 20 1571.0 1247.6 1528.8 1180.4 1.24 87
SFIX,R 186338820
EFIX,R 186338820 186339701 882 1498.8 1171.5 2723
SSACC,R 186339702
ESACC,R 186339702 186339726 25 1501.4 1155.7 1513.1 1064.9 1.45 74
SFIX,R 186339727
EFIX,R 186339727 186340062 336 1502.6 1011.7 2634
SSACC,R 186340063
ESACC,R 186340063 186340118 56 1497.3 1011.8 1901.1 986.5 6.39 281
SFIX,R 186340119
EFIX,R 186340119 186341534 1416 1906.8 982.7 2430
SSACC,R 186341535
ESACC,R 186341535 186341606 72 1910.1 995.3 826.1 265.4 21.22 558
SFIX,R 186341607
EFIX,R 186341607 186343673 2067 771.6 254.3 2153
SSACC,R 186343674
SBLINK,R 186343748
EBLINK,R 186343748 186343879 132
ESACC,R 186343674 186343918 245 775.8 254.2 -201.2 923.0 18.99 1278
SFIX,R 186343919
EFIX,R 186343919 186344142 224 -201.1 921.0 1942
SSACC,R 186344143
ESACC,R 186344143 186344216 74 -196.0 913.4 549.5 1012.0 11.75 349
SFIX,R 186344217
EFIX,R 186344217 186344362 146 557.9 1007.9 2317
SSACC,R 186344363
ESACC,R 186344363 186344402 40 562.7 999.9 782.5 294.3 12.28 744
SFIX,R 186344403
EFIX,R 186344403 186344534 132 784.5 284.1 2438
SSACC,R 186344535
ESACC,R 186344535 186344542 8 781.6 271.4 773.9 257.4 0.27 43
SFIX,R 186344543
EFIX,R 186344543 186345005 463 761.8 246.5 2335
SSACC,R 186345006
ESACC,R 186345006 186345036 31 744.6 244.8 1058.3 455.6 6.43 431
SFIX,R 186345037
EFIX,R 186345037 186346229 1193 1080.6 465.8 2232
SSACC,R 186346230
ESACC,R 186346230 186346300 71 1074.7 466.4 1760.1 989.8 14.12 334
SFIX,R 186346301
EFIX,R 186346301 186346643 343 1767.4 1021.0 2151
SSACC,R 186346644
ESACC,R 186346644 186346668 25 1772.0 1015.7 1643.0 1235.3 3.98 340
SFIX,R 186346669
EFIX,R 186346669 186347246 578 1625.1 1230.9 2549
SSACC,R 186347247
ESACC,R 186347247 186347269 23 1621.1 1224.5 1474.1 1214.3 2.34 189
SFIX,R 186347270
EFIX,R 186347270 186347884 615 1459.6 1204.3 2809
SSACC,R 186347885
SBLINK,R 186347903
EBLINK,R 186347903 186348123 221
ESACC,R 186347885 186348182 298 1456.3 1205.6 1419.1 966.7 3.84 535
SFIX,R 186348183
EFIX,R 186348183 186348264 82 1404.3 1016.0 2565
SSACC,R 186348265
ESACC,R 186348265 186348303 39 1399.5 1031.3 1506.7 1178.3 2.90 118
SFIX,R 186348304
EFIX,R 186348304 186348810 507 1500.0 1173.8 2649
SSACC,R 186348811
ESACC,R 186348811 186348843 33 1497.9 1156.9 1123.8 1185.2 6.06 379
SFIX,R 186348844
EFIX,R 186348844 186349025 182 1099.4 1182.3 3041
SSACC,R 186349026
ESACC,R 186349026 186349064 39 1095.1 1176.0 1458.2 1196.9 5.88 270
SFIX,R 186349065
EFIX,R 186349065 186349409 345 1474.4 1195.7 2930
SSACC,R 186349410
ESACC,R 186349410 186349436 27 1474.8 1205.2 1578.1 1290.6 2.10 115
SFIX,R 186349437
EFIX,R 186349437 186350180 744 1599.8 1325.9 2781
SSACC,R 186350181
ESACC,R 186350181 186350205 25 1594.0 1341.4 1517.2 1426.1 1.75 97
SFIX,R 186350206
EFIX,R 186350206 186350573 368 1508.7 1415.9 2777
SSACC,R 186350574
ESACC,R 186350574 186350592 19 1502.6 1420.0 1403.9 1446.6 1.60 136
SFIX,R 186350593
EFIX,R 186350593 186351105 513 1384.9 1446.9 2760
SSACC,R 186351106
ESACC,R 186351106 186351139 34 1384.1 1451.2 1713.8 1447.3 5.12 310
SFIX,R 186351140
EFIX,R 186351140 186351594 455 1720.7 1455.5 2641
SSACC,R 186351595
ESACC,R 186351595 186351610 16 1721.6 1456.5 1747.7 1396.0 0.98 85
SFIX,R 186351611
EFIX,R 186351611 186352108 498 1755.8 1356.2 2609
SSACC,R 186352109
ESACC,R 186352109 186352135 27 1767.1 1347.4 1721.5 1197.5 2.39 155
SFIX,R 186352136
EFIX,R 186352136 186353314 1179 1719.7 1185.1 2653
SSACC,R 186353315
ESACC,R 186353315 186353390 76 1725.1 1175.5 2099.4 281.5 15.30 410
SFIX,R 186353391
EFIX,R 186353391 186355454 2064 2096.5 279.4 2178
SSACC,R 186355455
ESACC,R 186355455 186355527 73 2094.3 278.6 2411.8 598.5 6.92 146
SFIX,R 186355528
EFIX,R 186355528 186355818 291 2414.0 602.1 2040
SSACC,R 186355819
ESACC,R 186355819 186355939 121 2417.6 612.2 2424.7 1247.2 9.54 145
SFIX,R 186355940
EFIX,R 186355940 186356087 148 2316.8 1492.8 2170
SSACC,R 186356088
ESACC,R 186356088 186356195 108 2257.8 1601.5 1329.4 1770.1 13.74 230
SFIX,R 186356196
EFIX,R 186356196 186356601 406 1324.3 1757.2 2641
SSACC,R 186356602
ESACC,R 186356602 186356637 36 1325.4 1747.7 865.3 1953.9 7.55 392
SFIX,R 186356638
EFIX,R 186356638 186356998 361 817.2 1990.3 2831
SSACC,R 186356999
ESACC,R 186356999 186357020 22 763.2 2015.3 658.1 2044.1 1.61 93
SFIX,R 186357021
EFIX,R 186357021 186357271 251 598.8 2094.0 2662
SSACC,R 186357272
ESACC,R 186357272 186357296 25 575.7 2112.4 640.7 2075.7 1.07 95
SFIX,R 186357297
EFIX,R 186357297 186357571 275 626.7 2090.8 2258
SSACC,R 186357572
SBLINK,R 186357582
EBLINK,R 186357582 186357582 1
ESACC,R 186357572 186357591 20 575.7 2112.4 640.7 2075.7 1.06 0
SFIX,R 186357592
EFIX,R 186357592 186357634 43 594.6 2136.0 1955
SSACC,R 186357635
SBLINK,R 186357645
EBLINK,R 186357645 186357839 195
ESACC,R 186357635 186357862 228 601.8 2123.2 1007.0 870.6 19.17 463
SFIX,R 186357863
EFIX,R 186357863 186358127 265 993.9 857.0 1906
SSACC,R 186358128
ESACC,R 186358128 186358161 34 987.0 847.2 1438.7 1227.0 9.57 559
SFIX,R 186358162
EFIX,R 186358162 186358484 323 1453.9 1238.8 2225
SSACC,R 186358485
ESACC,R 186358485 186358499 15 1459.7 1226.2 1476.5 1177.5 0.81 70
SFIX,R 186358500
EFIX,R 186358500 186358979 480 1477.0 1158.1 2698
SSACC,R 186358980
ESACC,R 186358980 186359006 27 1477.4 1156.9 1240.0 1078.9 4.04 263
SFIX,R 186359007
EFIX,R 186359007 186359321 315 1177.2 1050.0 2892
SSACC,R 186359322
ESACC,R 186359322 186359347 26 1171.8 1048.7 1079.3 989.0 1.81 104
SFIX,R 186359348
EFIX,R 186359348 186359428 81 1024.5 964.2 2844
SSACC,R 186359429
ESACC,R 186359429 186359469 41 1013.2 961.7 788.2 1025.4 3.87 144
SFIX,R 186359470
EFIX,R 186359470 186359769 300 781.3 1028.2 2859
SSACC,R 186359770
ESACC,R 186359770 186359794 25 784.5 1022.9 589.1 1123.1 3.58 294
SFIX,R 186359795
EFIX,R 186359795 186360701 907 565.0 1136.5 2968
SSACC,R 186360702
ESACC,R 186360702 186360743 42 566.9 1135.0 644.1 975.0 2.86 107
SFIX,R 186360744
EFIX,R 186360744 186361108 365 639.8 972.7 2981
SSACC,R 186361109
ESACC,R 186361109 186361140 32 637.5 975.2 912.4 1011.5 4.58 247
SFIX,R 186361141
EFIX,R 186361141 186362474 1334 943.1 1026.9 2937
SSACC,R 186362475
ESACC,R 186362475 186362517 43 943.6 1028.0 1178.7 1172.6 4.50 159
SFIX,R 186362518
EFIX,R 186362518 186363508 991 1231.4 1194.6 2868
SSACC,R 186363509
ESACC,R 186363509 186363538 30 1215.1 1221.6 1474.9 1294.5 4.31 279
SFIX,R 186363539
EFIX,R 186363539 186363793 255 1476.3 1325.2 1657
SSACC,R 186363794
ESACC,R 186363794 186363807 14 1477.5 1326.6 1480.1 1273.2 0.82 84
SFIX,R 186363808
EFIX,R 186363808 186364582 775 1470.5 1244.9 1810
SSACC,R 186364583
ESACC,R 186364583 186364602 20 1464.7 1237.4 1501.4 1309.9 1.26 100
SFIX,R 186364603
EFIX,R 186364603 186365079 477 1494.7 1305.5 1682
SSACC,R 186365080
ESACC,R 186365080 186365093 14 1492.0 1293.1 1480.6 1353.8 0.94 84
SFIX,R 186365094
EFIX,R 186365094 186365461 368 1484.8 1353.4 1950
SSACC,R 186365462
ESACC,R 186365462 186365469 8 1486.8 1353.6 1482.4 1329.4 0.37 51
SFIX,R 186365470
EFIX,R 186365470 186366146 677 1483.4 1333.3 1950
SSACC,R 186366147
ESACC,R 186366147 186366168 22 1480.1 1333.5 1460.8 1224.8 1.70 164
SFIX,R 186366169
EFIX,R 186366169 186366579 411 1461.3 1227.9 1832
SSACC,R 186366580
ESACC,R 186366580 186366621 42 1459.9 1214.1 1304.7 766.7 7.62 460
SFIX,R 186366622
EFIX,R 186366622 186366991 370 1293.9 747.2 2350
SSACC,R 186366992
ESACC,R 186366992 186367047 56 1296.9 728.8 1175.5 21.2 12.11 420
SFIX,R 186367048
EFIX,R 186367048 186367652 605 1167.1 8.1 2528
SSACC,R 186367653
ESACC,R 186367653 186367698 46 1166.7 8.9 1225.8 -357.3 6.25 397
SFIX,R 186367699
EFIX,R 186367699 186368019 321 1225.4 -339.5 2338
SSACC,R 186368020
ESACC,R 186368020 186368097 78 1223.2 -329.7 1372.8 841.0 19.54 545
SFIX,R 186368098
EFIX,R 186368098 186368398 301 1371.3 847.9 2641
SSACC,R 186368399
ESACC,R 186368399 186368438 40 1370.6 846.4 1101.4 449.5 8.02 392
SFIX,R 186368439
EFIX,R 186368439 186368859 421 1087.6 449.7 2446
SSACC,R 186368860
ESACC,R 186368860 186368888 29 1084.7 462.5 815.5 294.4 5.40 388
SFIX,R 186368889
EFIX,R 186368889 186369020 132 795.0 295.4 2328
SSACC,R 186369021
ESACC,R 186369021 186369030 10 790.1 294.4 763.2 268.1 0.64 69
SFIX,R 186369031
EFIX,R 186369031 186369878 848 753.3 261.2 2113
SSACC,R 186369879
ESACC,R 186369879 186369913 35 744.5 254.1 1085.4 733.8 9.95 575
SFIX,R 186369914
EFIX,R 186369914 186370051 138 1084.9 746.2 2125
SSACC,R 186370052
ESACC,R 186370052 186370066 15 1087.5 739.5 1083.2 781.6 0.71 69
SFIX,R 186370067
EFIX,R 186370067 186371103 1037 1081.9 780.1 2456
SSACC,R 186371104
ESACC,R 186371104 186371174 71 1083.6 777.7 987.4 1700.6 14.26 354
SFIX,R 186371175
EFIX,R 186371175 186371599 425 984.9 1712.3 2672
SSACC,R 186371600
ESACC,R 186371600 186371662 63 985.4 1713.3 1592.4 1238.8 11.81 303
SFIX,R 186371663
EFIX,R 186371663 186372170 508 1594.7 1228.3 2753
SSACC,R 186372171
ESACC,R 186372171 186372218 48 1595.8 1219.7 1819.5 1806.8 9.16 417
SFIX,R 186372219
EFIX,R 186372219 186372499 281 1816.5 1831.1 2657
SSACC,R 186372500
ESACC,R 186372500 186372555 56 1813.3 1836.4 1552.3 1185.5 10.24 376
SFIX,R 186372556
EFIX,R 186372556 186372958 403 1542.7 1173.5 2888
SSACC,R 186372959
SBLINK,R 186372992
EBLINK,R 186372992 186373169 178
ESACC,R 186372959 186373235 277 1547.2 1172.3 2324.1 767.5 13.36 597
SFIX,R 186373236
EFIX,R 186373236 186373353 118 2320.8 698.9 2547
SSACC,R 186373354
ESACC,R 186373354 186373400 47 2316.2 758.3 1596.9 1115.3 12.26 442
SFIX,R 186373401
EFIX,R 186373401 186373820 420 1560.7 1135.1 2737
SSACC,R 186373821
ESACC,R 186373821 186373880 60 1559.3 1119.0 870.3 259.4 18.10 593
SFIX,R 186373881
EFIX,R 186373881 186374016 136 859.4 251.7 2798
SSACC,R 186374017
ESACC,R 186374017 186374033 17 841.8 255.9 782.0 248.2 1.03 104
SFIX,R 186374034
EFIX,R 186374034 186374821 788 745.0 249.6 1962
SSACC,R 186374822
ESACC,R 186374822 186374859 38 741.0 258.0 1156.4 855.0 12.23 648
SFIX,R 186374860
EFIX,R 186374860 186375003 144 1159.0 875.8 2086
SSACC,R 186375004
ESACC,R 186375004 186375012 9 1160.8 879.4 1183.7 901.3 0.52 65
SFIX,R 186375013
EFIX,R 186375013 186375723 711 1186.4 902.1 2335
SSACC,R 186375724
ESACC,R 186375724 186375773 50 1189.1 895.9 1591.9 1210.9 8.23 282
SFIX,R 186375774
EFIX,R 186375774 186376095 322 1602.5 1245.0 2435
SSACC,R 186376096
ESACC,R 186376096 186376118 23 1603.6 1238.4 1539.3 1186.8 1.29 76
SFIX,R 186376119
EFIX,R 186376119 186376466 348 1491.4 1179.4 2602
SSACC,R 186376467
ESACC,R 186376467 186376478 12 1496.0 1176.9 1517.9 1136.1 0.73 78
SFIX,R 186376479
EFIX,R 186376479 186377722 1244 1541.9 1109.1 2638
SSACC,R 186377723
SBLINK,R 186377750
EBLINK,R 186377750 186378025 276
ESACC,R 186377723 186378067 345 1542.0 1116.9 1757.6 659.7 8.11 794
SFIX,R 186378068
EFIX,R 186378068 186378424 357 1727.9 752.3 2108
SSACC,R 186378425
ESACC,R 186378425 186378436 12 1719.3 755.4 1680.2 738.8 0.68 68
SFIX,R 186378437
EFIX,R 186378437 186380409 1973 1669.6 739.4 2275
SSACC,R 186380410
ESACC,R 186380410 186380461 52 1672.1 753.8 1346.7 1321.2 10.39 444
SFIX,R 186380462
EFIX,R 186380462 186381004 543 1332.5 1363.4 2327
SSACC,R 186381005
ESACC,R 186381005 186381024 20 1337.3 1351.7 1363.6 1274.7 1.26 83
SFIX,R 186381025
EFIX,R 186381025 186381947 923 1450.1 1132.9 2728
SSACC,R 186381948
SBLINK,R 186381968
EBLINK,R 186381968 186382199 232
ESACC,R 186381948 186382245 298 1452.6 1121.8 1508.6 1122.1 0.90 878
SFIX,R 186382246
EFIX,R 186382246 186383473 1228 1496.8 1134.9 2756
SSACC,R 186383474
ESACC,R 186383474 186383567 94 1496.3 1134.6 753.0 324.2 18.07 394
SFIX,R 186383568
EFIX,R 186383568 186383666 99 739.4 318.3 2733
SSACC,R 186383667
ESACC,R 186383667 186383685 19 726.2 316.9 778.3 272.0 1.17 114
SFIX,R 186383686
EFIX,R 186383686 186384259 574 747.8 252.6 2089
SSACC,R 186384260
ESACC,R 186384260 186384269 10 760.4 250.7 796.3 264.7 0.66 74
SFIX,R 186384270
EFIX,R 186384270 186384391 122 798.2 271.4 2358
SSACC,R 186384392
ESACC,R 186384392 186384399 8 794.8 267.2 778.2 253.1 0.37 53
SFIX,R 186384400
EFIX,R 186384400 186384584 185 772.1 251.8 2463
SSACC,R 186384585
ESACC,R 186384585 186384619 35 774.7 254.8 1081.6 609.1 7.96 450
SFIX,R 186384620
EFIX,R 186384620 186384767 148 1080.5 621.7 2660
SSACC,R 186384768
ESACC,R 186384768 186384784 17 1078.6 619.2 1085.5 680.4 1.04 99
SFIX,R 186384785
EFIX,R 186384785 186385460 676 1081.7 679.5 2489
SSACC,R 186385461
ESACC,R 186385461 186385529 69 1075.9 683.1 1601.5 1179.4 11.74 291
SFIX,R 186385530
EFIX,R 186385530 186386130 601 1615.7 1195.9 2497
SSACC,R 186386131
ESACC,R 186386131 186386152 22 1619.8 1195.5 1477.2 1176.0 2.29 199
SFIX,R 186386153
EFIX,R 186386153 186386322 170 1465.2 1166.1 2772
SSACC,R 186386323
ESACC,R 186386323 186386336 14 1465.3 1162.4 1519.6 1155.5 0.88 75
SFIX,R 186386337
EFIX,R 186386337 186386913 577 1536.5 1161.3 2864
SSACC,R 186386914
ESACC,R 186386914 186386943 30 1535.6 1169.5 1576.5 980.1 3.07 152
SFIX,R 186386944
EFIX,R 186386944 186388025 1082 1580.3 953.5 2710
SSACC,R 186388026
ESACC,R 186388026 186388090 65 1574.3 963.9 2157.6 418.1 12.64 297
SFIX,R 186388091
EFIX,R 186388091 186388335 245 2211.0 403.3 2132
SSACC,R 186388336
ESACC,R 186388336 186388414 79 2219.3 403.9 893.0 373.5 21.09 520
SFIX,R 186388415
EFIX,R 186388415 186388527 113 890.6 370.4 2556
SSACC,R 186388528
ESACC,R 186388528 186388550 23 885.3 368.9 791.9 258.2 2.47 219
SFIX,R 186388551
EFIX,R 186388551 186389144 594 771.1 268.9 2257
SSACC,R 186389145
ESACC,R 186389145 186389179 35 764.0 264.9 1357.6 360.0 10.15 645
SFIX,R 186389180
EFIX,R 186389180 186389313 134 1370.5 369.1 2086
SSACC,R 186389314
ESACC,R 186389314 186389321 8 1375.6 367.9 1402.5 364.1 0.46 61
SFIX,R 186389322
EFIX,R 186389322 186389716 395 1401.7 357.2 2196
SSACC,R 186389717
ESACC,R 186389717 186389777 61 1402.2 349.6 1649.3 1028.0 11.84 360
SFIX,R 186389778
EFIX,R 186389778 186390373 596 1649.6 1047.0 2475
SSACC,R 186390374
ESACC,R 186390374 186390401 28 1650.5 1043.5 1922.7 1069.1 4.27 324
SFIX,R 186390402
EFIX,R 186390402 186391111 710 1929.6 1072.4 2547
SSACC,R 186391112
ESACC,R 186391112 186391185 74 1932.7 1062.7 2324.3 1558.8 9.24 277
SFIX,R 186391186
EFIX,R 186391186 186391381 196 2321.9 1552.8 2540
SSACC,R 186391382
ESACC,R 186391382 186391440 59 2316.2 1549.0 1655.3 1171.3 11.22 394
SFIX,R 186391441
EFIX,R 186391441 186391999 559 1652.3 1166.3 2800
SSACC,R 186392000
ESACC,R 186392000 186392098 99 1648.4 1165.1 302.2 1011.2 21.52 342
SFIX,R 186392099
EFIX,R 186392099 186392283 185 293.3 1016.4 2936
SSACC,R 186392284
ESACC,R 186392284 186392335 52 277.9 1024.3 -49.6 1705.4 11.23 506
SFIX,R 186392336
EFIX,R 186392336 186392690 355 -65.1 1700.9 2722
SSACC,R 186392691
ESACC,R 186392691 186392757 67 -78.0 1690.5 692.4 406.8 23.01 868
SFIX,R 186392758
EFIX,R 186392758 186392869 112 690.2 415.6 2727
SSACC,R 186392870
ESACC,R 186392870 186392894 25 689.4 419.7 785.6 264.6 3.11 285
SFIX,R 186392895
EFIX,R 186392895 186393688 794 755.1 256.9 2083
SSACC,R 186393689
ESACC,R 186393689 186393726 38 746.1 256.3 1386.5 234.5 10.81 632
SFIX,R 186393727
EFIX,R 186393727 186394129 403 1408.0 234.9 2098
SSACC,R 186394130
ESACC,R 186394130 186394187 58 1417.4 236.0 1527.4 1105.2 14.35 447
SFIX,R 186394188
EFIX,R 186394188 186394599 412 1528.3 1142.1 2428
SSACC,R 186394600
ESACC,R 186394600 186394621 22 1534.4 1140.1 1469.7 1225.9 1.69 129
SFIX,R 186394622
EFIX,R 186394622 186394953 332 1464.9 1206.0 2742
SSACC,R 186394954
ESACC,R 186394954 186394965 12 1464.3 1192.2 1493.2 1224.3 0.68 73
SFIX,R 186394966
EFIX,R 186394966 186396238 1273 1499.6 1240.6 2938
SSACC,R 186396239
ESACC,R 186396239 186396265 27 1494.1 1248.8 1245.0 1130.1 4.42 332
SFIX,R 186396266
EFIX,R 186396266 186396673 408 1222.8 1125.5 2920
SSACC,R 186396674
ESACC,R 186396674 186396732 59 1221.0 1123.4 543.0 1544.2 12.59 402
SFIX,R 186396733
EFIX,R 186396733 186397231 499 495.4 1570.9 2935
SSACC,R 186397232
ESACC,R 186397232 186397290 59 491.9 1573.5 783.8 627.0 15.53 670
SFIX,R 186397291
EFIX,R 186397291 186397344 54 787.3 627.5 2870
SSACC,R 186397345
ESACC,R 186397345 186397388 44 786.7 621.7 821.1 312.8 5.28 241
SFIX,R 186397389
EFIX,R 186397389 186397428 40 819.5 311.5 2650
SSACC,R 186397429
ESACC,R 186397429 186397441 13 816.7 309.2 770.6 301.0 0.80 84
SFIX,R 186397442
EFIX,R 186397442 186397554 113 754.4 298.3 2183
SSACC,R 186397555
ESACC,R 186397555 186397565 11 742.2 295.2 762.1 264.2 0.63 66
SFIX,R 186397566
EFIX,R 186397566 186398008 443 755.7 261.9 1938
SSACC,R 186398009
ESACC,R 186398009 186398040 32 759.6 264.7 1163.3 570.3 8.59 569
SFIX,R 186398041
EFIX,R 186398041 186398217 177 1188.1 594.7 2204
SSACC,R 186398218
ESACC,R 186398218 186398225 8 1190.2 593.7 1197.1 570.1 0.42 56
SFIX,R 186398226
EFIX,R 186398226 186399404 1179 1185.0 565.6 2416
SSACC,R 186399405
ESACC,R 186399405 186399494 90 1171.5 569.1 250.8 588.7 15.23 265
SFIX,R 186399495
EFIX,R 186399495 186399795 301 250.9 592.6 2334
SSACC,R 186399796
ESACC,R 186399796 186399846 51 250.4 594.9 -150.0 318.8 7.77 286
SFIX,R 186399847
EFIX,R 186399847 186400225 379 -145.2 304.6 2347
SSACC,R 186400226
ESACC,R 186400226 186400295 70 -141.1 300.7 -264.2 941.0 10.32 255
SFIX,R 186400296
EFIX,R 186400296 186400887 592 -264.1 945.3 2713
SSACC,R 186400888
ESACC,R 186400888 186400950 63 -258.5 946.0 180.0 774.7 7.26 215
SFIX,R 186400951
EFIX,R 186400951 186401555 605 170.5 768.9 2595
SSACC,R 186401556
ESACC,R 186401556 186401608 53 160.2 776.7 739.6 315.6 12.23 645
SFIX,R 186401609
EFIX,R 186401609 186401709 101 729.2 322.2 2249
SSACC,R 186401710
ESACC,R 186401710 186401730 21 724.7 316.2 791.1 278.9 1.30 132
SFIX,R 186401731
EFIX,R 186401731 186402251 521 762.4 264.3 2116
SSACC,R 186402252
ESACC,R 186402252 186402261 10 768.9 270.1 797.8 280.2 0.52 59
SFIX,R 186402262
EFIX,R 186402262 186402623 362 773.9 272.3 2194
SSACC,R 186402624
ESACC,R 186402624 186402656 33 762.6 268.1 1255.0 356.7 8.48 542
SFIX,R 186402657
EFIX,R 186402657 186403053 397 1269.0 369.1 2234
SSACC,R 186403054
ESACC,R 186403054 186403113 60 1271.9 375.2 1565.1 1092.6 12.71 395
SFIX,R 186403114
EFIX,R 186403114 186403958 845 1564.9 1106.7 2545
SSACC,R 186403959
ESACC,R 186403959 186403987 29 1564.3 1094.9 1482.9 1194.3 2.03 106
SFIX,R 186403988
EFIX,R 186403988 186404307 320 1480.4 1206.1 2883
SSACC,R 186404308
ESACC,R 186404308 186404321 14 1478.7 1199.6 1469.8 1150.9 0.78 84
SFIX,R 186404322
EFIX,R 186404322 186404643 322 1471.3 1155.2 3001
SSACC,R 186404644
ESACC,R 186404644 186404652 9 1477.2 1151.9 1504.3 1166.3 0.49 59
SFIX,R 186404653
EFIX,R 186404653 186405351 699 1510.0 1184.8 2917
SSACC,R 186405352
SBLINK,R 186405385
EBLINK,R 186405385 186405578 194
ESACC,R 186405352 186405698 347 1500.9 1189.5 2300.5 1004.3 12.44 465
SFIX,R 186405699
EFIX,R 186405699 186405987 289 2275.4 1112.4 2088
SSACC,R 186405988
ESACC,R 186405988 186406070 83 2265.0 1141.6 1395.5 1887.3 16.62 321
SFIX,R 186406071
EFIX,R 186406071 186406378 308 1368.6 1879.3 2783
SSACC,R 186406379
ESACC,R 186406379 186406415 37 1359.2 1871.9 844.8 2017.7 7.96 370
SFIX,R 186406416
EFIX,R 186406416 186406530 115 829.1 2033.2 2922
SSACC,R 186406531
ESACC,R 186406531 186406575 45 829.2 2031.6 1626.3 2020.3 11.73 501
SFIX,R 186406576
EFIX,R 186406576 186407170 595 1642.3 2026.1 2732
SSACC,R 186407171
ESACC,R 186407171 186407275 105 1642.1 1998.6 1597.5 680.4 19.31 392
SFIX,R 186407276
EFIX,R 186407276 186407535 260 1608.5 679.1 2691
SSACC,R 186407536
ESACC,R 186407536 186407594 59 1615.6 681.5 782.8 233.0 15.76 574
SFIX,R 186407595
EFIX,R 186407595 186408231 637 771.2 242.0 2270
SSACC,R 186408232
ESACC,R 186408232 186408277 46 762.5 237.1 768.2 584.5 5.91 398
SFIX,R 186408278
EFIX,R 186408278 186409313 1036 763.4 574.9 2274
SSACC,R 186409314
ESACC,R 186409314 186409395 82 761.9 568.8 -47.8 681.0 13.22 241
SFIX,R 186409396
EFIX,R 186409396 186410129 734 -55.2 698.4 2443
SSACC,R 186410130
ESACC,R 186410130 186410195 66 -40.5 691.1 228.3 1706.3 15.78 492
SFIX,R 186410196
EFIX,R 186410196 186410506 311 262.3 1764.3 2697
SSACC,R 186410507
ESACC,R 186410507 186410547 41 246.3 1767.8 -144.5 2000.1 6.41 403
SFIX,R 186410548
EFIX,R 186410548 186410796 249 -163.2 1996.2 2534
SSACC,R 186410797
ESACC,R 186410797 186410878 82 -171.5 1993.9 -356.1 1340.3 9.30 328
SFIX,R 186410879
EFIX,R 186410879 186411235 357 -334.8 1343.3 2692
SSACC,R 186411236
SBLINK,R 186411269
EBLINK,R 186411269 186411406 138
ESACC,R 186411236 186411461 226 -314.9 1332.3 1339.8 1296.6 25.00 633
SFIX,R 186411462
EFIX,R 186411462 186412041 580 1326.8 1349.5 2838
SSACC,R 186412042
ESACC,R 186412042 186412141 100 1324.7 1354.8 291.6 509.9 21.43 390
SFIX,R 186412142
EFIX,R 186412142 186412295 154 286.2 511.2 2940
SSACC,R 186412296
ESACC,R 186412296 186412374 79 278.6 515.3 -317.7 712.9 9.78 240
SFIX,R 186412375
EFIX,R 186412375 186412518 144 -323.5 705.5 2693
SSACC,R 186412519
ESACC,R 186412519 186412607 89 -322.7 693.4 215.3 1949.8 19.73 447
SFIX,R 186412608
EFIX,R 186412608 186412764 157 220.0 1949.4 3090
SSACC,R 186412765
SBLINK,R 186412785
EBLINK,R 186412785 186413021 237
ESACC,R 186412765 186413068 304 218.9 1953.9 1468.1 1523.0 19.70 436
SFIX,R 186413069
EFIX,R 186413069 186413380 312 1451.7 1540.3 3224
SSACC,R 186413381
ESACC,R 186413381 186413417 37 1452.3 1536.0 1520.5 1234.8 4.66 499
SFIX,R 186413418
EFIX,R 186413418 186413707 290 1519.6 1230.4 3265
SSACC,R 186413708
SBLINK,R 186413785
EBLINK,R 186413785 186414211 427
ESACC,R 186413708 186414243 536 1518.7 1233.0 120.2 1870.6 23.11 621
SFIX,R 186414244
EFIX,R 186414244 186414284 41 159.2 1865.9 2916
SSACC,R 186414285
ESACC,R 186414285 186414379 95 177.9 1818.0 743.1 1717.8 8.63 344
SFIX,R 186414380
EFIX,R 186414380 186414502 123 784.8 1708.8 3294
SSACC,R 186414503
ESACC,R 186414503 186414564 62 816.6 1696.2 177.3 1240.8 11.99 313
SFIX,R 186414565
EFIX,R 186414565 186414792 228 172.5 1230.1 3484
SSACC,R 186414793
ESACC,R 186414793 186414865 73 174.5 1238.8 961.1 810.4 14.40 391
SFIX,R 186414866
EFIX,R 186414866 186415773 908 959.9 809.9 3545
SSACC,R 186415774
ESACC,R 186415774 186415835 62 954.9 809.9 1495.9 952.6 9.23 223
SFIX,R 186415836
EFIX,R 186415836 186416273 438 1527.8 982.1 3398
SSACC,R 186416274
ESACC,R 186416274 186416285 12 1547.2 1004.4 1554.8 960.4 0.72 69
SFIX,R 186416286
EFIX,R 186416286 186416318 33 1567.3 974.5 3415
SSACC,R 186416319
ESACC,R 186416319 186416338 20 1562.6 983.6 1575.4 934.2 0.82 68
SFIX,R 186416339
EFIX,R 186416339 186416368 30 1586.7 917.3 3515
SSACC,R 186416369
SBLINK,R 186416379
EBLINK,R 186416379 186417566 1188
ESACC,R 186416369 186417575 1207 1561.0 1019.9 1440.3 900.9 2.74 159
SFIX,R 186417576
EFIX,R 186417576 186417660 85 1614.4 1174.9 3174
SSACC,R 186417661
SBLINK,R 186417707
EBLINK,R 186417707 186419882 2176
ESACC,R 186417661 186420132 2472 1617.8 1157.3 1357.3 1168.0 4.17 668
SFIX,R 186420133
EFIX,R 186420133 186420229 97 1349.4 1129.3 4239
SSACC,R 186420230
ESACC,R 186420230 186420326 97 1358.8 1182.4 1509.2 1147.5 2.48 204
SFIX,R 186420327
EFIX,R 186420327 186420579 253 1509.1 1161.2 3521
SSACC,R 186420580
ESACC,R 186420580 186420645 66 1501.5 1166.1 485.2 477.9 20.00 530
SFIX,R 186420646
EFIX,R 186420646 186421260 615 448.0 440.2 3213
SSACC,R 186421261
ESACC,R 186421261 186421332 72 433.7 440.5 1263.0 834.3 15.26 389
SFIX,R 186421333
EFIX,R 186421333 186421517 185 1279.8 833.9 3698
SSACC,R 186421518
ESACC,R 186421518 186421524 7 1288.1 810.8 1294.1 826.1 0.27 49
SFIX,R 186421525
EFIX,R 186421525 186421871 347 1279.1 875.4 3602
SSACC,R 186421872
SBLINK,R 186421942
EBLINK,R 186421942 186421942 1
ESACC,R 186421872 186421951 80 1282.4 913.3 777.6 627.9 9.67 275
SFIX,R 186421952
EFIX,R 186421952 186422602 651 787.6 436.7 3292
SSACC,R 186422603
SBLINK,R 186422613
EBLINK,R 186422613 186422801 189
ESACC,R 186422603 186422810 208 939.8 658.0 1000.9 744.8 1.78 204
SFIX,R 186422811
EFIX,R 186422811 186422835 25 1093.2 962.8 3303
SSACC,R 186422836
ESACC,R 186422836 186422889 54 1096.8 959.5 873.1 1226.8 5.64 152
SFIX,R 186422890
EFIX,R 186422890 186423008 119 838.4 1256.7 3457
SSACC,R 186423009
SBLINK,R 186423116
EBLINK,R 186423116 186423186 71
ESACC,R 186423009 186423245 237 837.8 1238.6 834.5 1237.9 0.05 521
SFIX,R 186423246
EFIX,R 186423246 186423512 267 810.2 1225.3 3852
SSACC,R 186423513
ESACC,R 186423513 186423531 19 822.6 1198.3 815.5 1116.7 1.30 93
SFIX,R 186423532
EFIX,R 186423532 186424095 564 815.8 1108.1 3880
SSACC,R 186424096
ESACC,R 186424096 186424134 39 824.6 1118.3 1444.8 1112.9 10.09 477
SFIX,R 186424135
EFIX,R 186424135 186424699 565 1463.3 1123.3 3419
SSACC,R 186424700
ESACC,R 186424700 186424709 10 1465.1 1127.9 1498.6 1141.4 0.58 65
SFIX,R 186424710
EFIX,R 186424710 186425079 370 1503.9 1151.1 3305
SSACC,R 186425080
ESACC,R 186425080 186425099 20 1504.5 1147.9 1449.6 1099.2 1.17 107
SFIX,R 186425100
EFIX,R 186425100 186425379 280 1440.0 1083.1 3325
SSACC,R 186425380
ESACC,R 186425380 186425400 21 1439.1 1078.6 1487.8 1127.9 1.11 84
SFIX,R 186425401
EFIX,R 186425401 186425933 533 1500.5 1141.2 3288
SSACC,R 186425934
SBLINK,R 186426011
EBLINK,R 186426011 186426091 81
ESACC,R 186425934 186426124 191 1500.0 1143.1 373.6 285.6 23.04 1602
SFIX,R 186426125
EFIX,R 186426125 186426392 268 348.4 281.4 2418
SSACC,R 186426393
ESACC,R 186426393 186426452 60 339.2 278.3 -198.7 375.7 8.66 218
SFIX,R 186426453
EFIX,R 186426453 186427001 549 -186.4 382.2 2568
SSACC,R 186427002
ESACC,R 186427002 186427067 66 -189.0 384.5 591.5 301.4 12.56 297
SFIX,R 186427068
EFIX,R 186427068 186427109 42 593.7 302.5 2942
SSACC,R 186427110
ESACC,R 186427110 186427135 26 595.1 303.2 728.5 248.3 2.44 196
SFIX,R 186427136
EFIX,R 186427136 186427241 106 769.6 249.5 2766
SSACC,R 186427242
ESACC,R 186427242 186427251 10 767.2 247.7 785.9 217.9 0.60 67
SFIX,R 186427252
EFIX,R 186427252 186427389 138 785.0 212.1 2497
SSACC,R 186427390
ESACC,R 186427390 186427397 8 782.9 208.7 761.3 195.1 0.43 57
SFIX,R 186427398
EFIX,R 186427398 186428019 622 771.6 186.1 2574
SSACC,R 186428020
ESACC,R 186428020 186428104 85 780.0 187.3 148.7 1540.8 23.50 459
SFIX,R 186428105
EFIX,R 186428105 186428391 287 124.4 1598.5 2598
SSACC,R 186428392
ESACC,R 186428392 186428465 74 117.1 1615.7 989.0 960.7 16.93 388
SFIX,R 186428466
EFIX,R 186428466 186428721 256 996.8 947.3 2942
SSACC,R 186428722
ESACC,R 186428722 186428784 63 995.4 941.7 300.9 637.6 12.48 309
SFIX,R 186428785
EFIX,R 186428785 186429124 340 285.8 638.2 3027
SSACC,R 186429125
ESACC,R 186429125 186429180 56 268.5 632.7 -405.2 711.4 10.40 304
SFIX,R 186429181
EFIX,R 186429181 186429317 137 -441.8 702.1 2803
SSACC,R 186429318
SBLINK,R 186429383
EBLINK,R 186429383 186429572 190
ESACC,R 186429318 186429608 291 -466.6 690.8 325.5 688.3 12.09 492
SFIX,R 186429609
EFIX,R 186429609 186429939 331 309.4 643.1 3653
SSACC,R 186429940
SBLINK,R 186429973
EBLINK,R 186429973 186430056 84
ESACC,R 186429940 186430149 210 321.2 616.5 -217.6 1366.5 14.30 818
SFIX,R 186430150
EFIX,R 186430150 186430214 65 -223.2 1378.9 3726
SSACC,R 186430215
SBLINK,R 186430283
EBLINK,R 186430283 186430376 94
ESACC,R 186430215 186430428 214 -202.6 1383.5 -913.9 705.6 13.91 1035
SFIX,R 186430429
EFIX,R 186430429 186430451 23 -929.3 705.4 3281
SSACC,R 186430452
SBLINK,R 186430494
EBLINK,R 186430494 186430649 156
ESACC,R 186430452 186430716 265 -960.4 702.4 -270.4 1241.0 12.29 1091
SFIX,R 186430717
EFIX,R 186430717 186430747 31 -276.4 1253.8 3698
SSACC,R 186430748
SBLINK,R 186430783
EBLINK,R 186430783 186431902 1120
ESACC,R 186430748 186431960 1213 -273.3 1255.1 757.3 1307.1 15.75 2216
SFIX,R 186431961
EFIX,R 186431961 186432158 198 743.9 1378.2 3955
SSACC,R 186432159
ESACC,R 186432159 186432356 198 749.9 1399.9 1505.9 1202.3 12.44 542
SFIX,R 186432357
EFIX,R 186432357 186432381 25 1509.8 1196.1 4150
SSACC,R 186432382
ESACC,R 186432382 186432395 14 1490.2 1204.9 1465.5 1240.4 0.68 80
SFIX,R 186432396
EFIX,R 186432396 186432421 26 1465.9 1223.7 4053
SSACC,R 186432422
ESACC,R 186432422 186432434 13 1474.2 1214.8 1512.9 1195.0 0.69 75
SFIX,R 186432435
EFIX,R 186432435 186432632 198 1492.1 1166.0 3615
SSACC,R 186432633
ESACC,R 186432633 186432685 53 1487.1 1149.5 1563.3 1862.1 10.46 460
SFIX,R 186432686
EFIX,R 186432686 186432867 182 1553.9 1866.6 3461
SSACC,R 186432868
ESACC,R 186432868 186432911 44 1557.7 1869.3 1570.2 1134.1 10.72 598
SFIX,R 186432912
EFIX,R 186432912 186433391 480 1551.8 1171.2 3420
SSACC,R 186433392
ESACC,R 186433392 186433449 58 1548.4 1178.7 1911.2 1640.3 8.79 253
SFIX,R 186433450
EFIX,R 186433450 186433582 133 1900.7 1645.3 3242
SSACC,R 186433583
ESACC,R 186433583 186433624 42 1900.2 1634.7 1562.1 1227.1 7.92 485
SFIX,R 186433625
EFIX,R 186433625 186433854 230 1558.2 1213.3 3201
SSACC,R 186433855
ESACC,R 186433855 186433873 19 1559.9 1210.6 1537.5 1141.3 1.14 117
SFIX,R 186433874
EFIX,R 186433874 186434850 977 1527.9 1139.5 3198
SSACC,R 186434851
SBLINK,R 186434865
EBLINK,R 186434865 186436027 1163
ESACC,R 186434851 186436120 1270 1521.9 1183.7 684.5 65.1 22.84 317
SFIX,R 186436121
EFIX,R 186436121 186436488 368 678.4 63.0 2564
SSACC,R 186436489
ESACC,R 186436489 186436512 24 699.2 77.6 786.5 174.5 2.22 167
SFIX,R 186436513
EFIX,R 186436513 186437419 907 783.7 186.3 2487
SSACC,R 186437420
ESACC,R 186437420 186437425 6 774.4 194.0 791.6 189.7 0.30 46
SFIX,R 186437426
EFIX,R 186437426 186438054 629 780.1 194.4 2510
SSACC,R 186438055
SBLINK,R 186438103
EBLINK,R 186438103 186439207 1105
ESACC,R 186438055 186439307 1253 772.5 186.5 943.1 268.3 3.22 247
SFIX,R 186439308
EFIX,R 186439308 186439405 98 942.6 255.7 2371
SSACC,R 186439406
SBLINK,R 186439444
EBLINK,R 186439444 186440458 1015
ESACC,R 186439406 186440620 1215 945.3 251.2 -29.2 -158.7 17.30 584
SFIX,R 186440621
EFIX,R 186440621 186440795 175 -46.7 -144.5 2764
SSACC,R 186440796
ESACC,R 186440796 186440926 131 -39.8 -159.4 886.9 786.4 21.60 513
SFIX,R 186440927
EFIX,R 186440927 186441295 369 890.0 827.9 3774
SSACC,R 186441296
ESACC,R 186441296 186441346 51 927.9 852.0 1512.3 1123.6 10.52 457
SFIX,R 186441347
EFIX,R 186441347 186441904 558 1527.3 1146.9 3620
SSACC,R 186441905
SBLINK,R 186441927
EBLINK,R 186441927 186442241 315
ESACC,R 186441905 186442250 346 1520.2 1185.2 1538.3 1151.3 0.60 95
SFIX,R 186442251
EFIX,R 186442251 186442324 74 1581.3 1137.3 3645
SSACC,R 186442325
SBLINK,R 186442447
EBLINK,R 186442447 186442478 32
ESACC,R 186442325 186442546 222 1580.3 1093.4 1054.4 1214.4 8.69 1001
SFIX,R 186442547
EFIX,R 186442547 186442672 126 1059.5 1204.5 3667
SSACC,R 186442673
ESACC,R 186442673 186442730 58 1070.2 1200.8 1525.2 1184.1 7.34 229
SFIX,R 186442731
EFIX,R 186442731 186442788 58 1522.8 1178.6 3650
SSACC,R 186442789
SBLINK,R 186442862
EBLINK,R 186442862 186443513 652
ESACC,R 186442789 186443604 816 1525.5 1176.7 1843.1 788.2 7.96 532
SFIX,R 186443605
EFIX,R 186443605 186443816 212 1830.5 834.6 3245
SSACC,R 186443817
ESACC,R 186443817 186443867 51 1828.5 871.9 1867.8 1984.4 16.02 564
SFIX,R 186443868
EFIX,R 186443868 186444068 201 1858.3 1947.6 3339
SSACC,R 186444069
ESACC,R 186444069 186444113 45 1865.6 1928.6 1628.5 1178.1 11.31 578
SFIX,R 186444114
EFIX,R 186444114 186444396 283 1616.2 1192.9 3561
SSACC,R 186444397
ESACC,R 186444397 186444418 22 1613.0 1185.8 1505.0 1128.6 1.94 146
SFIX,R 186444419
EFIX,R 186444419 186444660 242 1504.5 1144.5 3561
SSACC,R 186444661
ESACC,R 186444661 186444670 10 1509.5 1148.4 1548.4 1124.4 0.73 78
SFIX,R 186444671
EFIX,R 186444671 186445133 463 1546.1 1141.7 3394
SSACC,R 186445134
ESACC,R 186445134 186445155 22 1544.2 1148.5 1641.1 1173.9 1.59 127
SFIX,R 186445156
EFIX,R 186445156 186445543 388 1650.4 1181.0 3260
SSACC,R 186445544
SBLINK,R 186445558
EBLINK,R 186445558 186445848 291
ESACC,R 186445544 186445881 338 1644.5 1178.1 1717.5 1151.4 1.22 368
SFIX,R 186445882
EFIX,R 186445882 186446384 503 1701.4 1202.1 2705
SSACC,R 186446385
ESACC,R 186446385 186446430 46 1704.8 1190.6 1939.9 1127.1 3.76 139
SFIX,R 186446431
EFIX,R 186446431 186446954 524 1947.0 1133.7 3068
SSACC,R 186446955
ESACC,R 186446955 186447000 46 1934.0 1145.8 2344.1 827.8 7.79 326
SFIX,R 186447001
EFIX,R 186447001 186447133 133 2329.9 859.3 2898
SSACC,R 186447134
ESACC,R 186447134 186447180 47 2316.5 878.3 1937.7 1022.4 6.06 333
SFIX,R 186447181
EFIX,R 186447181 186448005 825 1930.9 1039.7 3093
SSACC,R 186448006
ESACC,R 186448006 186448039 34 1926.0 1055.7 1549.8 1233.2 6.47 415
SFIX,R 186448040
EFIX,R 186448040 186448255 216 1533.7 1245.3 3159
SSACC,R 186448256
ESACC,R 186448256 186448327 72 1548.6 1250.3 2133.2 1215.9 8.91 194
SFIX,R 186448328
EFIX,R 186448328 186448898 571 2147.7 1227.3 2965
SSACC,R 186448899
SBLINK,R 186448933
EBLINK,R 186448933 186448934 2
ESACC,R 186448899 186448983 85 2159.1 1247.1 1931.1 239.6 16.12 362
SFIX,R 186448984
EFIX,R 186448984 186449033 50 1915.7 249.7 2795
SSACC,R 186449034
SBLINK,R 186449044
EBLINK,R 186449044 186449162 119
ESACC,R 186449034 186449278 245 1954.8 276.7 969.5 657.7 17.23 503
SFIX,R 186449279
EFIX,R 186449279 186449319 41 989.4 648.5 3493
SSACC,R 186449320
ESACC,R 186449320 186449354 35 1000.9 660.6 982.2 654.6 0.33 99
SFIX,R 186449355
EFIX,R 186449355 186449450 96 988.2 695.3 3790
SSACC,R 186449451
SBLINK,R 186449488
EBLINK,R 186449488 186449598 111
ESACC,R 186449451 186449715 265 988.2 725.2 378.8 598.4 10.36 1026
SFIX,R 186449716
EFIX,R 186449716 186449752 37 373.8 585.8 3396
SSACC,R 186449753
SBLINK,R 186449780
EBLINK,R 186449780 186449880 101
ESACC,R 186449753 186449930 178 363.7 571.3 431.6 773.2 3.53 737
SFIX,R 186449931
EFIX,R 186449931 186450572 642 464.7 785.6 3659
SSACC,R 186450573
SBLINK,R 186450590
EBLINK,R 186450590 186451307 718
ESACC,R 186450573 186451316 744 457.4 806.7 454.8 825.9 0.32 225
SFIX,R 186451317
EFIX,R 186451317 186451362 46 1054.4 925.4 3517
SSACC,R 186451363
ESACC,R 186451363 186451392 30 1066.1 914.9 897.2 964.2 2.92 154
SFIX,R 186451393
EFIX,R 186451393 186451484 92 785.3 988.8 3627
SSACC,R 186451485
ESACC,R 186451485 186451551 67 751.5 974.3 748.5 979.9 0.10 354
SFIX,R 186451552
EFIX,R 186451552 186451725 174 755.7 1008.8 3604
SSACC,R 186451726
ESACC,R 186451726 186451749 24 747.3 987.2 575.2 973.3 2.84 257
SFIX,R 186451750
EFIX,R 186451750 186451841 92 588.6 943.2 3661
SSACC,R 186451842
ESACC,R 186451842 186451846 5 597.5 922.7 585.3 941.1 0.36 43
SFIX,R 186451847
EFIX,R 186451847 186452985 1139 550.3 952.3 3634
SSACC,R 186452986
ESACC,R 186452986 186453027 42 559.3 942.7 512.7 840.7 1.83 102
SFIX,R 186453028
EFIX,R 186453028 186453146 119 514.3 824.5 3472
SSACC,R 186453147
ESACC,R 186453147 186453189 43 540.2 797.6 599.7 672.9 2.30 111
SFIX,R 186453190
EFIX,R 186453190 186453237 48 624.2 619.3 2982
SSACC,R 186453238
ESACC,R 186453238 186453278 41 630.7 574.5 811.5 170.9 7.51 407
SFIX,R 186453279
EFIX,R 186453279 186454532 1254 798.7 186.2 2698
SSACC,R 186454533
SBLINK,R 186454605
EBLINK,R 186454605 186454726 122
ESACC,R 186454533 186454767 235 792.6 197.9 -161.8 380.3 15.68 1703
SFIX,R 186454768
EFIX,R 186454768 186455186 419 -114.1 373.5 1887
SSACC,R 186455187
ESACC,R 186455187 186455194 8 -88.9 362.5 -82.0 332.5 0.50 56
SFIX,R 186455195
EFIX,R 186455195 186455297 103 -63.0 321.2 2100
SSACC,R 186455298
ESACC,R 186455298 186455397 100 -52.1 317.8 -37.3 291.9 0.48 119
SFIX,R 186455398
EFIX,R 186455398 186455466 69 -32.5 299.7 2320
SSACC,R 186455467
ESACC,R 186455467 186455531 65 -24.8 305.4 -24.7 306.5 0.02 98
SFIX,R 186455532
EFIX,R 186455532 186456027 496 -39.1 313.5 2268
SSACC,R 186456028
ESACC,R 186456028 186456040 13 -47.0 344.2 -50.7 315.3 0.48 60
SFIX,R 186456041
EFIX,R 186456041 186456477 437 -50.7 325.8 2192
SSACC,R 186456478
ESACC,R 186456478 186456486 9 -50.8 345.8 -62.3 312.5 0.57 67
SFIX,R 186456487
EFIX,R 186456487 186456509 23 -56.7 318.6 2147
SSACC,R 186456510
ESACC,R 186456510 186456524 15 -44.7 312.7 -57.8 315.3 0.21 52
SFIX,R 186456525
EFIX,R 186456525 186456831 307 -74.1 326.5 2090
SSACC,R 186456832
ESACC,R 186456832 186456876 45 -80.5 335.9 610.9 389.4 11.21 454
SFIX,R 186456877
EFIX,R 186456877 186456940 64 644.2 372.0 2596
SSACC,R 186456941
ESACC,R 186456941 186456961 21 642.2 375.8 738.3 335.5 1.76 154
SFIX,R 186456962
EFIX,R 186456962 186457144 183 757.3 308.7 2344
SSACC,R 186457145
ESACC,R 186457145 186457168 24 749.1 305.9 783.4 196.8 1.96 177
SFIX,R 186457169
EFIX,R 186457169 186457676 508 780.9 197.6 2368
SSACC,R 186457677
ESACC,R 186457677 186457737 61 788.0 193.4 879.7 688.3 8.54 508
SFIX,R 186457738
EFIX,R 186457738 186457947 210 872.4 699.1 2909
SSACC,R 186457948
ESACC,R 186457948 186457972 25 849.7 771.3 845.5 800.0 0.48 70
SFIX,R 186457973
EFIX,R 186457973 186458017 45 832.4 793.0 3034
SSACC,R 186458018
SBLINK,R 186458028
EBLINK,R 186458028 186458254 227
ESACC,R 186458018 186458310 293 1063.5 527.0 45.5 1350.1 20.87 1720
SFIX,R 186458311
EFIX,R 186458311 186458349 39 55.0 1340.3 3316
SSACC,R 186458350
ESACC,R 186458350 186458416 67 62.0 1341.7 1320.7 1266.0 19.67 661
SFIX,R 186458417
EFIX,R 186458417 186458775 359 1388.9 1074.4 3411
SSACC,R 186458776
SBLINK,R 186458797
EBLINK,R 186458797 186458915 119
ESACC,R 186458776 186458986 211 1396.4 1052.4 1754.6 1197.0 6.13 441
SFIX,R 186458987
EFIX,R 186458987 186459116 130 1769.7 1144.7 3063
SSACC,R 186459117
SBLINK,R 186459136
EBLINK,R 186459136 186459333 198
ESACC,R 186459117 186459395 279 1775.8 1118.0 775.2 575.9 18.44 627
SFIX,R 186459396
EFIX,R 186459396 186459758 363 740.8 650.3 2991
SSACC,R 186459759
ESACC,R 186459759 186459825 67 716.1 672.4 339.7 1869.5 18.93 523
SFIX,R 186459826
EFIX,R 186459826 186460093 268 303.2 1903.5 2599
SSACC,R 186460094
SBLINK,R 186460109
EBLINK,R 186460109 186460924 816
ESACC,R 186460094 186460938 845 300.9 1896.5 -41.4 1929.0 4.96 82
SFIX,R 186460939
EFIX,R 186460939 186461155 217 50.6 1880.4 3150
SSACC,R 186461156
ESACC,R 186461156 186461317 162 83.5 1843.6 537.1 847.0 16.36 280
SFIX,R 186461318
EFIX,R 186461318 186461371 54 560.7 804.0 3526
SSACC,R 186461372
ESACC,R 186461372 186461410 39 574.2 770.9 608.1 666.6 1.83 97
SFIX,R 186461411
EFIX,R 186461411 186461450 40 609.1 660.7 3364
SSACC,R 186461451
SBLINK,R 186461687
EBLINK,R 186461687 186461806 120
ESACC,R 186461451 186461848 398 610.5 660.0 377.3 842.1 4.88 686
SFIX,R 186461849
EFIX,R 186461849 186462007 159 381.0 857.6 3820
SSACC,R 186462008
SBLINK,R 186462040
EBLINK,R 186462040 186462168 129
ESACC,R 186462008 186462216 209 377.1 872.5 1252.4 762.9 14.52 481
SFIX,R 186462217
EFIX,R 186462217 186462439 223 1226.7 796.8 3630
SSACC,R 186462440
SBLINK,R 186462450
EBLINK,R 186462450 186462693 244
ESACC,R 186462440 186462702 263 1267.5 880.1 1279.9 887.1 0.24 27
SFIX,R 186462703
EFIX,R 186462703 186462731 29 1274.4 868.9 3407
SSACC,R 186462732
SBLINK,R 186462742
EBLINK,R 186462742 186462769 28
ESACC,R 186462732 186462778 47 1267.5 880.1 1279.9 887.1 0.24 0
SFIX,R 186462779
EFIX,R 186462779 186462812 34 1275.8 882.8 3365
SSACC,R 186462813
SBLINK,R 186462823
EBLINK,R 186462823 186463176 354
ESACC,R 186462813 186463185 373 1238.8 881.3 1239.0 879.7 0.03 8
SFIX,R 186463186
EFIX,R 186463186 186463518 333 1200.8 811.7 3546
SSACC,R 186463519
ESACC,R 186463519 186463573 55 1196.4 785.7 749.4 134.2 13.32 448
SFIX,R 186463574
EFIX,R 186463574 186464026 453 722.9 130.5 3079
SSACC,R 186464027
ESACC,R 186464027 186464116 90 711.4 139.4 1447.3 1053.6 19.39 387
SFIX,R 186464117
EFIX,R 186464117 186464186 70 1453.6 1052.2 3222
SSACC,R 186464187
ESACC,R 186464187 186464203 17 1463.3 1041.7 1464.5 1022.6 0.31 73
SFIX,R 186464204
EFIX,R 186464204 186464224 21 1466.0 1024.2 3046
SSACC,R 186464225
ESACC,R 186464225 186464288 64 1463.5 1009.0 1482.6 1188.4 2.86 146
SFIX,R 186464289
EFIX,R 186464289 186464334 46 1461.4 1194.7 3652
SSACC,R 186464335
ESACC,R 186464335 186464362 28 1445.5 1166.0 1450.6 1029.0 2.17 124
SFIX,R 186464363
EFIX,R 186464363 186464473 111 1434.9 987.3 3162
SSACC,R 186464474
ESACC,R 186464474 186464498 25 1434.5 987.6 1490.7 1118.5 2.28 135
SFIX,R 186464499
EFIX,R 186464499 186464778 280 1505.8 1158.3 3255
SSACC,R 186464779
ESACC,R 186464779 186464827 49 1506.7 1163.0 1668.5 1953.4 11.63 550
SFIX,R 186464828
EFIX,R 186464828 186465420 593 1665.1 1947.9 3158
SSACC,R 186465421
ESACC,R 186465421 186465470 50 1663.1 1942.7 1892.3 1264.5 10.19 365
SFIX,R 186465471
EFIX,R 186465471 186465848 378 1873.6 1307.9 3225
SSACC,R 186465849
ESACC,R 186465849 186465886 38 1862.0 1323.0 2214.4 1596.2 6.48 302
SFIX,R 186465887
EFIX,R 186465887 186466409 523 2220.3 1678.1 2867
SSACC,R 186466410
SBLINK,R 186466452
EBLINK,R 186466452 186466579 128
ESACC,R 186466410 186466649 240 2229.7 1654.7 1625.5 483.9 19.87 685
SFIX,R 186466650
EFIX,R 186466650 186468854 2205 1599.0 591.7 2710
SSACC,R 186468855
ESACC,R 186468855 186468961 107 1571.6 588.3 -13.7 1210.2 26.85 439
SFIX,R 186468962
EFIX,R 186468962 186468997 36 -13.1 1203.5 3057
SSACC,R 186468998
SBLINK,R 186469048
EBLINK,R 186469048 186469558 511
ESACC,R 186468998 186469626 629 -13.9 1192.6 -345.2 273.4 15.19 1080
SFIX,R 186469627
EFIX,R 186469627 186469654 28 -335.5 267.1 3205
SSACC,R 186469655
ESACC,R 186469655 186469732 78 -331.8 261.4 -300.3 273.8 0.51 456
SFIX,R 186469733
EFIX,R 186469733 186469764 32 -319.0 279.3 3220
SSACC,R 186469765
SBLINK,R 186469784
EBLINK,R 186469784 186469873 90
ESACC,R 186469765 186469959 195 -347.6 264.6 -116.5 637.3 6.92 629
SFIX,R 186469960
EFIX,R 186469960 186470173 214 -169.8 686.2 3694
SSACC,R 186470174
ESACC,R 186470174 186470257 84 -173.1 705.0 868.0 1308.5 18.84 375
SFIX,R 186470258
EFIX,R 186470258 186470367 110 882.5 1326.9 3918
SSACC,R 186470368
SBLINK,R 186470398
EBLINK,R 186470398 186470577 180
ESACC,R 186470368 186470623 256 896.6 1338.4 920.0 1246.5 1.47 893
SFIX,R 186470624
EFIX,R 186470624 186470646 23 916.4 1268.8 4151
SSACC,R 186470647
ESACC,R 186470647 186470688 42 919.1 1266.5 910.4 1275.6 0.20 128
SFIX,R 186470689
EFIX,R 186470689 186470781 93 918.5 1292.2 3953
SSACC,R 186470782
SBLINK,R 186470792
EBLINK,R 186470792 186471301 510
ESACC,R 186470782 186471310 529 919.1 1266.5 910.4 1275.6 0.20 0
SFIX,R 186471311
EFIX,R 186471311 186471434 124 952.4 1351.0 3710
SSACC,R 186471435
SBLINK,R 186471525
EBLINK,R 186471525 186472682 1158
ESACC,R 186471435 186472691 1257 950.7 1336.4 2498.7 1044.2 23.44 285
SFIX,R 186472692
EFIX,R 186472692 186472733 42 1088.4 750.8 1408
SSACC,R 186472734
SBLINK,R 186472744
EBLINK,R 186472744 186473350 607
ESACC,R 186472734 186473430 697 1144.9 974.0 846.1 1205.6 6.15 701
SFIX,R 186473431
EFIX,R 186473431 186473524 94 854.0 1181.0 3944
SSACC,R 186473525
ESACC,R 186473525 186473536 12 845.1 1203.8 857.4 1165.9 0.63 55
SFIX,R 186473537
EFIX,R 186473537 186473684 148 842.9 1177.7 3836
SSACC,R 186473685
ESACC,R 186473685 186473723 39 845.7 1188.9 1559.4 1169.1 11.51 482
SFIX,R 186473724
EFIX,R 186473724 186473968 245 1582.8 1197.3 3393
SSACC,R 186473969
ESACC,R 186473969 186473989 21 1580.5 1196.9 1482.7 1160.3 1.66 147
SFIX,R 186473990
EFIX,R 186473990 186474396 407 1479.9 1171.7 3529
SSACC,R 186474397
ESACC,R 186474397 186474451 55 1477.9 1170.7 961.4 1966.0 14.01 387
SFIX,R 186474452
EFIX,R 186474452 186474864 413 898.7 2093.4 2985
SSACC,R 186474865
SBLINK,R 186474899
EBLINK,R 186474899 186475042 144
ESACC,R 186474865 186475081 217 880.6 2110.5 845.6 909.0 17.38 455
SFIX,R 186475082
EFIX,R 186475082 186475257 176 843.3 901.1 3013
SSACC,R 186475258
ESACC,R 186475258 186475302 45 846.3 893.0 1554.2 1243.1 12.77 585
SFIX,R 186475303
EFIX,R 186475303 186475575 273 1557.2 1246.1 2923
SSACC,R 186475576
ESACC,R 186475576 186475590 15 1554.9 1241.1 1518.5 1191.5 0.96 105
SFIX,R 186475591
EFIX,R 186475591 186475909 319 1514.4 1168.8 3162
SSACC,R 186475910
ESACC,R 186475910 186475969 60 1512.1 1154.8 789.7 231.8 19.24 639
SFIX,R 186475970
EFIX,R 186475970 186476097 128 779.1 238.4 3087
SSACC,R 186476098
ESACC,R 186476098 186476109 12 775.3 230.8 800.7 199.3 0.69 71
SFIX,R 186476110
EFIX,R 186476110 186476601 492 775.1 209.8 2422
SSACC,R 186476602
ESACC,R 186476602 186476647 46 769.0 227.0 773.0 599.9 6.34 459
SFIX,R 186476648
EFIX,R 186476648 186476774 127 776.6 581.8 2600
SSACC,R 186476775
ESACC,R 186476775 186476786 12 779.0 575.9 773.0 532.5 0.74 81
SFIX,R 186476787
EFIX,R 186476787 186477055 269 775.5 534.5 2471
SSACC,R 186477056
ESACC,R 186477056 186477110 55 774.6 527.5 1064.9 963.1 8.73 265
SFIX,R 186477111
EFIX,R 186477111 186477997 887 1077.5 983.4 2887
SSACC,R 186477998
ESACC,R 186477998 186478077 80 1074.2 976.8 126.1 212.0 19.94 465
SFIX,R 186478078
EFIX,R 186478078 186478874 797 122.1 220.3 2655
SSACC,R 186478875
ESACC,R 186478875 186478950 76 123.2 219.7 -106.4 1362.6 18.20 387
SFIX,R 186478951
EFIX,R 186478951 186479563 613 -126.6 1389.7 2788
SSACC,R 186479564
ESACC,R 186479564 186479654 91 -119.5 1384.6 -184.7 83.5 20.07 444
SFIX,R 186479655
EFIX,R 186479655 186480010 356 -193.5 90.1 2408
SSACC,R 186480011
SBLINK,R 186480049
EBLINK,R 186480049 186480104 56
ESACC,R 186480011 186480138 128 -202.2 89.1 518.3 139.6 11.52 1459
SFIX,R 186480139
EFIX,R 186480139 186480363 225 515.8 155.6 2697
SSACC,R 186480364
SBLINK,R 186480387
EBLINK,R 186480387 186480535 149
ESACC,R 186480364 186480562 199 557.5 178.4 -405.1 1638.2 26.54 1654
SFIX,R 186480563
EFIX,R 186480563 186480688 126 -385.6 1585.3 3115
SSACC,R 186480689
ESACC,R 186480689 186481098 410 -385.0 1550.3 -71.3 117.2 22.10 1755
SFIX,R 186481099
EFIX,R 186481099 186481179 81 -68.8 105.6 1066
SSACC,R 186481180
SBLINK,R 186481206
EBLINK,R 186481206 186481308 103
ESACC,R 186481180 186481350 171 -41.7 67.7 -15.5 227.5 2.66 873
SFIX,R 186481351
EFIX,R 186481351 186482851 1501 0.0 266.3 3007
SSACC,R 186482852
ESACC,R 186482852 186482934 83 -6.8 271.0 -261.9 444.4 4.83 132
SFIX,R 186482935
EFIX,R 186482935 186482988 54 -256.8 434.3 2710
SSACC,R 186482989
ESACC,R 186482989 186483005 17 -257.9 432.4 -262.5 439.5 0.13 109
SFIX,R 186483006
EFIX,R 186483006 186483204 199 -259.0 442.6 2718
SSACC,R 186483205
ESACC,R 186483205 186483386 182 -237.3 427.4 -242.8 408.3 0.32 233
SFIX,R 186483387
EFIX,R 186483387 186483410 24 -246.1 400.4 2676
SSACC,R 186483411
ESACC,R 186483411 186483869 459 -239.1 402.4 -227.7 241.3 2.61 224
SFIX,R 186483870
EFIX,R 186483870 186484676 807 -245.5 217.5 2904
SSACC,R 186484677
SBLINK,R 186484734
EBLINK,R 186484734 186484871 138
ESACC,R 186484677 186484996 320 -251.3 222.9 -18.9 575.7 6.74 1672
SFIX,R 186484997
EFIX,R 186484997 186485077 81 -15.4 567.4 2353
SSACC,R 186485078
ESACC,R 186485078 186485113 36 -27.3 571.8 -12.7 562.0 0.28 90
SFIX,R 186485114
EFIX,R 186485114 186485148 35 -14.0 561.0 2381
SSACC,R 186485149
ESACC,R 186485149 186485255 107 -15.1 557.7 547.0 432.3 9.33 371
SFIX,R 186485256
EFIX,R 186485256 186485318 63 538.5 427.2 2815
SSACC,R 186485319
ESACC,R 186485319 186485349 31 537.1 427.7 640.1 276.5 3.10 168
SFIX,R 186485350
EFIX,R 186485350 186485533 184 658.0 248.9 2851
SSACC,R 186485534
ESACC,R 186485534 186485555 22 648.4 256.0 747.5 179.8 2.13 179
SFIX,R 186485556
EFIX,R 186485556 186485834 279 751.5 190.3 3113
SSACC,R 186485835
ESACC,R 186485835 186485849 15 747.6 186.9 732.8 164.7 0.46 57
SFIX,R 186485850
EFIX,R 186485850 186486105 256 753.5 194.2 3150
SSACC,R 186486106
ESACC,R 186486106 186486142 37 766.3 230.8 874.1 431.3 3.89 173
SFIX,R 186486143
EFIX,R 186486143 186486285 143 876.6 450.8 3198
SSACC,R 186486286
ESACC,R 186486286 186486316 31 874.5 449.5 834.5 235.3 3.73 239
SFIX,R 186486317
EFIX,R 186486317 186486748 432 828.9 217.1 3085
SSACC,R 186486749
ESACC,R 186486749 186486816 68 830.1 205.3 417.8 778.2 11.83 261
SFIX,R 186486817
EFIX,R 186486817 186487035 219 445.9 776.0 3333
SSACC,R 186487036
SBLINK,R 186487053
EBLINK,R 186487053 186487151 99
ESACC,R 186487036 186487210 175 435.7 793.8 1154.3 1125.2 12.93 405
SFIX,R 186487211
EFIX,R 186487211 186487511 301 1140.2 1185.6 3563
SSACC,R 186487512
ESACC,R 186487512 186487569 58 1131.0 1200.1 1151.9 1180.7 0.46 82
SFIX,R 186487570
EFIX,R 186487570 186487591 22 1141.6 1179.3 3693
SSACC,R 186487592
ESACC,R 186487592 186487731 140 1150.3 1185.6 1225.6 975.0 3.59 231
SFIX,R 186487732
EFIX,R 186487732 186487771 40 1243.8 935.9 3477
SSACC,R 186487772
ESACC,R 186487772 186487844 73 1260.0 919.1 1136.5 1199.6 4.93 279
SFIX,R 186487845
EFIX,R 186487845 186487954 110 1156.2 1211.7 3540
SSACC,R 186487955
SBLINK,R 186487965
EBLINK,R 186487965 186488388 424
ESACC,R 186487955 186488400 446 1519.7 1107.2 1517.5 1107.6 0.04 71
SFIX,R 186488401
EFIX,R 186488401 186488437 37 1523.6 1060.6 3692
SSACC,R 186488438
SBLINK,R 186488448
EBLINK,R 186488448 186488792 345
ESACC,R 186488438 186488801 364 1519.7 1107.2 1517.5 1107.6 0.04 0
SFIX,R 186488802
EFIX,R 186488802 186489026 225 687.4 623.4 3352
SSACC,R 186489027
ESACC,R 186489027 186489096 70 679.4 597.2 1444.4 1039.2 14.56 315
SFIX,R 186489097
EFIX,R 186489097 186489230 134 1459.8 1060.1 3492
SSACC,R 186489231
ESACC,R 186489231 186489249 19 1482.7 1093.7 1467.0 1058.8 0.61 117
SFIX,R 186489250
EFIX,R 186489250 186490095 846 1486.9 1069.2 3352
SSACC,R 186490096
SBLINK,R 186490129
EBLINK,R 186490129 186490172 44
ESACC,R 186490096 186490207 112 1498.3 1073.9 858.1 207.3 17.79 1563
SFIX,R 186490208
EFIX,R 186490208 186490384 177 849.1 200.2 3105
SSACC,R 186490385
ESACC,R 186490385 186490394 10 841.3 199.3 818.7 181.4 0.49 57
SFIX,R 186490395
EFIX,R 186490395 186490537 143 813.8 189.6 2768
SSACC,R 186490538
ESACC,R 186490538 186490612 75 811.9 198.5 1614.7 1205.3 21.00 538
SFIX,R 186490613
EFIX,R 186490613 186490888 276 1619.6 1205.6 2592
SSACC,R 186490889
ESACC,R 186490889 186490905 17 1623.4 1195.1 1568.7 1164.0 0.99 78
SFIX,R 186490906
EFIX,R 186490906 186491329 424 1546.6 1155.2 2932
SSACC,R 186491330
ESACC,R 186491330 186491337 8 1538.2 1145.5 1523.6 1125.2 0.40 52
SFIX,R 186491338
EFIX,R 186491338 186492270 933 1512.3 1128.6 3182
SSACC,R 186492271
ESACC,R 186492271 186492280 10 1517.6 1131.4 1549.0 1130.3 0.50 56
SFIX,R 186492281
EFIX,R 186492281 186492718 438 1580.5 1160.2 3131
SSACC,R 186492719
ESACC,R 186492719 186492734 16 1577.6 1158.6 1552.6 1124.9 0.66 82
SFIX,R 186492735
EFIX,R 186492735 186492779 45 1539.2 1138.2 3163
SSACC,R 186492780
ESACC,R 186492780 186492790 11 1530.8 1143.9 1497.3 1152.4 0.55 59
SFIX,R 186492791
EFIX,R 186492791 186493002 212 1498.2 1152.4 3088
SSACC,R 186493003
ESACC,R 186493003 186493012 10 1502.2 1145.6 1528.5 1128.2 0.50 56
SFIX,R 186493013
EFIX,R 186493013 186493924 912 1546.4 1123.3 3053
SSACC,R 186493925
SBLINK,R 186493941
EBLINK,R 186493941 186494170 230
ESACC,R 186493925 186494231 307 1542.8 1133.6 1583.4 964.4 2.77 394
SFIX,R 186494232
EFIX,R 186494232 186495609 1378 1558.3 1022.1 2865
SSACC,R 186495610
ESACC,R 186495610 186495634 25 1551.9 1022.4 1478.2 1154.3 2.40 159
SFIX,R 186495635
EFIX,R 186495635 186495921 287 1469.1 1154.0 2954
SSACC,R 186495922
ESACC,R 186495922 186496009 88 1467.8 1158.4 823.3 248.7 18.32 359
SFIX,R 186496010
EFIX,R 186496010 186496175 166 813.0 241.5 2835
SSACC,R 186496176
ESACC,R 186496176 186496186 11 801.2 237.2 787.2 204.5 0.61 65
SFIX,R 186496187
EFIX,R 186496187 186496964 778 774.5 214.0 2382
SSACC,R 186496965
ESACC,R 186496965 186496998 34 765.9 220.7 1096.5 218.0 5.62 329
SFIX,R 186496999
EFIX,R 186496999 186497370 372 1090.6 220.8 2254
SSACC,R 186497371
ESACC,R 186497371 186497443 73 1091.4 215.5 1572.3 1158.7 17.33 423
SFIX,R 186497444
EFIX,R 186497444 186498037 594 1577.6 1162.3 2782
SSACC,R 186498038
ESACC,R 186498038 186498106 69 1575.3 1166.5 2232.9 928.2 10.68 230
SFIX,R 186498107
EFIX,R 186498107 186498185 79 2242.4 932.1 2646
SSACC,R 186498186
SBLINK,R 186498223
EBLINK,R 186498223 186498282 60
ESACC,R 186498186 186498337 152 2267.1 947.4 2222.3 894.4 1.05 749
SFIX,R 186498338
EFIX,R 186498338 186498407 70 2214.3 882.6 2918
SSACC,R 186498408
ESACC,R 186498408 186498481 74 2213.3 901.9 1351.1 657.3 14.04 282
SFIX,R 186498482
EFIX,R 186498482 186499018 537 1324.8 657.4 3564
SSACC,R 186499019
ESACC,R 186499019 186499095 77 1315.7 680.2 307.8 955.8 17.10 355
SFIX,R 186499096
EFIX,R 186499096 186499543 448 302.6 938.2 3525
SSACC,R 186499544
SBLINK,R 186499563
EBLINK,R 186499563 186499709 147
ESACC,R 186499544 186499759 216 320.8 911.1 216.9 737.3 3.28 857
SFIX,R 186499760
EFIX,R 186499760 186499922 163 221.7 734.1 3520
SSACC,R 186499923
ESACC,R 186499923 186499968 46 228.9 747.4 256.6 805.5 1.05 77
SFIX,R 186499969
EFIX,R 186499969 186500348 380 226.4 786.0 3720
SSACC,R 186500349
ESACC,R 186500349 186500417 69 221.7 753.0 -107.7 -44.7 14.01 356
SFIX,R 186500418
EFIX,R 186500418 186501700 1283 -123.3 -32.4 2769
SSACC,R 186501701
ESACC,R 186501701 186501754 54 -143.4 -31.3 -376.8 377.1 7.44 202
SFIX,R 186501755
EFIX,R 186501755 186502093 339 -459.1 401.0 2459
SSACC,R 186502094
ESACC,R 186502094 186502164 71 -462.5 388.1 -454.4 363.3 0.41 106
SFIX,R 186502165
EFIX,R 186502165 186502440 276 -448.3 363.5 2436
SSACC,R 186502441
SBLINK,R 186502530
EBLINK,R 186502530 186502616 87
ESACC,R 186502441 186502670 230 -461.9 339.2 -169.4 492.1 4.98 1188
SFIX,R 186502671
EFIX,R 186502671 186503124 454 -180.8 540.0 2731
SSACC,R 186503125
ESACC,R 186503125 186503439 315 -139.9 510.3 -14.7 195.9 5.49 187
SFIX,R 186503440
EFIX,R 186503440 186503490 51 -22.8 195.2 2550
SSACC,R 186503491
ESACC,R 186503491 186503584 94 -34.8 210.4 -170.7 574.5 6.28 201
SFIX,R 186503585
EFIX,R 186503585 186504651 1067 -213.8 529.0 3097
SSACC,R 186504652
ESACC,R 186504652 186504694 43 -234.4 519.4 -156.8 445.8 1.67 132
SFIX,R 186504695
EFIX,R 186504695 186504766 72 -138.9 458.9 1459
SSACC,R 186504767
ESACC,R 186504767 186504888 122 -136.4 484.1 -133.9 471.2 0.21 104
SFIX,R 186504889
EFIX,R 186504889 186504921 33 -136.3 473.4 1300
SSACC,R 186504922
SBLINK,R 186505045
EBLINK,R 186505045 186505183 139
ESACC,R 186504922 186505266 345 -132.4 477.9 444.6 888.5 11.32 727
SFIX,R 186505267
EFIX,R 186505267 186505340 74 437.3 917.2 3019
SSACC,R 186505341
ESACC,R 186505341 186505348 8 437.5 886.8 435.2 925.4 0.63 82
SFIX,R 186505349
EFIX,R 186505349 186506112 764 470.3 888.4 3175
SSACC,R 186506113
ESACC,R 186506113 186506189 77 439.8 949.8 695.9 858.1 4.47 162
SFIX,R 186506190
EFIX,R 186506190 186506229 40 688.9 825.9 3778
SSACC,R 186506230
ESACC,R 186506230 186506247 18 694.1 826.6 696.6 866.0 0.65 60
SFIX,R 186506248
EFIX,R 186506248 186506307 60 688.1 821.3 3782
SSACC,R 186506308
SBLINK,R 186506324
EBLINK,R 186506324 186506423 100
ESACC,R 186506308 186506497 190 672.9 797.8 1208.4 1026.9 9.62 350
SFIX,R 186506498
EFIX,R 186506498 186506811 314 1203.3 1063.2 3957
SSACC,R 186506812
SBLINK,R 186506842
EBLINK,R 186506842 186507668 827
ESACC,R 186506812 186507919 1108 1223.0 1095.5 704.8 340.8 15.16 1478
SFIX,R 186507920
EFIX,R 186507920 186507983 64 717.3 340.8 4027
SSACC,R 186507984
ESACC,R 186507984 186508143 160 706.8 374.9 1529.9 1325.9 20.36 474
SFIX,R 186508144
EFIX,R 186508144 186508177 34 1519.4 1291.7 4215
SSACC,R 186508178
ESACC,R 186508178 186508256 79 1512.5 1258.4 1505.7 1225.8 0.52 216
SFIX,R 186508257
EFIX,R 186508257 186508522 266 1510.0 1206.9 3453
SSACC,R 186508523
SBLINK,R 186508533
EBLINK,R 186508533 186509026 494
ESACC,R 186508523 186509035 513 1536.4 1210.9 1682.0 893.3 5.53 267
SFIX,R 186509036
EFIX,R 186509036 186509069 34 1674.0 867.3 3432
SSACC,R 186509070
SBLINK,R 186509080
EBLINK,R 186509080 186509178 99
ESACC,R 186509070 186509187 118 1675.5 893.9 1737.1 941.0 1.24 237
SFIX,R 186509188
EFIX,R 186509188 186509241 54 1725.0 992.4 3777
SSACC,R 186509242
SBLINK,R 186509310
EBLINK,R 186509310 186509430 121
ESACC,R 186509242 186509439 198 1720.3 996.5 1699.9 877.8 1.93 127
SFIX,R 186509440
EFIX,R 186509440 186509537 98 1729.4 1353.5 3252
SSACC,R 186509538
SBLINK,R 186509584
EBLINK,R 186509584 186509896 313
ESACC,R 186509538 186509911 374 1733.0 1363.8 1276.9 1062.6 8.60 685
SFIX,R 186509912
EFIX,R 186509912 186509946 35 1271.1 1084.7 3714
SSACC,R 186509947
SBLINK,R 186509957
EBLINK,R 186509957 186511043 1087
ESACC,R 186509947 186511073 1127 1631.6 1225.8 1630.6 1270.5 0.69 59
SFIX,R 186511074
EFIX,R 186511074 186511140 67 1631.3 1275.1 3809
SSACC,R 186511141
ESACC,R 186511141 186511182 42 1630.3 1250.0 1610.0 1145.7 1.65 175
SFIX,R 186511183
EFIX,R 186511183 186511351 169 1602.8 1144.0 3341
SSACC,R 186511352
SBLINK,R 186511362
EBLINK,R 186511362 186511362 1
ESACC,R 186511352 186511409 58 1604.3 1202.9 1548.5 1102.4 1.80 151
SFIX,R 186511410
EFIX,R 186511410 186511825 416 1518.1 1169.4 3485
SSACC,R 186511826
ESACC,R 186511826 186511853 28 1508.5 1166.7 1555.3 1376.9 3.31 192
SFIX,R 186511854
EFIX,R 186511854 186512160 307 1542.1 1372.9 3354
SSACC,R 186512161
ESACC,R 186512161 186512181 21 1538.3 1376.5 1535.5 1293.1 1.27 113
SFIX,R 186512182
EFIX,R 186512182 186512345 164 1534.9 1277.3 3309
SSACC,R 186512346
ESACC,R 186512346 186512365 20 1538.4 1269.3 1535.2 1171.7 1.51 122
SFIX,R 186512366
EFIX,R 186512366 186512623 258 1532.0 1170.2 3351
SSACC,R 186512624
ESACC,R 186512624 186512632 9 1531.3 1173.4 1543.1 1138.9 0.57 67
SFIX,R 186512633
EFIX,R 186512633 186513368 736 1568.9 1153.4 3181
SSACC,R 186513369
SBLINK,R 186513384
EBLINK,R 186513384 186513773 390
ESACC,R 186513369 186513848 480 1571.9 1170.6 1522.7 1189.6 0.84 231
SFIX,R 186513849
EFIX,R 186513849 186513911 63 1515.1 1186.2 2534
SSACC,R 186513912
ESACC,R 186513912 186513924 13 1514.7 1190.1 1557.2 1157.1 0.85 80
SFIX,R 186513925
EFIX,R 186513925 186514788 864 1565.2 1146.1 3087
SSACC,R 186514789
ESACC,R 186514789 186514856 68 1565.3 1164.9 1957.8 948.1 7.01 175
SFIX,R 186514857
EFIX,R 186514857 186515502 646 1953.5 984.7 2945
SSACC,R 186515503
ESACC,R 186515503 186515519 17 1955.1 985.9 1906.4 1056.1 1.33 112
SFIX,R 186515520
EFIX,R 186515520 186515842 323 1907.6 1041.0 3208
SSACC,R 186515843
SBLINK,R 186515889
EBLINK,R 186515889 186516373 485
ESACC,R 186515843 186516429 587 1915.5 1029.2 385.5 498.0 25.81 445
SFIX,R 186516430
EFIX,R 186516430 186516452 23 382.1 503.5 3016
SSACC,R 186516453
ESACC,R 186516453 186516719 267 384.5 491.9 129.0 1104.3 10.71 265
SFIX,R 186516720
EFIX,R 186516720 186516786 67 122.7 1106.2 3869
SSACC,R 186516787
ESACC,R 186516787 186516805 19 122.5 1104.8 157.5 1023.9 1.38 96
SFIX,R 186516806
EFIX,R 186516806 186516855 50 177.3 999.0 3719
SSACC,R 186516856
ESACC,R 186516856 186516874 19 193.4 972.4 211.8 927.1 0.78 78
SFIX,R 186516875
EFIX,R 186516875 186516917 43 227.8 880.5 3591
SSACC,R 186516918
ESACC,R 186516918 186516936 19 236.2 857.4 205.3 909.6 0.97 69
SFIX,R 186516937
EFIX,R 186516937 186516961 25 204.5 932.2 3656
SSACC,R 186516962
ESACC,R 186516962 186517650 689 205.7 940.5 24.8 328.5 10.35 522
SFIX,R 186517651
EFIX,R 186517651 186517709 59 22.0 358.3 2174
SSACC,R 186517710
SBLINK,R 186518281
EBLINK,R 186518281 186518365 85
ESACC,R 186517710 186518406 697 0.4 364.5 726.3 175.4 12.28 1534
SFIX,R 186518407
EFIX,R 186518407 186519884 1478 697.4 191.1 2629
SSACC,R 186519885
ESACC,R 186519885 186520124 240 682.7 194.8 113.9 518.8 10.82 223
SFIX,R 186520125
EFIX,R 186520125 186520158 34 115.5 511.8 2025
SSACC,R 186520159
ESACC,R 186520159 186520241 83 113.9 506.5 125.3 525.3 0.36 98
SFIX,R 186520242
EFIX,R 186520242 186520263 22 128.6 524.2 2060
SSACC,R 186520264
ESACC,R 186520264 186520283 20 132.2 534.6 134.0 514.2 0.34 71
SFIX,R 186520284
EFIX,R 186520284 186520352 69 139.6 518.7 2103
SSACC,R 186520353
ESACC,R 186520353 186520379 27 148.0 532.4 143.5 511.2 0.36 84
SFIX,R 186520380
EFIX,R 186520380 186521352 973 187.4 439.5 2217
SSACC,R 186521353
ESACC,R 186521353 186521372 20 189.0 420.8 191.0 417.0 0.07 81
SFIX,R 186521373
EFIX,R 186521373 186521498 126 196.3 427.1 2249
SSACC,R 186521499
SBLINK,R 186521532
EBLINK,R 186521532 186522176 645
ESACC,R 186521499 186522195 697 203.5 444.7 382.1 420.7 2.95 300
SFIX,R 186522196
EFIX,R 186522196 186522231 36 373.4 413.1 3385
SSACC,R 186522232
ESACC,R 186522232 186522293 62 372.4 407.9 337.3 460.4 1.05 77
SFIX,R 186522294
EFIX,R 186522294 186522361 68 336.3 483.6 3694
SSACC,R 186522362
ESACC,R 186522362 186522399 38 339.7 481.6 349.7 397.8 1.42 98
SFIX,R 186522400
EFIX,R 186522400 186522502 103 396.7 353.2 3265
SSACC,R 186522503
ESACC,R 186522503 186522653 151 419.4 362.8 -98.5 396.5 8.32 176
SFIX,R 186522654
EFIX,R 186522654 186523048 395 -122.6 380.8 3212
SSACC,R 186523049
ESACC,R 186523049 186523115 67 -124.0 364.0 -14.0 60.3 5.26 133
SFIX,R 186523116
EFIX,R 186523116 186523161 46 32.8 -2.1 2244
SSACC,R 186523162
SBLINK,R 186523172
EBLINK,R 186523172 186523311 140
ESACC,R 186523162 186523394 233 31.1 -53.3 -48.3 87.8 2.63 125
SFIX,R 186523395
EFIX,R 186523395 186523514 120 -75.4 211.4 2594
SSACC,R 186523515
ESACC,R 186523515 186523520 6 -104.3 307.7 -123.6 330.7 0.48 78
SFIX,R 186523521
EFIX,R 186523521 186523620 100 -130.4 361.7 2874
SSACC,R 186523621
SBLINK,R 186524016
EBLINK,R 186524016 186524319 304
ESACC,R 186523621 186524406 786 -121.0 373.9 2.1 440.0 2.20 926
SFIX,R 186524407
EFIX,R 186524407 186525202 796 13.6 470.3 2539
SSACC,R 186525203
ESACC,R 186525203 186525391 189 38.1 453.1 51.5 431.2 0.42 87
SFIX,R 186525392
EFIX,R 186525392 186525520 129 47.5 441.4 2644
SSACC,R 186525521
ESACC,R 186525521 186525636 116 39.3 428.5 1182.9 716.9 19.23 349
SFIX,R 186525637
EFIX,R 186525637 186525721 85 1198.0 721.0 2783
SSACC,R 186525722
SBLINK,R 186525842
EBLINK,R 186525842 186525960 119
ESACC,R 186525722 186526050 329 1209.4 707.8 1040.8 987.5 5.40 328
SFIX,R 186526051
EFIX,R 186526051 186526116 66 1040.5 991.1 3633
SSACC,R 186526117
ESACC,R 186526117 186526153 37 1061.0 985.3 1033.5 1078.5 1.57 194
SFIX,R 186526154
EFIX,R 186526154 186526193 40 1049.6 1007.3 3646
SSACC,R 186526194
ESACC,R 186526194 186526249 56 1058.9 990.1 1072.2 1016.0 0.47 162
SFIX,R 186526250
EFIX,R 186526250 186526301 52 1075.2 994.7 3728
SSACC,R 186526302
ESACC,R 186526302 186526436 135 1076.5 997.1 1079.4 800.2 3.23 446
SFIX,R 186526437
EFIX,R 186526437 186526725 289 1068.9 812.3 3565
SSACC,R 186526726
ESACC,R 186526726 186526758 33 1057.1 785.4 1135.8 620.8 3.06 148
SFIX,R 186526759
EFIX,R 186526759 186526781 23 1139.6 596.0 3167
SSACC,R 186526782
SBLINK,R 186526821
EBLINK,R 186526821 186527118 298
ESACC,R 186526782 186527171 390 1151.5 591.1 721.2 306.9 8.73 959
SFIX,R 186527172
EFIX,R 186527172 186527589 418 709.4 344.5 3586
SSACC,R 186527590
ESACC,R 186527590 186527621 32 728.9 337.8 886.6 103.4 4.83 316
SFIX,R 186527622
EFIX,R 186527622 186527771 150 861.7 138.0 3156
SSACC,R 186527772
ESACC,R 186527772 186527797 26 845.4 166.0 890.1 83.9 1.60 111
SFIX,R 186527798
EFIX,R 186527798 186527821 24 897.4 77.3 2979
SSACC,R 186527822
ESACC,R 186527822 186527839 18 891.1 88.4 848.1 173.9 1.64 138
SFIX,R 186527840
EFIX,R 186527840 186527908 69 834.9 196.8 3049
SSACC,R 186527909
SBLINK,R 186527926
EBLINK,R 186527926 186528015 90
ESACC,R 186527909 186528029 121 834.8 199.8 827.8 211.6 0.23 142
SFIX,R 186528030
EFIX,R 186528030 186528132 103 831.6 236.7 3079
SSACC,R 186528133
SBLINK,R 186528158
EBLINK,R 186528158 186528608 451
ESACC,R 186528133 186528617 485 831.6 244.8 1454.4 876.7 14.82 367
SFIX,R 186528618
EFIX,R 186528618 186528765 148 1459.1 944.5 3381
SSACC,R 186528766
SBLINK,R 186528891
EBLINK,R 186528891 186529672 782
ESACC,R 186528766 186529681 916 1429.7 897.4 1462.4 994.1 1.65 353
SFIX,R 186529682
EFIX,R 186529682 186529880 199 1418.2 896.9 3291
SSACC,R 186529881
SBLINK,R 186529891
EBLINK,R 186529891 186531128 1238
ESACC,R 186529881 186531172 1292 1630.1 757.2 1535.3 1104.7 5.79 321
SFIX,R 186531173
EFIX,R 186531173 186531872 700 1533.4 1114.5 3326
SSACC,R 186531873
ESACC,R 186531873 186531943 71 1525.7 1112.9 2139.7 1000.0 9.62 207
SFIX,R 186531944
EFIX,R 186531944 186532362 419 2133.4 1017.3 2983
SSACC,R 186532363
SBLINK,R 186532378
EBLINK,R 186532378 186532550 173
ESACC,R 186532363 186532607 245 2132.4 1016.6 1625.8 1087.7 7.86 448
SFIX,R 186532608
EFIX,R 186532608 186532924 317 1611.2 1140.4 3183
SSACC,R 186532925
ESACC,R 186532925 186532949 25 1607.0 1152.7 1608.6 1366.2 3.28 271
SFIX,R 186532950
EFIX,R 186532950 186533251 302 1605.6 1343.9 3144
SSACC,R 186533252
ESACC,R 186533252 186533271 20 1606.3 1338.8 1567.7 1234.7 1.70 163
SFIX,R 186533272
EFIX,R 186533272 186533522 251 1552.1 1205.7 3224
SSACC,R 186533523
ESACC,R 186533523 186533544 22 1550.1 1202.5 1523.3 1130.0 1.21 73
SFIX,R 186533545
EFIX,R 186533545 186534889 1345 1509.4 1122.5 3226
SSACC,R 186534890
ESACC,R 186534890 186534916 27 1502.9 1117.9 1602.3 1076.7 1.72 104
SFIX,R 186534917
EFIX,R 186534917 186535405 489 1709.3 1065.7 3322
SSACC,R 186535406
ESACC,R 186535406 186535471 66 1705.7 1058.3 830.9 1036.3 14.11 347
SFIX,R 186535472
EFIX,R 186535472 186535602 131 812.8 1023.4 3744
SSACC,R 186535603
ESACC,R 186535603 186535640 38 813.5 1024.0 1439.3 1231.2 10.69 588
SFIX,R 186535641
EFIX,R 186535641 186536059 419 1450.1 1247.0 3683
SSACC,R 186536060
ESACC,R 186536060 186536093 34 1457.2 1266.3 998.7 1218.3 7.43 426
SFIX,R 186536094
EFIX,R 186536094 186536673 580 958.4 1184.4 3796
SSACC,R 186536674
ESACC,R 186536674 186536715 42 932.1 1191.3 1726.5 1197.6 12.67 585
SFIX,R 186536716
EFIX,R 186536716 186537042 327 1718.3 1196.9 3337
SSACC,R 186537043
ESACC,R 186537043 186537064 22 1711.0 1197.8 1833.8 1208.8 1.91 174
SFIX,R 186537065
EFIX,R 186537065 186537468 404 1829.3 1229.6 3214
SSACC,R 186537469
ESACC,R 186537469 186537480 12 1821.0 1236.5 1782.7 1269.1 0.77 79
SFIX,R 186537481
EFIX,R 186537481 186538058 578 1766.6 1281.8 2973
SSACC,R 186538059
ESACC,R 186538059 186538071 13 1747.4 1280.0 1802.8 1290.1 0.87 84
SFIX,R 186538072
EFIX,R 186538072 186538318 247 1800.7 1292.1 2771
SSACC,R 186538319
SBLINK,R 186538332
EBLINK,R 186538332 186538434 103
ESACC,R 186538319 186538477 159 1803.0 1302.7 955.0 1227.3 13.44 468
SFIX,R 186538478
EFIX,R 186538478 186538651 174 938.6 1235.9 3111
SSACC,R 186538652
ESACC,R 186538652 186538672 21 936.4 1232.9 822.3 1259.9 1.90 180
SFIX,R 186538673
EFIX,R 186538673 186539093 421 830.1 1246.3 3307
SSACC,R 186539094
ESACC,R 186539094 186539134 41 839.4 1226.8 1672.5 1258.2 13.29 647
SFIX,R 186539135
EFIX,R 186539135 186539373 239 1668.1 1268.2 3067
SSACC,R 186539374
ESACC,R 186539374 186539401 28 1667.4 1276.7 1393.1 1221.8 4.42 326
SFIX,R 186539402
EFIX,R 186539402 186539644 243 1373.9 1232.4 3050
SSACC,R 186539645
ESACC,R 186539645 186539661 17 1367.9 1240.7 1415.7 1193.8 1.06 110
SFIX,R 186539662
EFIX,R 186539662 186539926 265 1418.0 1190.2 2934
SSACC,R 186539927
ESACC,R 186539927 186539952 26 1421.8 1186.4 1650.1 1219.7 3.66 284
SFIX,R 186539953
EFIX,R 186539953 186540120 168 1661.2 1228.1 2944
SSACC,R 186540121
ESACC,R 186540121 186540171 51 1660.2 1232.2 780.0 282.9 21.05 906
SFIX,R 186540172
EFIX,R 186540172 186540289 118 779.0 293.1 2920
SSACC,R 186540290
ESACC,R 186540290 186540310 21 773.4 296.4 790.4 199.4 1.69 164
SFIX,R 186540311
EFIX,R 186540311 186540975 665 745.1 202.5 1938
SSACC,R 186540976
ESACC,R 186540976 186541007 32 726.7 206.5 1185.2 333.4 8.08 524
SFIX,R 186541008
EFIX,R 186541008 186541177 170 1175.8 342.0 1701
SSACC,R 186541178
ESACC,R 186541178 186541183 6 1177.2 335.2 1177.2 320.9 0.24 41
SFIX,R 186541184
EFIX,R 186541184 186541304 121 1179.0 322.1 1929
SSACC,R 186541305
ESACC,R 186541305 186541353 49 1180.4 325.9 1507.9 1371.3 17.61 695
SFIX,R 186541354
EFIX,R 186541354 186541686 333 1508.5 1374.0 2281
SSACC,R 186541687
ESACC,R 186541687 186541710 24 1509.8 1366.6 1387.8 1238.5 2.76 237
SFIX,R 186541711
EFIX,R 186541711 186541929 219 1382.3 1222.6 2748
SSACC,R 186541930
ESACC,R 186541930 186541963 34 1384.9 1215.3 919.4 1264.1 7.56 429
SFIX,R 186541964
EFIX,R 186541964 186542264 301 912.4 1258.0 3205
SSACC,R 186542265
ESACC,R 186542265 186542275 11 911.2 1256.7 917.4 1205.9 0.80 83
SFIX,R 186542276
EFIX,R 186542276 186542594 319 914.3 1230.4 3200
SSACC,R 186542595
ESACC,R 186542595 186542643 49 909.9 1239.5 1640.6 1298.0 11.67 446
SFIX,R 186542644
EFIX,R 186542644 186543032 389 1629.7 1308.7 2744
SSACC,R 186543033
ESACC,R 186543033 186543065 33 1622.3 1312.5 1374.1 1296.3 3.93 259
SFIX,R 186543066
EFIX,R 186543066 186543214 149 1389.2 1305.5 2636
SSACC,R 186543215
SBLINK,R 186543237
EBLINK,R 186543237 186543453 217
ESACC,R 186543215 186543503 289 1384.0 1311.4 -144.7 1831.8 24.05 238
SFIX,R 186543504
EFIX,R 186543504 186543744 241 -134.6 1824.6 2584
SSACC,R 186543745
ESACC,R 186543745 186543768 24 -125.7 1830.6 -229.0 1697.0 2.33 201
SFIX,R 186543769
EFIX,R 186543769 186543938 170 -225.4 1693.5 2770
SSACC,R 186543939
ESACC,R 186543939 186544000 62 -217.4 1689.2 360.3 478.5 20.30 684
SFIX,R 186544001
EFIX,R 186544001 186544240 240 350.6 468.1 2681
SSACC,R 186544241
ESACC,R 186544241 186544279 39 330.0 460.5 978.5 207.7 11.66 577
SFIX,R 186544280
EFIX,R 186544280 186544516 237 978.6 197.4 2011
SSACC,R 186544517
ESACC,R 186544517 186544543 27 967.7 200.3 741.4 226.5 3.87 289
SFIX,R 186544544
EFIX,R 186544544 186545060 517 730.6 227.0 1870
SSACC,R 186545061
ESACC,R 186545061 186545093 33 728.3 220.8 1193.9 353.2 8.22 507
SFIX,R 186545094
EFIX,R 186545094 186545228 135 1192.7 359.1 1764
SSACC,R 186545229
ESACC,R 186545229 186545237 9 1192.3 360.1 1178.6 336.5 0.47 56
SFIX,R 186545238
EFIX,R 186545238 186545467 230 1181.2 336.1 1980
SSACC,R 186545468
ESACC,R 186545468 186545520 53 1184.6 341.7 1317.6 1264.2 15.16 505
SFIX,R 186545521
EFIX,R 186545521 186545763 243 1315.8 1285.7 2233
SSACC,R 186545764
ESACC,R 186545764 186545795 32 1316.1 1286.7 900.7 1306.2 6.70 423
SFIX,R 186545796
EFIX,R 186545796 186546289 494 895.9 1286.6 2705
SSACC,R 186546290
ESACC,R 186546290 186546301 12 901.3 1272.4 881.7 1237.5 0.63 66
SFIX,R 186546302
EFIX,R 186546302 186546808 507 882.9 1252.2 2851
SSACC,R 186546809
ESACC,R 186546809 186546849 41 872.9 1257.2 1571.6 1298.0 11.18 496
SFIX,R 186546850
EFIX,R 186546850 186547063 214 1575.2 1299.8 2475
SSACC,R 186547064
ESACC,R 186547064 186547084 21 1574.3 1298.9 1660.9 1352.6 1.58 130
SFIX,R 186547085
EFIX,R 186547085 186547397 313 1665.0 1349.9 2516
SSACC,R 186547398
ESACC,R 186547398 186547424 27 1669.2 1348.0 1416.5 1244.1 4.28 323
SFIX,R 186547425
EFIX,R 186547425 186547526 102 1403.8 1249.6 2687
SSACC,R 186547527
ESACC,R 186547527 186547554 28 1404.6 1251.9 1704.3 1264.9 4.73 345
SFIX,R 186547555
EFIX,R 186547555 186547809 255 1703.5 1238.8 2617
SSACC,R 186547810
ESACC,R 186547810 186547832 23 1714.3 1204.4 1703.4 1284.3 1.24 129
SFIX,R 186547833
EFIX,R 186547833 186548112 280 1708.4 1273.6 2772
SSACC,R 186548113
ESACC,R 186548113 186548128 16 1706.9 1270.1 1693.1 1213.1 0.90 99
SFIX,R 186548129
EFIX,R 186548129 186548319 191 1669.4 1226.6 2737
SSACC,R 186548320
ESACC,R 186548320 186548324 5 1645.2 1244.6 1659.0 1238.7 0.23 44
SFIX,R 186548325
EFIX,R 186548325 186548566 242 1644.2 1240.3 2513
SSACC,R 186548567
ESACC,R 186548567 186548574 8 1642.0 1238.1 1665.8 1242.6 0.38 51
SFIX,R 186548575
EFIX,R 186548575 186548893 319 1679.4 1253.4 2547
SSACC,R 186548894
ESACC,R 186548894 186548900 7 1689.6 1263.0 1666.9 1246.1 0.44 59
SFIX,R 186548901
EFIX,R 186548901 186549122 222 1671.8 1263.7 2378
SSACC,R 186549123
ESACC,R 186549123 186549129 7 1686.1 1269.0 1671.3 1250.8 0.36 53
SFIX,R 186549130
EFIX,R 186549130 186549372 243 1693.3 1259.3 2250
SSACC,R 186549373
ESACC,R 186549373 186549378 6 1704.3 1272.3 1691.0 1267.6 0.22 38
SFIX,R 186549379
EFIX,R 186549379 186549668 290 1687.7 1272.4 2236
SSACC,R 186549669
SBLINK,R 186549684
EBLINK,R 186549684 186549795 112
ESACC,R 186549669 186549847 179 1691.5 1276.7 1725.9 1167.1 1.77 366
SFIX,R 186549848
EFIX,R 186549848 186550133 286 1735.5 1241.6 2438
SSACC,R 186550134
ESACC,R 186550134 186550167 34 1759.0 1242.8 1375.2 1288.5 6.08 364
SFIX,R 186550168
EFIX,R 186550168 186550374 207 1373.4 1294.8 2775
SSACC,R 186550375
ESACC,R 186550375 186550404 30 1376.8 1287.5 1749.1 1269.2 5.86 397
SFIX,R 186550405
EFIX,R 186550405 186550766 362 1755.0 1261.8 2771
SSACC,R 186550767
ESACC,R 186550767 186550784 18 1759.5 1259.5 1704.4 1209.5 1.15 112
SFIX,R 186550785
EFIX,R 186550785 186551031 247 1704.5 1205.1 2885
SSACC,R 186551032
ESACC,R 186551032 186551073 42 1708.3 1199.2 900.1 1229.7 12.90 581
SFIX,R 186551074
EFIX,R 186551074 186551335 262 894.9 1233.1 3357
SSACC,R 186551336
ESACC,R 186551336 186551353 18 892.5 1230.8 959.6 1203.9 1.17 117
SFIX,R 186551354
EFIX,R 186551354 186551579 226 967.9 1195.9 3338
SSACC,R 186551580
SBLINK,R 186551610
EBLINK,R 186551610 186551696 87
ESACC,R 186551580 186551762 183 968.3 1190.6 1783.1 1121.8 13.03 583
SFIX,R 186551763
EFIX,R 186551763 186552001 239 1761.0 1191.0 3113
SSACC,R 186552002
ESACC,R 186552002 186552012 11 1760.4 1213.5 1782.3 1186.0 0.54 59
SFIX,R 186552013
EFIX,R 186552013 186552434 422 1788.9 1169.3 3013
SSACC,R 186552435
ESACC,R 186552435 186552456 22 1791.5 1167.3 1806.3 1305.8 2.13 189
SFIX,R 186552457
EFIX,R 186552457 186552771 315 1797.5 1305.3 3154
SSACC,R 186552772
ESACC,R 186552772 186552825 54 1794.5 1316.8 1425.0 1195.3 6.08 227
SFIX,R 186552826
EFIX,R 186552826 186553093 268 1417.8 1191.1 3324
SSACC,R 186553094
ESACC,R 186553094 186553123 30 1413.1 1192.5 1740.9 1190.8 5.19 321
SFIX,R 186553124
EFIX,R 186553124 186553464 341 1748.5 1180.5 3091
SSACC,R 186553465
ESACC,R 186553465 186553476 12 1751.7 1178.8 1801.5 1175.7 0.77 76
SFIX,R 186553477
EFIX,R 186553477 186554587 1111 1800.7 1174.3 3031
SSACC,R 186554588
SBLINK,R 186554620
EBLINK,R 186554620 186554754 135
ESACC,R 186554588 186554832 245 1794.5 1177.9 2031.2 397.2 12.89 895
SFIX,R 186554833
EFIX,R 186554833 186555072 240 2023.5 419.9 2412
SSACC,R 186555073
ESACC,R 186555073 186555129 57 2014.8 414.2 1766.4 1265.2 13.94 554
SFIX,R 186555130
EFIX,R 186555130 186555385 256 1761.6 1262.3 2807
SSACC,R 186555386
ESACC,R 186555386 186555409 24 1764.9 1262.6 1725.0 1150.7 1.83 130
SFIX,R 186555410
EFIX,R 186555410 186555724 315 1701.7 1123.9 3039
SSACC,R 186555725
ESACC,R 186555725 186555760 36 1699.1 1123.9 1250.9 1099.9 7.19 371
SFIX,R 186555761
EFIX,R 186555761 186556015 255 1233.4 1099.8 3290
SSACC,R 186556016
ESACC,R 186556016 186556042 27 1231.0 1096.4 1122.9 960.6 2.82 159
SFIX,R 186556043
EFIX,R 186556043 186556101 59 1092.7 935.3 3327
SSACC,R 186556102
ESACC,R 186556102 186556125 24 1088.7 930.0 998.2 923.4 1.51 93
SFIX,R 186556126
EFIX,R 186556126 186557132 1007 973.5 937.5 3188
SSACC,R 186557133
SBLINK,R 186557176
EBLINK,R 186557176 186557274 99
ESACC,R 186557133 186557317 185 969.3 948.6 104.5 226.3 18.46 1214
SFIX,R 186557318
EFIX,R 186557318 186557891 574 89.6 207.1 2597
SSACC,R 186557892
SBLINK,R 186557942
EBLINK,R 186557942 186558071 130
ESACC,R 186557892 186558113 222 88.7 217.0 -299.7 720.1 10.09 1370
SFIX,R 186558114
EFIX,R 186558114 186558296 183 -306.4 711.3 2599
SSACC,R 186558297
ESACC,R 186558297 186558355 59 -310.6 710.7 357.2 917.9 10.84 323
SFIX,R 186558356
EFIX,R 186558356 186558743 388 356.6 924.8 2892
SSACC,R 186558744
ESACC,R 186558744 186558787 44 360.1 921.7 772.3 321.1 12.10 717
SFIX,R 186558788
EFIX,R 186558788 186558886 99 769.6 323.6 2902
SSACC,R 186558887
ESACC,R 186558887 186558908 22 768.0 325.1 786.7 210.3 1.99 175
SFIX,R 186558909
EFIX,R 186558909 186559350 442 773.2 215.7 2594
SSACC,R 186559351
ESACC,R 186559351 186559388 38 768.5 223.8 1418.4 450.6 11.60 582
SFIX,R 186559389
EFIX,R 186559389 186559530 142 1416.6 463.8 2563
SSACC,R 186559531
ESACC,R 186559531 186559542 12 1417.7 463.3 1397.7 429.3 0.67 72
SFIX,R 186559543
EFIX,R 186559543 186559868 326 1398.3 433.9 2498
SSACC,R 186559869
ESACC,R 186559869 186559899 31 1398.1 432.1 1424.4 880.5 7.47 489
SFIX,R 186559900
EFIX,R 186559900 186560463 564 1418.0 915.5 2769
SSACC,R 186560464
ESACC,R 186560464 186560532 69 1416.1 909.0 1742.2 1712.9 13.12 294
SFIX,R 186560533
EFIX,R 186560533 186561006 474 1735.1 1712.5 2813
SSACC,R 186561007
ESACC,R 186561007 186561040 34 1737.0 1707.8 1450.8 1186.2 8.89 585
SFIX,R 186561041
EFIX,R 186561041 186561220 180 1443.3 1157.8 3070
SSACC,R 186561221
ESACC,R 186561221 186561243 23 1443.5 1155.9 1567.3 1166.1 1.99 159
SFIX,R 186561244
EFIX,R 186561244 186561716 473 1584.8 1161.9 3045
SSACC,R 186561717
ESACC,R 186561717 186561737 21 1585.9 1159.5 1617.9 1065.5 1.56 117
SFIX,R 186561738
EFIX,R 186561738 186563090 1353 1604.9 1039.5 3021
SSACC,R 186563091
ESACC,R 186563091 186563114 24 1604.2 1039.3 1689.1 1099.7 1.65 111
SFIX,R 186563115
EFIX,R 186563115 186563147 33 1736.8 1138.0 2903
SSACC,R 186563148
SBLINK,R 186563163
EBLINK,R 186563163 186563402 240
ESACC,R 186563148 186563456 309 1766.2 1167.7 1422.6 1008.8 6.01 409
SFIX,R 186563457
EFIX,R 186563457 186564328 872 1401.4 1053.3 2925
SSACC,R 186564329
ESACC,R 186564329 186564359 31 1400.8 1047.2 1179.6 1202.7 4.36 271
SFIX,R 186564360
EFIX,R 186564360 186564624 265 1119.1 1221.6 3200
SSACC,R 186564625
ESACC,R 186564625 186564646 22 1115.2 1219.5 1165.7 1178.8 1.04 69
SFIX,R 186564647
EFIX,R 186564647 186564967 321 1203.2 1150.7 3140
SSACC,R 186564968
ESACC,R 186564968 186564995 28 1204.3 1150.3 1489.7 1206.5 4.69 339
SFIX,R 186564996
EFIX,R 186564996 186565501 506 1498.1 1204.7 3187
SSACC,R 186565502
ESACC,R 186565502 186565520 19 1496.7 1205.0 1452.5 1138.9 1.25 116
SFIX,R 186565521
EFIX,R 186565521 186566159 639 1451.4 1140.8 3172
SSACC,R 186566160
ESACC,R 186566160 186566220 61 1450.9 1141.7 1927.4 879.6 8.58 211
SFIX,R 186566221
EFIX,R 186566221 186566588 368 1965.2 880.2 2510
SSACC,R 186566589
ESACC,R 186566589 186566614 26 1970.0 879.6 1920.2 1060.1 2.93 201
SFIX,R 186566615
EFIX,R 186566615 186567127 513 1917.9 1058.2 2747
SSACC,R 186567128
ESACC,R 186567128 186567169 42 1916.5 1056.6 2149.0 1206.4 4.17 159
SFIX,R 186567170
EFIX,R 186567170 186567599 430 2213.0 1279.9 2588
SSACC,R 186567600
ESACC,R 186567600 186567647 48 2213.1 1286.6 1675.3 1202.8 8.17 310
SFIX,R 186567648
EFIX,R 186567648 186567865 218 1659.7 1199.6 2908
SSACC,R 186567866
SBLINK,R 186567943
EBLINK,R 186567943 186568165 223
ESACC,R 186567866 186568224 359 1657.6 1201.6 2422.1 1118.7 11.37 357
SFIX,R 186568225
EFIX,R 186568225 186568312 88 2442.7 996.6 2291
SSACC,R 186568313
ESACC,R 186568313 186568423 111 2447.2 955.5 2364.2 490.3 7.25 218
SFIX,R 186568424
EFIX,R 186568424 186568548 125 2362.6 528.4 2256
SSACC,R 186568549
ESACC,R 186568549 186568603 55 2361.6 540.2 2154.3 -30.3 9.57 284
SFIX,R 186568604
EFIX,R 186568604 186568844 241 2121.2 -52.1 2423
SSACC,R 186568845
ESACC,R 186568845 186568901 57 2118.1 -59.7 794.5 219.0 21.74 712
SFIX,R 186568902
EFIX,R 186568902 186569650 749 761.8 222.2 2396
SSACC,R 186569651
ESACC,R 186569651 186569681 31 744.3 220.9 1086.5 434.2 6.86 461
SFIX,R 186569682
EFIX,R 186569682 186570943 1262 1067.1 439.7 2447
SSACC,R 186570944
ESACC,R 186570944 186571030 87 1065.6 439.3 264.9 1706.1 23.33 428
SFIX,R 186571031
EFIX,R 186571031 186571589 559 263.3 1716.1 2597
SSACC,R 186571590
ESACC,R 186571590 186571659 70 304.5 1650.3 -504.4 982.2 15.32 421
SFIX,R 186571660
EFIX,R 186571660 186571725 66 -494.0 977.4 2913
SSACC,R 186571726
ESACC,R 186571726 186571741 16 -483.6 945.0 -470.2 899.1 0.72 101
SFIX,R 186571742
EFIX,R 186571742 186571801 60 -462.2 912.3 3009
SSACC,R 186571802
SBLINK,R 186572081
EBLINK,R 186572081 186572118 38
ESACC,R 186571802 186572165 364 -445.6 897.2 -277.3 114.1 12.52 594
SFIX,R 186572166
EFIX,R 186572166 186572194 29 -272.1 105.2 1792
SSACC,R 186572195
SBLINK,R 186572282
EBLINK,R 186572282 186572400 119
ESACC,R 186572195 186572540 346 -281.4 113.6 -44.3 722.5 10.44 1076
SFIX,R 186572541
EFIX,R 186572541 186572874 334 -73.3 753.2 3579
SSACC,R 186572875
ESACC,R 186572875 186572891 17 -50.5 744.7 -28.9 694.6 0.87 91
SFIX,R 186572892
EFIX,R 186572892 186572974 83 -15.6 696.0 3536
SSACC,R 186572975
ESACC,R 186572975 186572984 10 -19.1 701.6 -41.9 745.8 0.79 88
SFIX,R 186572985
EFIX,R 186572985 186573020 36 -40.5 756.4 3647
SSACC,R 186573021
SBLINK,R 186573255
EBLINK,R 186573255 186573462 208
ESACC,R 186573021 186573479 459 -41.8 759.2 726.0 234.5 15.17 379
SFIX,R 186573480
EFIX,R 186573480 186573529 50 719.5 197.7 3432
SSACC,R 186573530
SBLINK,R 186573549
EBLINK,R 186573549 186573897 349
ESACC,R 186573530 186573906 377 720.2 201.5 724.8 228.2 0.46 69
SFIX,R 186573907
EFIX,R 186573907 186574199 293 728.1 178.6 3346
SSACC,R 186574200
ESACC,R 186574200 186574210 11 734.9 210.4 746.3 246.0 0.64 69
SFIX,R 186574211
EFIX,R 186574211 186574239 29 748.3 261.3 3457
SSACC,R 186574240
SBLINK,R 186574250
EBLINK,R 186574250 186574562 313
ESACC,R 186574240 186574610 371 234.7 -498.1 125.0 -775.7 4.70 220
SFIX,R 186574611
EFIX,R 186574611 186574778 168 81.5 -894.8 2612
SSACC,R 186574779
SBLINK,R 186574854
EBLINK,R 186574854 186575045 192
ESACC,R 186574779 186575096 318 67.8 -943.0 1140.7 878.9 33.24 1169
SFIX,R 186575097
EFIX,R 186575097 186575716 620 1126.5 893.6 3594
SSACC,R 186575717
SBLINK,R 186575727
EBLINK,R 186575727 186575812 86
ESACC,R 186575717 186575821 105 67.8 -943.0 1140.7 878.9 34.60 0
SFIX,R 186575822
EFIX,R 186575822 186575843 22 1138.1 896.7 3619
SSACC,R 186575844
SBLINK,R 186575854
EBLINK,R 186575854 186575965 112
ESACC,R 186575844 186575974 131 67.8 -943.0 1140.7 878.9 34.80 0
SFIX,R 186575975
EFIX,R 186575975 186575995 21 1157.4 915.7 3451
SSACC,R 186575996
SBLINK,R 186576006
EBLINK,R 186576006 186576373 368
ESACC,R 186575996 186576439 444 1217.0 1636.9 1131.4 868.7 11.91 347
SFIX,R 186576440
EFIX,R 186576440 186576567 128 1111.0 895.8 3637
SSACC,R 186576568
SBLINK,R 186576592
EBLINK,R 186576592 186577133 542
ESACC,R 186576568 186577142 575 1090.9 919.4 1554.7 1270.8 9.35 688
SFIX,R 186577143
EFIX,R 186577143 186577181 39 1525.9 1122.9 3866
SSACC,R 186577182
ESACC,R 186577182 186577260 79 1515.9 1106.0 1089.9 780.1 8.76 187
SFIX,R 186577261
EFIX,R 186577261 186577547 287 1078.1 762.5 3730
SSACC,R 186577548
ESACC,R 186577548 186577610 63 1072.1 788.5 1612.1 977.2 9.37 262
SFIX,R 186577611
EFIX,R 186577611 186578048 438 1622.7 1016.8 3418
SSACC,R 186578049
ESACC,R 186578049 186578095 47 1630.7 1039.4 1860.1 769.6 5.64 266
SFIX,R 186578096
EFIX,R 186578096 186578240 145 1858.7 800.3 3051
SSACC,R 186578241
SBLINK,R 186578251
EBLINK,R 186578251 186578284 34
ESACC,R 186578241 186578293 53 1858.4 812.2 1858.6 817.3 0.08 9
SFIX,R 186578294
EFIX,R 186578294 186579032 739 1863.3 821.8 3053
SSACC,R 186579033
SBLINK,R 186579073
EBLINK,R 186579073 186579257 185
ESACC,R 186579033 186579266 234 1858.1 829.8 1578.0 1074.0 5.90 439
SFIX,R 186579267
EFIX,R 186579267 186579318 52 1535.0 1151.9 3049
SSACC,R 186579319
ESACC,R 186579319 186579337 19 1537.7 1153.3 1578.6 1101.0 1.05 104
SFIX,R 186579338
EFIX,R 186579338 186579570 233 1569.9 1096.7 3068
SSACC,R 186579571
SBLINK,R 186579586
EBLINK,R 186579586 186579758 173
ESACC,R 186579571 186579799 229 1568.8 1094.8 1565.7 389.1 11.49 882
SFIX,R 186579800
EFIX,R 186579800 186580588 789 1524.5 452.0 2748
SSACC,R 186580589
ESACC,R 186580589 186580642 54 1515.2 452.4 1292.9 -6.2 8.60 290
SFIX,R 186580643
EFIX,R 186580643 186581472 830 1277.3 -15.6 2756
SSACC,R 186581473
ESACC,R 186581473 186581566 94 1282.4 -20.3 658.6 184.0 11.10 194
SFIX,R 186581567
EFIX,R 186581567 186582354 788 628.5 199.7 2577
SSACC,R 186582355
SBLINK,R 186582365
EBLINK,R 186582365 186582550 186
ESACC,R 186582355 186582582 228 766.0 290.2 1443.7 777.6 13.98 541
SFIX,R 186582583
EFIX,R 186582583 186583312 730 1420.7 815.5 2542
SSACC,R 186583313
ESACC,R 186583313 186583370 58 1418.6 803.3 1831.9 767.2 6.69 193
SFIX,R 186583371
EFIX,R 186583371 186583620 250 1831.2 765.6 2517
SSACC,R 186583621
ESACC,R 186583621 186583678 58 1831.2 760.4 2214.8 232.3 10.35 279
SFIX,R 186583679
EFIX,R 186583679 186584037 359 2208.0 189.7 2457
SSACC,R 186584038
ESACC,R 186584038 186584124 87 2206.4 188.8 1460.2 1303.3 20.94 416
SFIX,R 186584125
EFIX,R 186584125 186584227 103 1457.1 1304.4 3139
SSACC,R 186584228
SBLINK,R 186584264
EBLINK,R 186584264 186584435 172
ESACC,R 186584228 186584491 264 1460.1 1322.8 413.4 795.6 18.81 683
SFIX,R 186584492
EFIX,R 186584492 186585370 879 417.2 774.1 3832
SSACC,R 186585371
ESACC,R 186585371 186585438 68 436.4 775.9 1231.1 951.4 13.40 300
SFIX,R 186585439
EFIX,R 186585439 186585694 256 1247.3 940.8 3868
SSACC,R 186585695
ESACC,R 186585695 186585718 24 1242.9 924.4 1250.5 894.4 0.51 85
SFIX,R 186585719
EFIX,R 186585719 186585849 131 1256.1 866.8 4015
SSACC,R 186585850
SBLINK,R 186585886
EBLINK,R 186585886 186586392 507
ESACC,R 186585850 186586418 569 1304.7 877.4 165.0 1257.5 19.17 943
SFIX,R 186586419
EFIX,R 186586419 186586447 29 161.0 1265.4 3824
SSACC,R 186586448
ESACC,R 186586448 186586503 56 158.8 1280.8 229.9 1139.7 2.44 145
SFIX,R 186586504
EFIX,R 186586504 186586652 149 205.9 1160.8 4055
SSACC,R 186586653
SBLINK,R 186586971
EBLINK,R 186586971 186587320 350
ESACC,R 186586653 186587438 786 197.2 1169.0 329.0 659.4 8.42 1352
SFIX,R 186587439
EFIX,R 186587439 186587474 36 325.9 646.4 1036
SSACC,R 186587475
SBLINK,R 186587555
EBLINK,R 186587555 186589596 2042
ESACC,R 186587475 186589684 2210 338.7 644.1 722.2 638.0 6.36 466
SFIX,R 186589685
EFIX,R 186589685 186589910 226 722.1 618.9 2703
SSACC,R 186589911
ESACC,R 186589911 186589954 44 715.4 637.4 760.9 122.0 8.78 566
SFIX,R 186589955
EFIX,R 186589955 186590827 873 754.1 146.1 2588
SSACC,R 186590828
ESACC,R 186590828 186590891 64 749.1 142.3 -39.0 103.8 12.85 339
SFIX,R 186590892
EFIX,R 186590892 186591877 986 -23.5 98.8 2598
SSACC,R 186591878
SBLINK,R 186591904
EBLINK,R 186591904 186592252 349
ESACC,R 186591878 186592324 447 -13.9 117.3 539.1 546.9 11.46 1481
SFIX,R 186592325
EFIX,R 186592325 186592387 63 587.1 488.4 2969
SSACC,R 186592388
SBLINK,R 186592401
EBLINK,R 186592401 186592529 129
ESACC,R 186592388 186592558 171 625.5 433.3 593.4 480.4 0.96 56
SFIX,R 186592559
EFIX,R 186592559 186592902 344 552.6 533.8 2989
SSACC,R 186592903
ESACC,R 186592903 186592914 12 528.9 549.4 539.1 570.1 0.39 80
SFIX,R 186592915
EFIX,R 186592915 186593050 136 534.5 566.9 2950
SSACC,R 186593051
ESACC,R 186593051 186593122 72 529.1 564.0 665.6 671.2 2.91 220
SFIX,R 186593123
EFIX,R 186593123 186593448 326 656.9 694.6 3004
SSACC,R 186593449
ESACC,R 186593449 186593455 7 648.1 682.6 658.6 713.0 0.54 68
SFIX,R 186593456
EFIX,R 186593456 186593560 105 657.3 708.6 3036
SSACC,R 186593561
ESACC,R 186593561 186593674 114 659.6 702.7 497.1 621.1 3.03 110
SFIX,R 186593675
EFIX,R 186593675 186593793 119 480.8 666.9 2649
SSACC,R 186593794
ESACC,R 186593794 186594201 408 470.4 710.2 -66.3 515.4 9.17 372
SFIX,R 186594202
EFIX,R 186594202 186594238 37 -69.9 508.7 2458
SSACC,R 186594239
ESACC,R 186594239 186594453 215 -58.9 511.6 734.7 134.3 14.34 627
SFIX,R 186594454
EFIX,R 186594454 186594588 135 724.4 132.7 3073
SSACC,R 186594589
ESACC,R 186594589 186594603 15 724.0 136.8 773.4 154.9 0.89 92
SFIX,R 186594604
EFIX,R 186594604 186594837 234 763.1 159.1 2646
SSACC,R 186594838
ESACC,R 186594838 186594847 10 754.6 159.4 723.8 164.1 0.53 64
SFIX,R 186594848
EFIX,R 186594848 186595070 223 737.4 180.0 2678
SSACC,R 186595071
ESACC,R 186595071 186595077 7 740.3 184.2 757.2 170.4 0.37 54
SFIX,R 186595078
EFIX,R 186595078 186595324 247 764.3 167.6 2870
SSACC,R 186595325
ESACC,R 186595325 186595335 11 781.1 175.4 784.2 214.5 0.67 64
SFIX,R 186595336
EFIX,R 186595336 186595450 115 799.5 242.4 3126
SSACC,R 186595451
ESACC,R 186595451 186595501 51 788.8 243.0 -36.7 -150.0 14.95 541
SFIX,R 186595502
EFIX,R 186595502 186596655 1154 -93.5 -54.8 2812
SSACC,R 186596656
SBLINK,R 186596710
EBLINK,R 186596710 186596776 67
ESACC,R 186596656 186596823 168 -99.6 -59.1 910.2 911.6 22.69 1580
SFIX,R 186596824
EFIX,R 186596824 186596851 28 903.6 938.1 3563
SSACC,R 186596852
ESACC,R 186596852 186596983 132 902.3 966.9 889.1 958.7 0.26 396
SFIX,R 186596984
EFIX,R 186596984 186597118 135 878.3 971.8 3371
SSACC,R 186597119
ESACC,R 186597119 186597175 57 885.6 992.3 1585.4 1050.8 11.44 569
SFIX,R 186597176
EFIX,R 186597176 186597217 42 1586.5 1038.5 3434
SSACC,R 186597218
ESACC,R 186597218 186597227 10 1583.2 1042.2 1571.6 1087.9 0.75 86
SFIX,R 186597228
EFIX,R 186597228 186597504 277 1569.1 1152.7 3336
SSACC,R 186597505
SBLINK,R 186597521
EBLINK,R 186597521 186597668 148
ESACC,R 186597505 186597738 234 1572.8 1140.6 1670.7 618.2 8.55 512
SFIX,R 186597739
EFIX,R 186597739 186598051 313 1659.9 701.5 2978
SSACC,R 186598052
ESACC,R 186598052 186598078 27 1665.1 715.9 1830.9 699.7 2.66 170
SFIX,R 186598079
EFIX,R 186598079 186598785 707 1890.5 686.8 2962
SSACC,R 186598786
SBLINK,R 186599015
EBLINK,R 186599015 186599031 17
ESACC,R 186598786 186599115 330 1871.6 647.1 1828.0 1461.2 12.57 336
SFIX,R 186599116
EFIX,R 186599116 186599137 22 1830.0 1458.5 3786
SSACC,R 186599138
ESACC,R 186599138 186599213 76 1833.7 1458.8 1786.7 1288.7 2.63 136
SFIX,R 186599214
EFIX,R 186599214 186599371 158 1780.7 1238.2 3639
SSACC,R 186599372
ESACC,R 186599372 186599461 90 1789.1 1275.9 1594.1 1148.6 3.62 248
SFIX,R 186599462
EFIX,R 186599462 186599827 366 1579.9 1161.6 3490
SSACC,R 186599828
ESACC,R 186599828 186599914 87 1579.6 1194.1 1576.6 1220.4 0.41 86
SFIX,R 186599915
EFIX,R 186599915 186599947 33 1577.3 1224.7 3978
SSACC,R 186599948
ESACC,R 186599948 186600161 214 1578.2 1220.0 1906.2 1083.9 5.52 228
SFIX,R 186600162
EFIX,R 186600162 186600194 33 1905.3 1080.8 3561
SSACC,R 186600195
ESACC,R 186600195 186600220 26 1909.3 1066.5 1902.1 1096.3 0.48 55
SFIX,R 186600221
EFIX,R 186600221 186600248 28 1903.9 1091.0 3559
SSACC,R 186600249
ESACC,R 186600249 186600494 246 1901.0 1089.3 1903.6 1094.1 0.08 111
SFIX,R 186600495
EFIX,R 186600495 186600524 30 1906.2 1099.8 3532
SSACC,R 186600525
ESACC,R 186600525 186600701 177 1911.0 1093.1 1920.9 954.4 2.17 152
SFIX,R 186600702
EFIX,R 186600702 186601342 641 1923.9 932.5 2948
SSACC,R 186601343
ESACC,R 186601343 186601380 38 1927.6 929.5 1561.7 1165.9 6.83 417
SFIX,R 186601381
EFIX,R 186601381 186601984 604 1545.4 1157.2 3398
SSACC,R 186601985
ESACC,R 186601985 186602011 27 1528.5 1179.8 1526.5 1180.7 0.03 72
SFIX,R 186602012
EFIX,R 186602012 186602354 343 1523.3 1150.3 3413
SSACC,R 186602355
SBLINK,R 186602388
EBLINK,R 186602388 186602623 236
ESACC,R 186602355 186602882 528 1520.9 1154.2 1755.5 1488.4 6.24 167
SFIX,R 186602883
EFIX,R 186602883 186602936 54 1751.3 1498.5 3402
SSACC,R 186602937
ESACC,R 186602937 186602971 35 1747.2 1504.8 1752.3 1610.4 1.53 107
SFIX,R 186602972
EFIX,R 186602972 186602987 16 1750.7 1596.7 3711
SSACC,R 186602988
ESACC,R 186602988 186603014 27 1749.0 1573.9 1742.1 1435.5 2.02 211
SFIX,R 186603015
EFIX,R 186603015 186603445 431 1742.4 1394.4 3300
SSACC,R 186603446
ESACC,R 186603446 186603496 51 1734.5 1388.8 1506.4 1201.1 4.57 164
SFIX,R 186603497
EFIX,R 186603497 186603761 265 1497.0 1201.9 3889
SSACC,R 186603762
ESACC,R 186603762 186603846 85 1495.3 1191.9 407.6 772.2 18.83 325
SFIX,R 186603847
EFIX,R 186603847 186604258 412 376.5 794.2 3684
SSACC,R 186604259
SBLINK,R 186604356
EBLINK,R 186604356 186605082 727
ESACC,R 186604259 186605091 833 394.7 818.1 839.4 778.0 7.39 429
SFIX,R 186605092
EFIX,R 186605092 186605186 95 1393.5 870.3 3888
SSACC,R 186605187
SBLINK,R 186605382
EBLINK,R 186605382 186605805 424
ESACC,R 186605187 186606148 962 1400.5 890.5 1012.3 735.5 6.94 3270
SFIX,R 186606149
EFIX,R 186606149 186606374 226 1017.6 722.6 4257
SSACC,R 186606375
SBLINK,R 186606526
EBLINK,R 186606526 186606987 462
ESACC,R 186606375 186606996 622 1022.0 706.7 1566.5 76.4 13.96 2291
SFIX,R 186606997
EFIX,R 186606997 186607449 453 1371.7 1065.2 3310
SSACC,R 186607450
ESACC,R 186607450 186607471 22 1359.1 1047.6 1481.3 1126.6 2.34 198
SFIX,R 186607472
EFIX,R 186607472 186608234 763 1487.7 1113.5 3550
SSACC,R 186608235
SBLINK,R 186608269
EBLINK,R 186608269 186608402 134
ESACC,R 186608235 186608473 239 1482.2 1117.5 1796.4 1114.9 4.97 376
SFIX,R 186608474
EFIX,R 186608474 186609004 531 1783.9 1117.1 3137
SSACC,R 186609005
ESACC,R 186609005 186609050 46 1786.7 1136.8 1504.9 1008.1 4.90 178
SFIX,R 186609051
EFIX,R 186609051 186609379 329 1481.1 1068.9 3370
SSACC,R 186609380
ESACC,R 186609380 186609395 16 1481.0 1072.2 1509.5 1125.4 0.96 86
SFIX,R 186609396
EFIX,R 186609396 186609687 292 1509.6 1138.8 3319
SSACC,R 186609688
ESACC,R 186609688 186609696 9 1515.4 1140.6 1536.4 1121.7 0.45 55
SFIX,R 186609697
EFIX,R 186609697 186610879 1183 1556.8 1125.2 3166
SSACC,R 186610880
ESACC,R 186610880 186610889 10 1557.7 1123.8 1535.0 1139.7 0.44 53
SFIX,R 186610890
EFIX,R 186610890 186611584 695 1518.2 1161.3 3117
SSACC,R 186611585
SBLINK,R 186611601
EBLINK,R 186611601 186611971 371
ESACC,R 186611585 186612088 504 1516.7 1172.8 1643.5 1140.8 2.07 255
SFIX,R 186612089
EFIX,R 186612089 186612376 288 1632.1 1179.5 2638
SSACC,R 186612377
ESACC,R 186612377 186612394 18 1631.1 1177.2 1645.4 1100.4 1.22 87
SFIX,R 186612395
EFIX,R 186612395 186613432 1038 1633.1 1080.3 3207
SSACC,R 186613433
ESACC,R 186613433 186613512 80 1605.0 1065.3 527.6 1248.5 17.46 393
SFIX,R 186613513
EFIX,R 186613513 186614220 708 519.0 1219.5 3964
SSACC,R 186614221
SBLINK,R 186614394
EBLINK,R 186614394 186615463 1070
ESACC,R 186614221 186615593 1373 520.0 1201.2 311.1 887.0 6.02 252
SFIX,R 186615594
EFIX,R 186615594 186615615 22 314.1 886.0 3771
SSACC,R 186615616
ESACC,R 186615616 186615622 7 316.1 877.1 316.6 851.3 0.42 66
SFIX,R 186615623
EFIX,R 186615623 186615662 40 322.5 834.6 3633
SSACC,R 186615663
ESACC,R 186615663 186615861 199 332.8 830.1 427.7 539.2 5.06 122
SFIX,R 186615862
EFIX,R 186615862 186615905 44 439.3 531.2 3030
SSACC,R 186615906
ESACC,R 186615906 186615912 7 451.8 523.3 455.9 507.8 0.27 51
SFIX,R 186615913
EFIX,R 186615913 186616056 144 473.2 488.5 2781
SSACC,R 186616057
ESACC,R 186616057 186616104 48 462.9 473.8 438.2 526.9 0.98 92
SFIX,R 186616105
EFIX,R 186616105 186616157 53 441.7 523.0 2773
SSACC,R 186616158
ESACC,R 186616158 186616226 69 436.5 507.0 328.8 110.7 6.91 325
SFIX,R 186616227
EFIX,R 186616227 186616465 239 326.0 109.4 2849
SSACC,R 186616466
ESACC,R 186616466 186616497 32 318.4 108.1 761.8 176.0 7.50 512
SFIX,R 186616498
EFIX,R 186616498 186617175 678 764.5 168.4 2682
SSACC,R 186617176
ESACC,R 186617176 186617196 21 763.0 166.2 873.6 161.2 1.88 171
SFIX,R 186617197
EFIX,R 186617197 186617826 630 869.4 198.9 2796
SSACC,R 186617827
ESACC,R 186617827 186617893 67 879.4 253.7 869.6 924.1 11.24 250
SFIX,R 186617894
EFIX,R 186617894 186618326 433 865.9 936.7 3221
SSACC,R 186618327
SBLINK,R 186618344
EBLINK,R 186618344 186618470 127
ESACC,R 186618327 186618539 213 864.6 956.6 1555.3 1119.0 11.55 323
SFIX,R 186618540
EFIX,R 186618540 186618863 324 1560.8 1125.6 3261
SSACC,R 186618864
ESACC,R 186618864 186618935 72 1561.4 1169.1 965.8 564.2 13.86 287
SFIX,R 186618936
EFIX,R 186618936 186619436 501 924.7 571.0 3336
SSACC,R 186619437
ESACC,R 186619437 186619480 44 914.9 596.6 1016.5 176.6 7.36 329
SFIX,R 186619481
EFIX,R 186619481 186620306 826 1007.4 141.5 2865
SSACC,R 186620307
ESACC,R 186620307 186620355 49 1017.3 149.7 949.7 707.3 9.53 362
SFIX,R 186620356
EFIX,R 186620356 186620681 326 936.7 754.9 2912
SSACC,R 186620682
ESACC,R 186620682 186620727 46 928.9 760.2 777.7 224.5 9.41 408
SFIX,R 186620728
EFIX,R 186620728 186620853 126 776.9 224.0 2594
SSACC,R 186620854
ESACC,R 186620854 186620859 6 783.1 222.2 797.3 221.2 0.24 41
SFIX,R 186620860
EFIX,R 186620860 186621293 434 793.1 215.5 2595
SSACC,R 186621294
ESACC,R 186621294 186621322 29 788.5 212.1 1003.9 417.6 5.08 350
SFIX,R 186621323
EFIX,R 186621323 186622585 1263 1000.7 440.4 2645
SSACC,R 186622586
SBLINK,R 186622606
EBLINK,R 186622606 186622736 131
ESACC,R 186622586 186622780 195 996.5 470.3 1106.8 1010.1 9.15 809
SFIX,R 186622781
EFIX,R 186622781 186624928 2148 1105.1 989.5 2972
SSACC,R 186624929
ESACC,R 186624929 186624969 41 1097.1 949.6 789.5 239.0 12.95 582
SFIX,R 186624970
EFIX,R 186624970 186625199 230 788.9 220.6 3198
SSACC,R 186625200
ESACC,R 186625200 186625206 7 787.2 196.8 771.3 186.0 0.33 47
SFIX,R 186625207
EFIX,R 186625207 186625416 210 762.4 206.7 3076
SSACC,R 186625417
ESACC,R 186625417 186625425 9 762.8 209.4 780.9 185.1 0.52 62
SFIX,R 186625426
EFIX,R 186625426 186625928 503 788.1 213.2 3099
SSACC,R 186625929
ESACC,R 186625929 186625955 27 796.0 244.8 812.3 469.2 3.84 292
SFIX,R 186625956
EFIX,R 186625956 186627183 1228 790.0 474.6 2863
SSACC,R 186627184
ESACC,R 186627184 186627257 74 788.3 491.9 1493.9 1302.4 17.44 447
SFIX,R 186627258
EFIX,R 186627258 186627932 675 1510.1 1277.3 3175
SSACC,R 186627933
ESACC,R 186627933 186627956 24 1509.7 1260.6 1474.2 1113.7 2.36 212
SFIX,R 186627957
EFIX,R 186627957 186628537 581 1474.8 1126.7 3357
SSACC,R 186628538
SBLINK,R 186628575
EBLINK,R 186628575 186628829 255
ESACC,R 186628538 186628900 363 1481.1 1129.3 1606.0 1130.1 1.99 493
SFIX,R 186628901
EFIX,R 186628901 186629676 776 1589.1 1151.0 2968
SSACC,R 186629677
ESACC,R 186629677 186629694 18 1585.7 1139.4 1501.6 1146.9 1.35 115
SFIX,R 186629695
EFIX,R 186629695 186631080 1386 1494.4 1153.7 3134
SSACC,R 186631081
ESACC,R 186631081 186631101 21 1500.5 1155.2 1586.6 1157.2 1.37 83
SFIX,R 186631102
EFIX,R 186631102 186633251 2150 1709.5 1177.6 2933
SSACC,R 186633252
ESACC,R 186633252 186633331 80 1707.7 1177.3 906.1 397.4 18.20 425
SFIX,R 186633332
EFIX,R 186633332 186633791 460 892.1 387.0 2893
SSACC,R 186633792
ESACC,R 186633792 186633865 74 878.3 360.2 267.3 965.2 14.19 273
SFIX,R 186633866
EFIX,R 186633866 186634156 291 262.1 951.8 3293
SSACC,R 186634157
ESACC,R 186634157 186634249 93 268.0 936.1 439.2 642.5 5.55 153
SFIX,R 186634250
EFIX,R 186634250 186634279 30 435.8 601.8 3091
SSACC,R 186634280
ESACC,R 186634280 186634400 121 433.7 577.0 261.6 1059.6 8.33 163
SFIX,R 186634401
EFIX,R 186634401 186634462 62 260.4 1042.9 3940
SSACC,R 186634463
ESACC,R 186634463 186634467 5 255.7 1021.6 255.6 992.4 0.46 62
SFIX,R 186634468
EFIX,R 186634468 186634527 60 257.5 984.7 3764
SSACC,R 186634528
ESACC,R 186634528 186634745 218 260.3 1002.7 485.3 489.1 9.18 245
SFIX,R 186634746
EFIX,R 186634746 186634808 63 508.4 431.0 2795
SSACC,R 186634809
ESACC,R 186634809 186634825 17 517.4 419.2 515.6 448.2 0.49 98
SFIX,R 186634826
EFIX,R 186634826 186634913 88 520.2 447.1 2722
SSACC,R 186634914
ESACC,R 186634914 186635120 207 539.5 434.6 296.0 931.8 9.12 279
SFIX,R 186635121
EFIX,R 186635121 186635249 129 318.9 878.7 3623
SSACC,R 186635250
ESACC,R 186635250 186635302 53 338.1 846.8 324.5 895.1 0.81 71
SFIX,R 186635303
EFIX,R 186635303 186635522 220 329.6 863.8 3604
SSACC,R 186635523
ESACC,R 186635523 186635533 11 334.8 841.1 317.7 881.9 0.72 78
SFIX,R 186635534
EFIX,R 186635534 186635849 316 252.7 991.7 3405
SSACC,R 186635850
ESACC,R 186635850 186635918 69 248.8 1029.9 517.8 1379.8 6.90 146
SFIX,R 186635919
EFIX,R 186635919 186636017 99 513.8 1382.2 3500
SSACC,R 186636018
ESACC,R 186636018 186636062 45 517.0 1383.2 1313.8 1297.7 12.75 509
SFIX,R 186636063
EFIX,R 186636063 186636347 285 1339.4 1303.5 3505
SSACC,R 186636348
ESACC,R 186636348 186636373 26 1352.1 1305.8 1588.8 1162.5 4.37 376
SFIX,R 186636374
EFIX,R 186636374 186636732 359 1593.3 1160.4 3355
SSACC,R 186636733
ESACC,R 186636733 186636799 67 1577.4 1164.9 1021.7 200.5 18.22 496
SFIX,R 186636800
EFIX,R 186636800 186637280 481 992.1 200.2 2932
SSACC,R 186637281
ESACC,R 186637281 186637351 71 977.9 200.9 1600.4 1143.6 18.51 482
SFIX,R 186637352
EFIX,R 186637352 186637937 586 1603.4 1152.3 3052
SSACC,R 186637938
ESACC,R 186637938 186637944 7 1611.9 1145.6 1602.3 1129.9 0.29 43
SFIX,R 186637945
EFIX,R 186637945 186637971 27 1604.3 1125.2 3259
SSACC,R 186637972
ESACC,R 186637972 186637977 6 1606.0 1138.8 1603.7 1160.9 0.35 56
SFIX,R 186637978
EFIX,R 186637978 186638364 387 1603.4 1139.7 3349
SSACC,R 186638365
ESACC,R 186638365 186638384 20 1600.5 1123.9 1541.1 1111.5 0.97 63
SFIX,R 186638385
EFIX,R 186638385 186638575 191 1523.5 1125.8 3541
SSACC,R 186638576
SBLINK,R 186638673
EBLINK,R 186638673 186639239 567
ESACC,R 186638576 186639320 745 1525.6 1137.4 1493.0 1021.2 1.92 723
SFIX,R 186639321
EFIX,R 186639321 186639816 496 1484.7 1078.6 3296
SSACC,R 186639817
ESACC,R 186639817 186639871 55 1483.8 1087.2 803.2 207.9 18.35 676
SFIX,R 186639872
EFIX,R 186639872 186640005 134 798.4 216.4 3334
SSACC,R 186640006
ESACC,R 186640006 186640017 12 792.1 220.3 807.8 184.6 0.67 75
SFIX,R 186640018
EFIX,R 186640018 186640700 683 775.1 197.5 2381
SSACC,R 186640701
ESACC,R 186640701 186640736 36 760.3 195.5 1089.7 689.4 10.05 500
SFIX,R 186640737
EFIX,R 186640737 186640872 136 1085.9 700.9 2148
SSACC,R 186640873
ESACC,R 186640873 186640882 10 1081.3 703.7 1076.8 740.1 0.61 71
SFIX,R 186640883
EFIX,R 186640883 186641688 806 1073.1 752.6 2607
SSACC,R 186641689
ESACC,R 186641689 186641718 30 1070.1 768.2 1237.6 1131.0 6.52 423
SFIX,R 186641719
EFIX,R 186641719 186641972 254 1245.1 1172.8 2804
SSACC,R 186641973
ESACC,R 186641973 186641984 12 1244.2 1170.5 1235.4 1124.7 0.74 70
SFIX,R 186641985
EFIX,R 186641985 186642194 210 1234.4 1138.6 2920
SSACC,R 186642195
SBLINK,R 186642214
EBLINK,R 186642214 186642380 167
ESACC,R 186642195 186642433 239 1242.2 1142.6 1261.9 1075.4 1.12 734
SFIX,R 186642434
EFIX,R 186642434 186642764 331 1252.6 1098.9 3201
SSACC,R 186642765
ESACC,R 186642765 186642793 29 1252.7 1105.8 1485.2 1216.0 4.13 298
SFIX,R 186642794
EFIX,R 186642794 186643450 657 1500.7 1210.7 3203
SSACC,R 186643451
ESACC,R 186643451 186643523 73 1502.1 1210.1 1144.6 164.8 18.02 519
SFIX,R 186643524
EFIX,R 186643524 186644293 770 1106.8 134.7 2567
SSACC,R 186644294
ESACC,R 186644294 186644325 32 1095.2 137.6 765.1 219.6 5.78 385
SFIX,R 186644326
EFIX,R 186644326 186644863 538 756.2 234.5 2479
SSACC,R 186644864
ESACC,R 186644864 186644879 16 762.0 235.9 767.9 230.0 0.14 43
SFIX,R 186644880
EFIX,R 186644880 186645115 236 761.0 247.2 2467
SSACC,R 186645116
ESACC,R 186645116 186645149 34 760.0 251.8 868.7 754.9 8.70 478
SFIX,R 186645150
EFIX,R 186645150 186645734 585 873.2 769.6 2814
SSACC,R 186645735
ESACC,R 186645735 186645782 48 875.4 784.5 648.3 949.5 4.65 136
SFIX,R 186645783
EFIX,R 186645783 186646301 519 610.2 918.7 3438
SSACC,R 186646302
ESACC,R 186646302 186646329 28 605.5 893.2 581.7 962.8 1.20 76
SFIX,R 186646330
EFIX,R 186646330 186646913 584 524.1 983.0 3389
SSACC,R 186646914
ESACC,R 186646914 186646975 62 541.6 997.4 61.4 341.2 13.22 356
SFIX,R 186646976
EFIX,R 186646976 186647563 588 52.9 316.8 2833
SSACC,R 186647564
ESACC,R 186647564 186647619 56 55.5 307.2 -272.3 462.1 5.65 165
SFIX,R 186647620
EFIX,R 186647620 186648766 1147 -296.1 448.1 2892
SSACC,R 186648767
ESACC,R 186648767 186648831 65 -280.6 389.5 642.8 174.7 15.09 409
SFIX,R 186648832
EFIX,R 186648832 186648987 156 645.2 171.0 3466
SSACC,R 186648988
ESACC,R 186648988 186649013 26 649.9 162.7 785.2 140.7 2.32 183
SFIX,R 186649014
EFIX,R 186649014 186649705 692 765.6 160.5 3204
SSACC,R 186649706
ESACC,R 186649706 186649720 15 771.9 238.4 805.1 258.6 0.66 53
SFIX,R 186649721
EFIX,R 186649721 186649946 226 800.1 263.2 2843
SSACC,R 186649947
ESACC,R 186649947 186649981 35 794.8 269.5 810.0 741.4 7.98 441
SFIX,R 186649982
EFIX,R 186649982 186650361 380 808.9 765.6 2934
SSACC,R 186650362
ESACC,R 186650362 186650399 38 804.6 762.7 792.2 1335.0 9.15 462
SFIX,R 186650400
EFIX,R 186650400 186650565 166 800.9 1343.8 2806
SSACC,R 186650566
ESACC,R 186650566 186650599 34 796.6 1347.1 979.7 1145.5 4.33 230
SFIX,R 186650600
EFIX,R 186650600 186650794 195 995.9 1139.5 2903
SSACC,R 186650795
ESACC,R 186650795 186650831 37 1000.2 1114.7 1648.5 1208.3 10.52 510
SFIX,R 186650832
EFIX,R 186650832 186650876 45 1667.0 1211.4 2890
SSACC,R 186650877
ESACC,R 186650877 186651032 156 1667.3 1212.5 1673.5 1208.9 0.11 182
SFIX,R 186651033
EFIX,R 186651033 186651137 105 1671.0 1201.4 3012
SSACC,R 186651138
SBLINK,R 186651166
EBLINK,R 186651166 186651194 29
ESACC,R 186651138 186651244 107 1671.4 1196.4 1545.6 1132.9 2.22 432
SFIX,R 186651245
EFIX,R 186651245 186651586 342 1534.4 1174.3 3218
SSACC,R 186651587
ESACC,R 186651587 186651615 29 1534.8 1175.7 1382.2 1148.0 2.49 121
SFIX,R 186651616
EFIX,R 186651616 186652029 414 1300.3 1139.4 3332
SSACC,R 186652030
ESACC,R 186652030 186652055 26 1299.6 1135.3 1263.4 1037.7 1.67 109
SFIX,R 186652056
EFIX,R 186652056 186652112 57 1221.5 1010.2 3426
SSACC,R 186652113
ESACC,R 186652113 186652144 32 1213.4 1006.6 1033.4 986.2 2.99 143
SFIX,R 186652145
EFIX,R 186652145 186652563 419 986.4 982.7 3382
SSACC,R 186652564
ESACC,R 186652564 186652589 26 986.8 981.8 810.1 1070.4 3.25 243
SFIX,R 186652590
EFIX,R 186652590 186652959 370 795.4 1081.5 3288
SSACC,R 186652960
SBLINK,R 186652978
EBLINK,R 186652978 186653103 126
ESACC,R 186652960 186653156 197 793.3 1088.7 1484.4 1155.5 11.27 484
SFIX,R 186653157
EFIX,R 186653157 186653363 207 1469.5 1183.7 3056
SSACC,R 186653364
ESACC,R 186653364 186653376 13 1473.5 1190.1 1517.2 1207.3 0.75 71
SFIX,R 186653377
EFIX,R 186653377 186653642 266 1541.8 1217.9 3044
SSACC,R 186653643
ESACC,R 186653643 186653701 59 1540.9 1206.1 808.7 172.4 20.70 710
SFIX,R 186653702
EFIX,R 186653702 186653896 195 797.6 176.9 2917
SSACC,R 186653897
ESACC,R 186653897 186653910 14 789.0 181.8 776.1 225.5 0.78 82
SFIX,R 186653911
EFIX,R 186653911 186654480 570 760.3 223.3 2605
SSACC,R 186654481
ESACC,R 186654481 186654497 17 761.3 185.6 778.7 164.0 0.47 62
SFIX,R 186654498
EFIX,R 186654498 186654691 194 767.0 165.3 3262
SSACC,R 186654692
ESACC,R 186654692 186654721 30 767.6 167.6 1167.0 255.9 6.95 462
SFIX,R 186654722
EFIX,R 186654722 186655949 1228 1184.6 339.8 2991
SSACC,R 186655950
ESACC,R 186655950 186656030 81 1189.7 374.5 1899.4 852.8 13.95 237
SFIX,R 186656031
EFIX,R 186656031 186656553 523 1911.8 882.7 2437
SSACC,R 186656554
SBLINK,R 186656564
EBLINK,R 186656564 186657202 639
ESACC,R 186656554 186657328 775 2090.7 1225.7 1906.4 838.4 6.61 803
SFIX,R 186657329
EFIX,R 186657329 186657577 249 1909.0 822.7 3137
SSACC,R 186657578
ESACC,R 186657578 186657658 81 1917.3 829.1 1768.3 22.8 13.35 298
SFIX,R 186657659
EFIX,R 186657659 186658307 649 1764.9 8.1 2420
SSACC,R 186658308
ESACC,R 186658308 186658350 43 1761.1 -2.7 1409.3 751.1 13.76 596
SFIX,R 186658351
EFIX,R 186658351 186661520 3170 1406.5 766.3 2535
SSACC,R 186661521
ESACC,R 186661521 186661537 17 1407.4 763.7 1446.6 722.0 0.95 73
SFIX,R 186661538
EFIX,R 186661538 186661574 37 1494.5 686.7 2514
SSACC,R 186661575
SBLINK,R 186661597
EBLINK,R 186661597 186661777 181
ESACC,R 186661575 186661810 236 1552.2 661.4 1672.0 507.4 3.22 1358
SFIX,R 186661811
EFIX,R 186661811 186662252 442 1649.8 556.1 2264
SSACC,R 186662253
ESACC,R 186662253 186662332 80 1644.8 556.6 804.9 299.0 14.64 270
SFIX,R 186662333
EFIX,R 186662333 186662476 144 796.5 292.4 2599
SSACC,R 186662477
ESACC,R 186662477 186662494 18 788.3 289.4 803.0 226.2 1.11 91
SFIX,R 186662495
EFIX,R 186662495 186662928 434 786.9 224.7 2415
SSACC,R 186662929
ESACC,R 186662929 186662958 30 782.8 223.8 800.7 542.5 5.44 346
SFIX,R 186662959
EFIX,R 186662959 186663368 410 792.3 555.3 2501
SSACC,R 186663369
ESACC,R 186663369 186663438 70 787.9 554.9 1494.9 867.8 12.84 276
SFIX,R 186663439
EFIX,R 186663439 186663750 312 1498.7 864.3 2693
SSACC,R 186663751
ESACC,R 186663751 186663826 76 1492.6 853.3 490.6 916.3 16.42 346
SFIX,R 186663827
EFIX,R 186663827 186664722 896 470.7 901.6 3517
SSACC,R 186664723
ESACC,R 186664723 186664812 90 448.0 912.6 445.0 927.8 0.25 306
SFIX,R 186664813
EFIX,R 186664813 186665010 198 440.8 883.2 3656
SSACC,R 186665011
SBLINK,R 186665120
EBLINK,R 186665120 186665275 156
ESACC,R 186665011 186665286 276 434.7 903.6 537.3 683.8 3.99 168
SFIX,R 186665287
EFIX,R 186665287 186665427 141 540.7 667.5 3032
SSACC,R 186665428
ESACC,R 186665428 186665515 88 547.5 651.2 91.2 367.4 8.81 258
SFIX,R 186665516
EFIX,R 186665516 186665541 26 84.2 362.9 1851
SSACC,R 186665542
ESACC,R 186665542 186665723 182 77.7 364.3 -30.4 943.3 9.50 1392
SFIX,R 186665724
EFIX,R 186665724 186665846 123 -48.6 959.7 2860
SSACC,R 186665847
ESACC,R 186665847 186665887 41 -45.1 939.8 -31.9 915.4 0.43 96
SFIX,R 186665888
EFIX,R 186665888 186666347 460 -38.9 979.4 2928
SSACC,R 186666348
ESACC,R 186666348 186666416 69 6.7 971.2 -220.3 541.3 7.66 190
SFIX,R 186666417
EFIX,R 186666417 186669714 3298 -224.3 537.8 2828
SSACC,R 186669715
ESACC,R 186669715 186669790 76 -248.3 555.4 -3.1 1293.8 12.02 244
SFIX,R 186669791
EFIX,R 186669791 186669856 66 -0.6 1285.1 3182
SSACC,R 186669857
SBLINK,R 186670133
EBLINK,R 186670133 186670446 314
ESACC,R 186669857 186670523 667 -1.9 1289.7 503.3 1527.4 8.52 756
SFIX,R 186670524
EFIX,R 186670524 186671043 520 499.7 1496.8 3905
SSACC,R 186671044
SBLINK,R 186671094
EBLINK,R 186671094 186671393 300
ESACC,R 186671044 186671524 481 477.0 1530.9 1599.1 882.2 20.39 338
SFIX,R 186671525
EFIX,R 186671525 186671679 155 1577.1 949.0 3705
SSACC,R 186671680
ESACC,R 186671680 186671704 25 1572.9 950.0 1516.6 1126.6 2.95 252
SFIX,R 186671705
EFIX,R 186671705 186672414 710 1503.2 1116.0 3877
SSACC,R 186672415
SBLINK,R 186672527
EBLINK,R 186672527 186672675 149
ESACC,R 186672415 186672684 270 1482.9 1112.0 742.5 1895.5 16.27 413
SFIX,R 186672685
EFIX,R 186672685 186672717 33 813.9 1662.5 1784
SSACC,R 186672718
ESACC,R 186672718 186672741 24 809.7 1715.4 989.9 1687.9 2.83 405
SFIX,R 186672742
EFIX,R 186672742 186672804 63 970.7 1759.8 3178
SSACC,R 186672805
ESACC,R 186672805 186672887 83 968.6 1839.0 680.9 1828.6 4.39 317
SFIX,R 186672888
EFIX,R 186672888 186672911 24 662.7 1867.7 3709
SSACC,R 186672912
SBLINK,R 186672922
EBLINK,R 186672922 186673704 783
ESACC,R 186672912 186673959 1048 1200.1 1525.6 1503.7 1034.1 8.97 712
SFIX,R 186673960
EFIX,R 186673960 186674793 834 1490.7 1126.2 3563
SSACC,R 186674794
ESACC,R 186674794 186674864 71 1485.6 1132.4 2072.3 880.9 9.95 219
SFIX,R 186674865
EFIX,R 186674865 186675008 144 2064.4 915.0 3195
SSACC,R 186675009
ESACC,R 186675009 186675050 42 2059.8 936.2 1572.3 1117.5 8.08 372
SFIX,R 186675051
EFIX,R 186675051 186675230 180 1559.0 1126.5 3362
SSACC,R 186675231
SBLINK,R 186675247
EBLINK,R 186675247 186675477 231
ESACC,R 186675231 186675524 294 1563.0 1130.8 1787.2 1557.2 7.29 234
SFIX,R 186675525
EFIX,R 186675525 186675972 448 1794.1 1391.0 3137
SSACC,R 186675973
ESACC,R 186675973 186676002 30 1790.2 1372.9 1621.9 1091.4 5.05 337
SFIX,R 186676003
EFIX,R 186676003 186676527 525 1605.4 1142.0 3433
SSACC,R 186676528
ESACC,R 186676528 186676546 19 1604.2 1160.3 1527.9 1134.3 1.28 89
SFIX,R 186676547
EFIX,R 186676547 186677464 918 1505.5 1134.8 3318
SSACC,R 186677465
ESACC,R 186677465 186677507 43 1498.8 1141.3 1816.8 1120.1 5.02 154
SFIX,R 186677508
EFIX,R 186677508 186678230 723 1862.0 1138.3 2966
SSACC,R 186678231
SBLINK,R 186678255
EBLINK,R 186678255 186678493 239
ESACC,R 186678231 186678506 276 1862.2 1137.7 2128.5 1940.2 11.99 177
SFIX,R 186678507
EFIX,R 186678507 186678632 126 2123.4 1808.3 2417
SSACC,R 186678633
ESACC,R 186678633 186678643 11 2116.3 1765.2 2122.7 1726.7 0.53 57
SFIX,R 186678644
EFIX,R 186678644 186678684 41 2125.7 1712.2 2518
SSACC,R 186678685
ESACC,R 186678685 186678762 78 2128.4 1711.1 905.9 443.1 26.96 766
SFIX,R 186678763
EFIX,R 186678763 186679272 510 919.4 477.1 2811
SSACC,R 186679273
ESACC,R 186679273 186679345 73 920.1 481.5 171.9 632.3 12.60 261
SFIX,R 186679346
EFIX,R 186679346 186679484 139 176.7 601.3 3284
SSACC,R 186679485
SBLINK,R 186679583
EBLINK,R 186679583 186679679 97
ESACC,R 186679485 186679740 256 187.7 582.7 968.4 847.3 13.53 583
SFIX,R 186679741
EFIX,R 186679741 186679974 234 977.3 888.4 3788
SSACC,R 186679975
ESACC,R 186679975 186679990 16 957.8 921.7 966.7 864.8 0.95 107
SFIX,R 186679991
EFIX,R 186679991 186680185 195 961.5 911.9 3729
SSACC,R 186680186
SBLINK,R 186680196
EBLINK,R 186680196 186681121 926
ESACC,R 186680186 186681133 948 615.1 860.6 605.2 860.9 0.16 82
SFIX,R 186681134
EFIX,R 186681134 186681890 757 520.6 751.9 3573
SSACC,R 186681891
ESACC,R 186681891 186681930 40 524.5 761.7 804.5 213.1 10.37 545
SFIX,R 186681931
EFIX,R 186681931 186682840 910 789.1 210.6 3130
SSACC,R 186682841
ESACC,R 186682841 186682878 38 758.6 208.0 756.6 770.1 9.49 439
SFIX,R 186682879
EFIX,R 186682879 186683564 686 764.2 833.6 3087
SSACC,R 186683565
ESACC,R 186683565 186683587 23 779.5 861.7 828.9 792.3 1.41 74
SFIX,R 186683588
EFIX,R 186683588 186683932 345 855.8 765.3 2896
SSACC,R 186683933
SBLINK,R 186683953
EBLINK,R 186683953 186684086 134
ESACC,R 186683933 186684127 195 855.1 777.9 829.3 759.0 0.54 789
SFIX,R 186684128
EFIX,R 186684128 186684393 266 811.4 786.1 2784
SSACC,R 186684394
SBLINK,R 186684413
EBLINK,R 186684413 186684523 111
ESACC,R 186684394 186684572 179 807.8 791.6 812.2 833.1 0.69 655
SFIX,R 186684573
EFIX,R 186684573 186685127 555 805.3 837.7 3042
SSACC,R 186685128
ESACC,R 186685128 186685202 75 811.6 816.9 890.7 687.6 2.53 234
SFIX,R 186685203
EFIX,R 186685203 186685228 26 879.2 678.1 3524
SSACC,R 186685229
SBLINK,R 186685285
EBLINK,R 186685285 186685871 587
ESACC,R 186685229 186685933 705 881.0 682.1 151.7 287.1 13.71 230
SFIX,R 186685934
EFIX,R 186685934 186686000 67 101.2 358.5 3422
SSACC,R 186686001
ESACC,R 186686001 186686106 106 94.0 369.3 111.2 317.9 0.90 168
SFIX,R 186686107
EFIX,R 186686107 186686300 194 96.4 343.9 3320
SSACC,R 186686301
ESACC,R 186686301 186686318 18 139.4 273.4 137.6 223.8 0.83 82
SFIX,R 186686319
EFIX,R 186686319 186686404 86 146.3 182.2 2803
SSACC,R 186686405
ESACC,R 186686405 186686448 44 141.4 173.7 727.6 142.9 9.70 498
SFIX,R 186686449
EFIX,R 186686449 186686610 162 724.8 155.3 3117
SSACC,R 186686611
ESACC,R 186686611 186686632 22 720.6 160.3 807.9 196.9 1.61 152
SFIX,R 186686633
EFIX,R 186686633 186687414 782 771.7 191.0 2740
SSACC,R 186687415
ESACC,R 186687415 186687446 32 764.7 177.3 836.1 463.6 5.04 491
SFIX,R 186687447
EFIX,R 186687447 186687961 515 842.3 473.0 2906
SSACC,R 186687962
ESACC,R 186687962 186688072 111 833.7 453.3 839.8 465.3 0.23 74
SFIX,R 186688073
EFIX,R 186688073 186688143 71 837.9 468.9 2833
SSACC,R 186688144
SBLINK,R 186688154
EBLINK,R 186688154 186688154 1
ESACC,R 186688144 186688163 20 833.7 453.3 839.8 465.3 0.23 0
SFIX,R 186688164
EFIX,R 186688164 186688200 37 841.2 470.3 2858
SSACC,R 186688201
ESACC,R 186688201 186688241 41 846.9 486.0 812.9 481.7 0.58 84
SFIX,R 186688242
EFIX,R 186688242 186688291 50 816.2 474.5 3001
SSACC,R 186688292
ESACC,R 186688292 186688314 23 803.8 492.4 763.3 540.3 1.06 98
SFIX,R 186688315
EFIX,R 186688315 186688390 76 763.0 556.5 3196
SSACC,R 186688391
SBLINK,R 186688412
EBLINK,R 186688412 186688861 450
ESACC,R 186688391 186688917 527 769.6 559.1 1601.4 1205.8 17.15 454
SFIX,R 186688918
EFIX,R 186688918 186689156 239 1579.4 1167.7 3297
SSACC,R 186689157
SBLINK,R 186689172
EBLINK,R 186689172 186689367 196
ESACC,R 186689157 186689521 365 1569.2 1174.5 1830.8 1529.4 6.68 216
SFIX,R 186689522
EFIX,R 186689522 186689588 67 1836.9 1515.1 3171
SSACC,R 186689589
SBLINK,R 186689608
EBLINK,R 186689608 186689783 176
ESACC,R 186689589 186689883 295 1827.7 1524.7 2233.4 1082.5 8.87 440
SFIX,R 186689884
EFIX,R 186689884 186690084 201 2238.3 970.9 3127
SSACC,R 186690085
ESACC,R 186690085 186690135 51 2243.1 941.1 2148.3 375.6 9.01 371
SFIX,R 186690136
EFIX,R 186690136 186690158 23 2146.3 389.7 3240
SSACC,R 186690159
ESACC,R 186690159 186690177 19 2138.7 418.0 2135.5 456.8 0.63 75
SFIX,R 186690178
EFIX,R 186690178 186690810 633 2126.7 497.1 2967
SSACC,R 186690811
ESACC,R 186690811 186690858 48 2123.7 506.6 2364.3 897.4 7.08 421
SFIX,R 186690859
EFIX,R 186690859 186691166 308 2363.1 890.7 2886
SSACC,R 186691167
SBLINK,R 186691209
EBLINK,R 186691209 186691353 145
ESACC,R 186691167 186691410 244 2362.3 875.9 1514.3 563.2 13.92 623
SFIX,R 186691411
EFIX,R 186691411 186691984 574 1491.3 633.6 2836
SSACC,R 186691985
ESACC,R 186691985 186692021 37 1486.1 652.5 1800.8 790.5 5.57 316
SFIX,R 186692022
EFIX,R 186692022 186692480 459 1832.0 827.3 2492
SSACC,R 186692481
ESACC,R 186692481 186692503 23 1832.0 827.7 1879.5 663.0 2.77 217
SFIX,R 186692504
EFIX,R 186692504 186694077 1574 1871.1 627.3 2713
SSACC,R 186694078
ESACC,R 186694078 186694102 25 1875.7 627.7 1779.3 768.6 2.75 154
SFIX,R 186694103
EFIX,R 186694103 186694255 153 1777.0 791.4 2657
SSACC,R 186694256
ESACC,R 186694256 186694263 8 1783.8 793.4 1803.4 810.1 0.41 52
SFIX,R 186694264
EFIX,R 186694264 186694921 658 1812.2 814.3 2617
SSACC,R 186694922
ESACC,R 186694922 186694946 25 1814.4 794.0 1818.3 1006.3 3.39 266
SFIX,R 186694947
EFIX,R 186694947 186695781 835 1817.7 1007.4 2924
SSACC,R 186695782
ESACC,R 186695782 186695804 23 1816.0 1012.0 1729.7 1105.3 1.99 136
SFIX,R 186695805
EFIX,R 186695805 186696391 587 1712.0 1127.6 2976
SSACC,R 186696392
ESACC,R 186696392 186696409 18 1719.4 1124.2 1769.1 1078.3 1.06 76
SFIX,R 186696410
EFIX,R 186696410 186696430 21 1795.1 1069.8 2957
SSACC,R 186696431
ESACC,R 186696431 186696439 9 1823.7 1060.0 1874.2 1046.3 0.81 98
SFIX,R 186696440
EFIX,R 186696440 186696786 347 1899.4 1042.0 2935
SSACC,R 186696787
SBLINK,R 186696809
EBLINK,R 186696809 186697680 872
ESACC,R 186696787 186697756 970 1901.7 1033.9 1802.5 762.9 4.58 500
SFIX,R 186697757
EFIX,R 186697757 186698134 378 1776.0 771.9 2747
SSACC,R 186698135
ESACC,R 186698135 186698142 8 1772.5 771.4 1791.6 775.0 0.31 43
SFIX,R 186698143
EFIX,R 186698143 186698803 661 1804.9 804.7 3069
SSACC,R 186698804
ESACC,R 186698804 186698832 29 1807.9 831.0 1707.8 1075.5 4.20 273
SFIX,R 186698833
EFIX,R 186698833 186699379 547 1690.1 1103.0 2875
SSACC,R 186699380
ESACC,R 186699380 186699415 36 1691.3 1107.5 1273.5 1091.0 6.71 328
SFIX,R 186699416
EFIX,R 186699416 186699694 279 1261.4 1088.1 3161
SSACC,R 186699695
ESACC,R 186699695 186699710 16 1259.9 1088.5 1320.8 1111.6 1.06 92
SFIX,R 186699711
EFIX,R 186699711 186701165 1455 1325.3 1110.8 3159
SSACC,R 186701166
ESACC,R 186701166 186701207 42 1308.7 1092.3 1462.2 971.0 3.17 139
SFIX,R 186701208
EFIX,R 186701208 186701550 343 1453.5 941.2 3383
SSACC,R 186701551
ESACC,R 186701551 186701636 86 1472.5 916.8 419.5 815.6 17.28 302
SFIX,R 186701637
EFIX,R 186701637 186702038 402 352.6 779.8 3886
SSACC,R 186702039
ESACC,R 186702039 186702094 56 351.5 759.6 439.5 587.1 3.21 135
SFIX,R 186702095
EFIX,R 186702095 186702125 31 438.2 581.4 3758
SSACC,R 186702126
ESACC,R 186702126 186702265 140 445.0 578.3 329.8 829.0 4.55 175
SFIX,R 186702266
EFIX,R 186702266 186702298 33 326.9 820.4 4298
SSACC,R 186702299
ESACC,R 186702299 186702308 10 323.9 820.6 324.3 790.4 0.49 67
SFIX,R 186702309
EFIX,R 186702309 186702393 85 322.6 779.1 3978
SSACC,R 186702394
ESACC,R 186702394 186702445 52 323.3 824.3 -92.9 391.4 9.66 286
SFIX,R 186702446
EFIX,R 186702446 186702618 173 -124.2 367.4 3404
SSACC,R 186702619
ESACC,R 186702619 186702686 68 -102.9 350.7 -28.0 110.6 4.11 127
SFIX,R 186702687
EFIX,R 186702687 186702905 219 16.0 33.6 2482
SSACC,R 186702906
SBLINK,R 186702959
EBLINK,R 186702959 186703064 106
ESACC,R 186702906 186703116 211 43.4 7.6 668.6 626.4 14.50 1058
SFIX,R 186703117
EFIX,R 186703117 186703362 246 644.0 641.1 3265
SSACC,R 186703363
ESACC,R 186703363 186703460 98 688.7 696.9 1353.8 1194.5 13.58 209
SFIX,R 186703461
EFIX,R 186703461 186703690 230 1344.5 1189.8 3225
SSACC,R 186703691
ESACC,R 186703691 186703749 59 1347.5 1164.0 1359.1 1257.9 1.48 144
SFIX,R 186703750
EFIX,R 186703750 186704550 801 1344.6 1172.6 3577
SSACC,R 186704551
ESACC,R 186704551 186704664 114 1349.4 1195.2 1323.0 1201.7 0.44 324
SFIX,R 186704665
EFIX,R 186704665 186704699 35 1328.8 1182.2 4008
SSACC,R 186704700
SBLINK,R 186704741
EBLINK,R 186704741 186704880 140
ESACC,R 186704700 186704903 204 1334.3 1190.2 1560.4 1202.7 3.62 299
SFIX,R 186704904
EFIX,R 186704904 186704942 39 1568.7 1191.6 3833
SSACC,R 186704943
SBLINK,R 186704957
EBLINK,R 186704957 186705121 165
ESACC,R 186704943 186705214 272 1568.9 1205.7 1523.2 1138.1 1.28 477
SFIX,R 186705215
EFIX,R 186705215 186705406 192 1507.2 1118.5 3642
SSACC,R 186705407
SBLINK,R 186705849
EBLINK,R 186705849 186706192 344
ESACC,R 186705407 186706241 835 1515.7 1157.3 1093.8 423.0 13.86 863
SFIX,R 186706242
EFIX,R 186706242 186706464 223 1075.9 486.9 2912
SSACC,R 186706465
ESACC,R 186706465 186706554 90 1071.3 510.1 1484.9 1108.3 11.94 789
SFIX,R 186706555
EFIX,R 186706555 186707086 532 1491.1 1152.8 2997
SSACC,R 186707087
ESACC,R 186707087 186707097 11 1500.1 1131.4 1523.4 1100.3 0.62 68
SFIX,R 186707098
EFIX,R 186707098 186707701 604 1522.4 1101.0 3313
SSACC,R 186707702
ESACC,R 186707702 186707713 12 1521.7 1103.5 1550.6 1120.6 0.54 53
SFIX,R 186707714
EFIX,R 186707714 186708409 696 1578.5 1146.9 3241
SSACC,R 186708410
ESACC,R 186708410 186708424 15 1575.7 1146.8 1522.4 1116.3 0.98 85
SFIX,R 186708425
EFIX,R 186708425 186709413 989 1506.7 1119.6 3237
SSACC,R 186709414
SBLINK,R 186709461
EBLINK,R 186709461 186709563 103
ESACC,R 186709414 186709599 186 1495.8 1124.0 -2.0 1273.1 23.42 814
SFIX,R 186709600
EFIX,R 186709600 186710028 429 -20.3 1183.2 3534
SSACC,R 186710029
ESACC,R 186710029 186710310 282 -24.9 1150.0 -10.3 1139.4 0.28 338
SFIX,R 186710311
EFIX,R 186710311 186710585 275 -24.1 1148.0 3830
SSACC,R 186710586
ESACC,R 186710586 186711004 419 -25.3 1155.0 145.8 365.4 12.87 317
SFIX,R 186711005
EFIX,R 186711005 186711040 36 161.0 385.1 2040
SSACC,R 186711041
ESACC,R 186711041 186711063 23 140.5 395.3 171.5 394.8 0.50 73
SFIX,R 186711064
EFIX,R 186711064 186711090 27 175.6 392.8 1985
SSACC,R 186711091
ESACC,R 186711091 186711456 366 169.1 405.6 -65.3 1209.2 13.26 505
SFIX,R 186711457
EFIX,R 186711457 186711700 244 -100.5 1223.7 3248
SSACC,R 186711701
ESACC,R 186711701 186711770 70 -111.4 1234.9 428.2 1985.7 13.26 309
SFIX,R 186711771
EFIX,R 186711771 186712040 270 449.7 1995.2 3525
SSACC,R 186712041
SBLINK,R 186712074
EBLINK,R 186712074 186713298 1225
ESACC,R 186712041 186713307 1267 468.6 1975.9 675.0 1791.8 3.99 264
SFIX,R 186713308
EFIX,R 186713308 186713370 63 1078.1 2066.3 3303
SSACC,R 186713371
SBLINK,R 186713407
EBLINK,R 186713407 186723787 10381
ESACC,R 186713371 186723827 10457 1057.7 2064.3 1004.3 1494.3 7.99 193
SFIX,R 186723828
EFIX,R 186723828 186724299 472 1008.9 1251.9 2847
SSACC,R 186724300
ESACC,R 186724300 186724312 13 1016.9 1196.9 1013.7 1154.8 0.67 62
SFIX,R 186724313
EFIX,R 186724313 186724760 448 997.5 1146.2 3342
SSACC,R 186724761
ESACC,R 186724761 186724783 23 994.2 1151.4 819.7 1176.6 2.88 223
SFIX,R 186724784
EFIX,R 186724784 186727228 2445 802.6 1179.9 3312
SSACC,R 186727229
SBLINK,R 186727248
EBLINK,R 186727248 186727844 597
ESACC,R 186727229 186727906 678 802.2 1184.9 990.4 1907.3 10.96 489
SFIX,R 186727907
EFIX,R 186727907 186727941 35 1001.2 1885.8 1737
SSACC,R 186727942
SBLINK,R 186728261
EBLINK,R 186728261 186728740 480
ESACC,R 186727942 186728785 844 1002.4 1881.1 849.6 1667.7 3.81 138
SFIX,R 186728786
EFIX,R 186728786 186728823 38 857.3 1584.2 2157
SSACC,R 186728824
ESACC,R 186728824 186728890 67 860.0 1513.6 854.3 1293.1 3.34 113
SFIX,R 186728891
EFIX,R 186728891 186728922 32 852.0 1246.1 2654
SSACC,R 186728923
ESACC,R 186728923 186728928 6 851.9 1209.9 843.5 1180.3 0.49 85
SFIX,R 186728929
EFIX,R 186728929 186728972 44 841.4 1127.5 2871
SSACC,R 186728973
ESACC,R 186728973 186728977 5 843.2 1105.9 841.2 1086.6 0.31 74
SFIX,R 186728978
EFIX,R 186728978 186729590 613 825.8 985.6 3456
SSACC,R 186729591
ESACC,R 186729591 186729639 49 799.3 1011.7 272.8 907.1 8.73 344
SFIX,R 186729640
EFIX,R 186729640 186730434 795 262.4 930.4 3044
SSACC,R 186730435
ESACC,R 186730435 186730490 56 255.3 938.2 821.0 1061.9 9.39 250
SFIX,R 186730491
EFIX,R 186730491 186732957 2467 870.2 1060.3 3133
SSACC,R 186732958
SBLINK,R 186732977
EBLINK,R 186732977 186733195 219
ESACC,R 186732958 186733260 303 875.1 1049.5 1025.6 935.1 3.11 576
SFIX,R 186733261
EFIX,R 186733261 186736646 3386 1010.4 964.8 3016
SSACC,R 186736647
ESACC,R 186736647 186736662 16 1013.8 954.1 1028.3 913.2 0.71 56
SFIX,R 186736663
EFIX,R 186736663 186736704 42 1052.8 876.6 3049
SSACC,R 186736705
ESACC,R 186736705 186736717 13 1092.5 860.3 1138.6 863.1 0.77 67
SFIX,R 186736718
EFIX,R 186736718 186737610 893 1345.6 898.7 2868
SSACC,R 186737611
ESACC,R 186737611 186737640 30 1356.0 901.5 1489.4 1186.0 5.03 321
SFIX,R 186737641
EFIX,R 186737641 186737939 299 1502.9 1208.1 2895
SSACC,R 186737940
ESACC,R 186737940 186737956 17 1502.3 1205.3 1460.1 1154.3 1.04 89
SFIX,R 186737957
EFIX,R 186737957 186738282 326 1444.1 1131.3 3100
SSACC,R 186738283
SBLINK,R 186738302
EBLINK,R 186738302 186738475 174
ESACC,R 186738283 186738543 261 1444.0 1125.8 1449.9 956.9 2.70 629
SFIX,R 186738544
EFIX,R 186738544 186739130 587 1431.6 1012.1 3297
SSACC,R 186739131
ESACC,R 186739131 186739163 33 1429.5 1015.7 1513.2 1124.8 2.20 91
SFIX,R 186739164
EFIX,R 186739164 186739776 613 1512.6 1128.0 3332
SSACC,R 186739777
ESACC,R 186739777 186739784 8 1515.3 1132.0 1536.0 1123.2 0.36 49
SFIX,R 186739785
EFIX,R 186739785 186740115 331 1556.5 1118.7 3237
SSACC,R 186740116
ESACC,R 186740116 186740137 22 1559.0 1110.2 1672.8 1179.1 2.10 150
SFIX,R 186740138
EFIX,R 186740138 186740635 498 1680.8 1175.4 3203
SSACC,R 186740636
ESACC,R 186740636 186740661 26 1678.6 1174.3 1505.7 1181.3 2.74 181
SFIX,R 186740662
EFIX,R 186740662 186741108 447 1489.7 1183.5 3263
SSACC,R 186741109
ESACC,R 186741109 186741121 13 1485.2 1183.6 1462.8 1140.3 0.77 76
SFIX,R 186741122
EFIX,R 186741122 186741532 411 1456.5 1145.7 3168
SSACC,R 186741533
ESACC,R 186741533 186741544 12 1462.5 1148.9 1486.0 1133.5 0.45 42
SFIX,R 186741545
EFIX,R 186741545 186742396 852 1496.3 1130.2 3138
SSACC,R 186742397
ESACC,R 186742397 186742419 23 1502.2 1140.1 1578.8 1137.2 1.22 67
SFIX,R 186742420
EFIX,R 186742420 186742827 408 1740.1 1160.5 2930
SSACC,R 186742828
SBLINK,R 186742847
EBLINK,R 186742847 186743505 659
ESACC,R 186742828 186743557 730 1763.5 1153.0 1260.6 696.5 10.94 374
SFIX,R 186743558
EFIX,R 186743558 186744733 1176 1238.9 686.0 2969
SSACC,R 186744734
ESACC,R 186744734 186744791 58 1230.5 703.9 1553.8 1037.6 7.60 278
SFIX,R 186744792
EFIX,R 186744792 186746682 1891 1575.4 1113.8 2842
SSACC,R 186746683
SBLINK,R 186746767
EBLINK,R 186746767 186751632 4866
ESACC,R 186746683 186751769 5087 1587.7 1384.4 1422.3 943.6 7.37 251
SFIX,R 186751770
EFIX,R 186751770 186752543 774 1415.5 702.2 3476
SSACC,R 186752544
ESACC,R 186752544 186752634 91 1407.3 722.1 628.4 132.0 16.38 292
SFIX,R 186752635
EFIX,R 186752635 186753310 676 602.7 137.2 3423
SSACC,R 186753311
ESACC,R 186753311 186753383 73 604.8 143.9 1364.9 778.1 16.58 329
SFIX,R 186753384
EFIX,R 186753384 186753767 384 1369.6 800.5 3409
SSACC,R 186753768
ESACC,R 186753768 186753840 73 1362.2 798.3 218.5 925.0 18.68 441
SFIX,R 186753841
EFIX,R 186753841 186754106 266 218.3 919.8 3601
SSACC,R 186754107
ESACC,R 186754107 186754181 75 227.2 907.3 1400.7 1124.8 19.15 484
SFIX,R 186754182
EFIX,R 186754182 186754396 215 1396.2 1129.4 3815
SSACC,R 186754397
ESACC,R 186754397 186754422 26 1392.2 1132.6 1589.1 1134.4 3.16 257
SFIX,R 186754423
EFIX,R 186754423 186754691 269 1596.3 1134.6 3759
SSACC,R 186754692
ESACC,R 186754692 186754756 65 1598.0 1134.1 1994.6 666.5 9.68 238
SFIX,R 186754757
EFIX,R 186754757 186755111 355 1994.3 691.4 3341
SSACC,R 186755112
ESACC,R 186755112 186755169 58 1994.9 689.4 1633.8 1100.3 8.64 285
SFIX,R 186755170
EFIX,R 186755170 186755438 269 1630.0 1116.1 3530
SSACC,R 186755439
ESACC,R 186755439 186755455 17 1633.2 1118.1 1657.7 1063.3 0.95 76
SFIX,R 186755456
EFIX,R 186755456 186755511 56 1677.5 1090.6 3496
SSACC,R 186755512
SBLINK,R 186755543
EBLINK,R 186755543 186755756 214
ESACC,R 186755512 186755807 296 1685.2 1095.3 1808.5 1468.6 5.97 296
SFIX,R 186755808
EFIX,R 186755808 186756274 467 1820.7 1342.2 3382
SSACC,R 186756275
ESACC,R 186756275 186756305 31 1815.2 1341.4 1544.0 1130.9 5.32 349
SFIX,R 186756306
EFIX,R 186756306 186756617 312 1524.5 1130.5 3608
SSACC,R 186756618
ESACC,R 186756618 186756632 15 1522.4 1138.7 1470.9 1108.2 0.96 88
SFIX,R 186756633
EFIX,R 186756633 186756932 300 1465.4 1107.4 3575
SSACC,R 186756933
ESACC,R 186756933 186756944 12 1469.3 1109.6 1511.2 1103.6 0.68 68
SFIX,R 186756945
EFIX,R 186756945 186757622 678 1522.8 1105.6 3480
SSACC,R 186757623
ESACC,R 186757623 186757667 45 1523.0 1103.2 1574.8 793.9 5.04 169
SFIX,R 186757668
EFIX,R 186757668 186758490 823 1570.2 802.2 3044
SSACC,R 186758491
ESACC,R 186758491 186758523 33 1559.7 815.2 1519.7 1115.9 4.87 300
SFIX,R 186758524
EFIX,R 186758524 186759036 513 1513.2 1109.0 3040
SSACC,R 186759037
ESACC,R 186759037 186759053 17 1518.9 1105.3 1561.1 1108.7 0.68 55
SFIX,R 186759054
EFIX,R 186759054 186759254 201 1599.3 1120.8 3146
SSACC,R 186759255
SBLINK,R 186759273
EBLINK,R 186759273 186759523 251
ESACC,R 186759255 186759605 351 1601.6 1098.0 2040.0 1029.2 6.88 350
SFIX,R 186759606
EFIX,R 186759606 186759626 21 2048.1 987.4 2901
SSACC,R 186759627
ESACC,R 186759627 186759631 5 2056.5 954.3 2056.1 918.7 0.56 117
SFIX,R 186759632
EFIX,R 186759632 186760148 517 2036.2 954.4 3025
SSACC,R 186760149
ESACC,R 186760149 186760193 45 2028.5 946.9 2165.7 438.5 8.33 341
SFIX,R 186760194
EFIX,R 186760194 186760828 635 2150.1 549.2 3044
SSACC,R 186760829
ESACC,R 186760829 186760892 64 2150.0 582.3 1628.7 1116.1 11.68 328
SFIX,R 186760893
EFIX,R 186760893 186762032 1140 1623.7 1131.5 3260
SSACC,R 186762033
ESACC,R 186762033 186762055 23 1623.3 1127.6 1694.0 1210.0 1.70 126
SFIX,R 186762056
EFIX,R 186762056 186762314 259 1691.4 1206.5 3241
SSACC,R 186762315
ESACC,R 186762315 186762331 17 1691.2 1205.0 1694.4 1134.5 1.10 74
SFIX,R 186762332
EFIX,R 186762332 186762687 356 1691.3 1118.3 3280
SSACC,R 186762688
ESACC,R 186762688 186762717 30 1691.2 1115.9 1547.2 1063.1 2.44 130
SFIX,R 186762718
EFIX,R 186762718 186763382 665 1483.7 1085.6 3398
SSACC,R 186763383
ESACC,R 186763383 186763405 23 1482.5 1094.8 1511.9 1205.8 1.81 165
SFIX,R 186763406
EFIX,R 186763406 186764108 703 1506.0 1198.4 3326
SSACC,R 186764109
SBLINK,R 186764147
EBLINK,R 186764147 186764264 118
ESACC,R 186764109 186764303 195 1503.8 1207.8 1183.6 214.5 17.02 1022
SFIX,R 186764304
EFIX,R 186764304 186765227 924 1153.3 246.3 2447
SSACC,R 186765228
ESACC,R 186765228 186765383 156 1148.5 258.2 549.9 1193.1 18.23 265
SFIX,R 186765384
EFIX,R 186765384 186765627 244 498.2 1201.4 2529
SSACC,R 186765628
ESACC,R 186765628 186765649 22 506.8 1194.7 501.5 1060.9 2.12 215
SFIX,R 186765650
EFIX,R 186765650 186766159 510 517.2 1041.1 2938
SSACC,R 186766160
ESACC,R 186766160 186766210 51 531.7 1025.4 796.2 1783.7 12.08 514
SFIX,R 186766211
EFIX,R 186766211 186766596 386 806.5 1812.1 3192
SSACC,R 186766597
ESACC,R 186766597 186766660 64 806.4 1813.7 1428.5 1131.2 14.05 398
SFIX,R 186766661
EFIX,R 186766661 186767713 1053 1422.9 1117.0 3283
SSACC,R 186767714
ESACC,R 186767714 186767799 86 1416.0 1126.5 835.1 1869.5 14.21 272
SFIX,R 186767800
EFIX,R 186767800 186768414 615 773.7 1976.3 2901
SSACC,R 186768415
ESACC,R 186768415 186768493 79 750.6 1992.9 1380.4 1113.3 16.06 355
SFIX,R 186768494
EFIX,R 186768494 186768737 244 1428.6 1110.5 2919
SSACC,R 186768738
ESACC,R 186768738 186768815 78 1426.4 1101.1 545.7 1092.1 14.26 289
SFIX,R 186768816
EFIX,R 186768816 186769143 328 531.0 1084.5 3227
SSACC,R 186769144
ESACC,R 186769144 186769197 54 529.8 1082.4 -148.5 1601.6 12.93 467
SFIX,R 186769198
EFIX,R 186769198 186769450 253 -176.9 1641.7 3199
SSACC,R 186769451
ESACC,R 186769451 186769509 59 -175.1 1639.8 414.1 1093.0 12.04 358
SFIX,R 186769510
EFIX,R 186769510 186770324 815 409.2 1076.8 3306
SSACC,R 186770325
ESACC,R 186770325 186770352 28 401.0 1079.8 98.6 1054.4 4.80 337
SFIX,R 186770353
EFIX,R 186770353 186770702 350 50.1 1056.5 3051
SSACC,R 186770703
ESACC,R 186770703 186770723 21 38.1 1061.6 8.6 974.8 1.43 78
SFIX,R 186770724
EFIX,R 186770724 186771237 514 14.2 951.8 3142
SSACC,R 186771238
SBLINK,R 186771297
EBLINK,R 186771297 186771494 198
ESACC,R 186771238 186771554 317 18.5 951.5 1230.1 990.0 19.35 757
SFIX,R 186771555
EFIX,R 186771555 186772375 821 1215.0 999.1 2881
SSACC,R 186772376
ESACC,R 186772376 186772439 64 1202.5 994.3 1582.3 1023.1 6.19 147
SFIX,R 186772440
EFIX,R 186772440 186773260 821 1641.8 1094.1 2825
SSACC,R 186773261
ESACC,R 186773261 186773386 126 1647.4 1080.7 770.4 547.9 16.77 245
SFIX,R 186773387
EFIX,R 186773387 186775024 1638 741.7 565.2 2757
SSACC,R 186775025
ESACC,R 186775025 186775096 72 726.1 574.9 246.6 645.6 8.01 150
SFIX,R 186775097
EFIX,R 186775097 186777882 2786 215.7 652.1 2737
SSACC,R 186777883
SBLINK,R 186777906
EBLINK,R 186777906 186778693 788
ESACC,R 186777883 186778757 875 214.2 669.7 -338.7 1219.9 11.99 1086
SFIX,R 186778758
EFIX,R 186778758 186778802 45 -342.5 1170.6 2527
SSACC,R 186778803
ESACC,R 186778803 186778863 61 -340.9 1158.6 243.2 1120.3 8.81 248
SFIX,R 186778864
EFIX,R 186778864 186782075 3212 251.2 1086.9 3207
SSACC,R 186782076
ESACC,R 186782076 186782145 70 243.0 1093.8 684.1 1662.2 10.98 362
SFIX,R 186782146
EFIX,R 186782146 186782517 372 716.4 1656.4 3162
SSACC,R 186782518
SBLINK,R 186782534
EBLINK,R 186782534 186782754 221
ESACC,R 186782518 186782823 306 715.8 1658.8 1280.0 964.4 13.92 439
SFIX,R 186782824
EFIX,R 186782824 186786240 3417 1248.2 993.3 2917
SSACC,R 186786241
ESACC,R 186786241 186786272 32 1244.3 978.6 1540.7 1160.1 5.61 338
SFIX,R 186786273
EFIX,R 186786273 186786663 391 1553.0 1186.8 2976
SSACC,R 186786664
ESACC,R 186786664 186786731 68 1555.1 1184.1 1790.2 774.0 7.51 148
SFIX,R 186786732
EFIX,R 186786732 186787571 840 1819.2 741.2 2814
SSACC,R 186787572
SBLINK,R 186787593
EBLINK,R 186787593 186787884 292
ESACC,R 186787572 186788062 491 1807.5 744.1 2166.2 693.6 5.58 1146
SFIX,R 186788063
EFIX,R 186788063 186788206 144 2159.5 729.7 2509
SSACC,R 186788207
ESACC,R 186788207 186788270 64 2153.6 734.4 1688.2 969.8 8.10 202
SFIX,R 186788271
EFIX,R 186788271 186790420 2150 1660.2 991.5 2920
SSACC,R 186790421
ESACC,R 186790421 186790478 58 1657.2 1000.3 1408.0 478.6 9.47 252
SFIX,R 186790479
EFIX,R 186790479 186791906 1428 1277.1 412.9 2703
SSACC,R 186791907
SBLINK,R 186791928
EBLINK,R 186791928 186792171 244
ESACC,R 186791907 186792234 328 1265.0 419.9 1439.9 1163.9 12.48 705
SFIX,R 186792235
EFIX,R 186792235 186792579 345 1433.4 1200.7 2677
SSACC,R 186792580
ESACC,R 186792580 186792595 16 1444.5 1198.0 1482.6 1168.6 0.76 60
SFIX,R 186792596
EFIX,R 186792596 186793504 909 1506.1 1136.2 3161
SSACC,R 186793505
ESACC,R 186793505 186793528 24 1513.4 1136.8 1633.4 1168.0 1.97 102
SFIX,R 186793529
EFIX,R 186793529 186793724 196 1686.4 1185.3 2991
SSACC,R 186793725
ESACC,R 186793725 186793743 19 1689.2 1191.9 1747.6 1162.7 1.02 68
SFIX,R 186793744
EFIX,R 186793744 186794025 282 1778.3 1139.7 2901
SSACC,R 186794026
ESACC,R 186794026 186794055 30 1779.6 1134.6 1836.7 999.8 2.29 112
SFIX,R 186794056
EFIX,R 186794056 186794917 862 1850.0 948.1 2771
SSACC,R 186794918
ESACC,R 186794918 186794973 56 1847.0 951.8 1898.5 1748.9 11.77 465
SFIX,R 186794974
EFIX,R 186794974 186795466 493 1885.5 1733.1 2674
SSACC,R 186795467
ESACC,R 186795467 186795513 47 1884.5 1710.2 1589.7 1196.8 8.76 438
SFIX,R 186795514
EFIX,R 186795514 186795767 254 1583.7 1213.2 2955
SSACC,R 186795768
ESACC,R 186795768 186795788 21 1586.3 1206.4 1610.6 1134.5 1.19 69
SFIX,R 186795789
EFIX,R 186795789 186796543 755 1636.0 1085.9 2945
SSACC,R 186796544
SBLINK,R 186796590
EBLINK,R 186796590 186798959 2370
ESACC,R 186796544 186799015 2472 1629.1 1086.4 1547.5 638.3 7.36 546
SFIX,R 186799016
EFIX,R 186799016 186800369 1354 1525.7 582.3 3255
SSACC,R 186800370
ESACC,R 186800370 186800427 58 1521.0 601.0 1955.5 507.3 7.13 161
SFIX,R 186800428
EFIX,R 186800428 186800874 447 2016.3 515.7 2622
SSACC,R 186800875
ESACC,R 186800875 186800901 27 2020.6 517.2 1870.0 631.6 3.00 203
SFIX,R 186800902
EFIX,R 186800902 186801238 337 1848.7 662.6 2891
SSACC,R 186801239
ESACC,R 186801239 186801288 50 1847.3 654.8 1897.9 -18.7 11.07 354
SFIX,R 186801289
EFIX,R 186801289 186802321 1033 1906.3 -52.9 2614
SSACC,R 186802322
ESACC,R 186802322 186802350 29 1910.2 -55.6 2111.7 -147.0 3.45 232
SFIX,R 186802351
EFIX,R 186802351 186802631 281 2113.8 -145.9 2403
SSACC,R 186802632
ESACC,R 186802632 186802710 79 2113.7 -141.4 2004.4 851.8 15.93 327
SFIX,R 186802711
EFIX,R 186802711 186802884 174 1991.2 871.6 2811
SSACC,R 186802885
ESACC,R 186802885 186802916 32 1992.7 872.4 1791.4 1064.0 4.33 213
SFIX,R 186802917
EFIX,R 186802917 186803183 267 1770.3 1071.0 2968
SSACC,R 186803184
SBLINK,R 186803201
EBLINK,R 186803201 186803311 111
ESACC,R 186803184 186803371 188 1765.0 1078.6 1527.2 1074.7 3.77 401
SFIX,R 186803372
EFIX,R 186803372 186804379 1008 1509.0 1131.8 3247
SSACC,R 186804380
ESACC,R 186804380 186804398 19 1506.8 1131.5 1547.3 1072.9 1.13 75
SFIX,R 186804399
EFIX,R 186804399 186804465 67 1572.9 1067.7 3156
SSACC,R 186804466
ESACC,R 186804466 186804479 14 1579.5 1063.6 1620.0 1081.6 0.71 59
SFIX,R 186804480
EFIX,R 186804480 186805878 1399 1654.4 1092.4 3131
SSACC,R 186805879
ESACC,R 186805879 186805925 47 1655.6 1090.4 1556.8 831.9 4.44 128
SFIX,R 186805926
EFIX,R 186805926 186806277 352 1481.5 739.5 3008
SSACC,R 186806278
ESACC,R 186806278 186806320 43 1471.8 736.1 1283.1 680.1 3.27 103
SFIX,R 186806321
EFIX,R 186806321 186807611 1291 1111.3 700.5 2840
SSACC,R 186807612
SBLINK,R 186807633
EBLINK,R 186807633 186807945 313
ESACC,R 186807612 186808007 396 1095.2 724.4 1440.0 1058.0 7.88 1030
SFIX,R 186808008
EFIX,R 186808008 186810495 2488 1421.9 1007.8 3005
SSACC,R 186810496
ESACC,R 186810496 186810754 259 1430.0 1012.8 2228.6 597.3 14.05 210
SFIX,R 186810755
EFIX,R 186810755 186810783 29 2222.3 642.3 2587
SSACC,R 186810784
ESACC,R 186810784 186810793 10 2217.6 680.4 2222.1 642.7 0.60 79
SFIX,R 186810794
EFIX,R 186810794 186810871 78 2220.1 674.1 2363
SSACC,R 186810872
ESACC,R 186810872 186810919 48 2213.4 707.4 1947.9 874.2 4.80 176
SFIX,R 186810920
EFIX,R 186810920 186811417 498 1897.2 918.8 2692
SSACC,R 186811418
ESACC,R 186811418 186811474 57 1889.9 914.1 2301.2 844.7 6.27 156
SFIX,R 186811475
EFIX,R 186811475 186811548 74 2372.0 841.8 2849
SSACC,R 186811549
ESACC,R 186811549 186811576 28 2380.5 861.2 2379.6 838.8 0.34 55
SFIX,R 186811577
EFIX,R 186811577 186811643 67 2376.9 850.8 2833
SSACC,R 186811644
ESACC,R 186811644 186811690 47 2372.7 854.1 1836.3 1146.6 9.14 428
SFIX,R 186811691
EFIX,R 186811691 186811889 199 1805.0 1139.1 2904
SSACC,R 186811890
ESACC,R 186811890 186811975 86 1804.2 1141.4 2392.2 877.9 9.62 163
SFIX,R 186811976
EFIX,R 186811976 186812192 217 2398.1 878.1 2850
SSACC,R 186812193
ESACC,R 186812193 186812249 57 2394.3 880.1 1738.6 1132.8 10.50 373
SFIX,R 186812250
EFIX,R 186812250 186812493 244 1720.2 1116.8 3027
SSACC,R 186812494
ESACC,R 186812494 186812631 138 1720.7 1117.8 2323.6 1084.2 9.03 153
SFIX,R 186812632
EFIX,R 186812632 186812666 35 2324.5 1064.3 2734
SSACC,R 186812667
ESACC,R 186812667 186812684 18 2320.9 1056.8 2327.2 1002.6 0.82 105
SFIX,R 186812685
EFIX,R 186812685 186812704 20 2325.6 995.9 2812
SSACC,R 186812705
ESACC,R 186812705 186812716 12 2326.6 990.8 2326.8 955.6 0.53 84
SFIX,R 186812717
EFIX,R 186812717 186812818 102 2322.4 947.6 2819
SSACC,R 186812819
ESACC,R 186812819 186812864 46 2318.3 943.9 1809.6 1149.7 8.22 387
SFIX,R 186812865
EFIX,R 186812865 186813212 348 1801.0 1147.2 2870
SSACC,R 186813213
ESACC,R 186813213 186813239 27 1796.2 1158.6 1531.1 1211.6 4.24 303
SFIX,R 186813240
EFIX,R 186813240 186813575 336 1503.4 1205.1 3134
SSACC,R 186813576
ESACC,R 186813576 186813595 20 1500.3 1206.9 1499.1 1103.5 1.62 124
SFIX,R 186813596
EFIX,R 186813596 186814226 631 1484.9 1053.0 3317
SSACC,R 186814227
ESACC,R 186814227 186814284 58 1484.7 1047.2 1758.2 680.6 7.37 206
SFIX,R 186814285
EFIX,R 186814285 186816023 1739 1744.3 699.5 2746
SSACC,R 186816024
SBLINK,R 186816051
EBLINK,R 186816051 186816218 168
ESACC,R 186816024 186816270 247 1738.3 720.2 1482.3 1085.2 7.17 1215
SFIX,R 186816271
EFIX,R 186816271 186817417 1147 1473.5 1090.8 2958
SSACC,R 186817418
ESACC,R 186817418 186817504 87 1473.9 1078.6 675.8 396.1 17.30 322
SFIX,R 186817505
EFIX,R 186817505 186818477 973 633.9 418.2 2951
SSACC,R 186818478
ESACC,R 186818478 186818536 59 624.3 438.0 216.1 1023.8 11.68 350
SFIX,R 186818537
EFIX,R 186818537 186819107 571 209.6 1032.1 2846
SSACC,R 186819108
ESACC,R 186819108 186819186 79 216.0 1033.9 1296.2 995.7 17.42 492
SFIX,R 186819187
EFIX,R 186819187 186819681 495 1293.7 998.0 3111
SSACC,R 186819682
ESACC,R 186819682 186819741 60 1292.5 993.3 1033.1 515.3 9.03 273
SFIX,R 186819742
EFIX,R 186819742 186821996 2255 962.1 480.2 2808
SSACC,R 186821997
ESACC,R 186821997 186822052 56 958.1 485.4 1742.8 1214.8 17.35 585
SFIX,R 186822053
EFIX,R 186822053 186822768 716 1732.0 1203.4 2741
SSACC,R 186822769
SBLINK,R 186822786
EBLINK,R 186822786 186823010 225
ESACC,R 186822769 186823084 316 1725.5 1187.5 1357.6 541.0 12.00 430
SFIX,R 186823085
EFIX,R 186823085 186823589 505 1336.7 568.4 2809
SSACC,R 186823590
ESACC,R 186823590 186823661 72 1331.5 564.4 1098.7 226.7 6.96 137
SFIX,R 186823662
EFIX,R 186823662 186824035 374 1026.5 185.2 2402
SSACC,R 186824036
ESACC,R 186824036 186824091 56 1021.8 182.2 941.5 689.0 8.71 278
SFIX,R 186824092
EFIX,R 186824092 186824580 489 934.4 698.9 2517
SSACC,R 186824581
ESACC,R 186824581 186824603 23 927.9 702.8 807.0 780.7 2.41 181
SFIX,R 186824604
EFIX,R 186824604 186825169 566 793.4 791.0 2529
SSACC,R 186825170
ESACC,R 186825170 186825196 27 795.0 796.4 915.1 548.7 4.63 371
SFIX,R 186825197
EFIX,R 186825197 186825555 359 925.6 526.5 2420
SSACC,R 186825556
ESACC,R 186825556 186825593 38 926.3 523.8 935.4 192.0 5.67 258
SFIX,R 186825594
EFIX,R 186825594 186826483 890 930.6 148.8 2387
SSACC,R 186826484
ESACC,R 186826484 186826545 62 932.3 144.3 1123.1 799.3 11.52 318
SFIX,R 186826546
EFIX,R 186826546 186827932 1387 1133.2 853.5 2503
SSACC,R 186827933
SBLINK,R 186827955
EBLINK,R 186827955 186831924 3970
ESACC,R 186827933 186832113 4181 1127.4 872.6 1272.4 666.7 4.19 1003
SFIX,R 186832114
EFIX,R 186832114 186833454 1341 1260.6 613.3 3210
SSACC,R 186833455
ESACC,R 186833455 186833508 54 1257.6 643.5 1618.5 1111.5 9.61 350
SFIX,R 186833509
EFIX,R 186833509 186834130 622 1629.8 1147.5 2733
SSACC,R 186834131
ESACC,R 186834131 186834157 27 1630.5 1139.1 1733.6 1336.8 3.43 246
SFIX,R 186834158
EFIX,R 186834158 186834763 606 1732.6 1328.9 2999
SSACC,R 186834764
ESACC,R 186834764 186834794 31 1731.5 1315.2 1487.0 1340.9 3.83 244
SFIX,R 186834795
EFIX,R 186834795 186834984 190 1471.6 1335.3 3230
SSACC,R 186834985
ESACC,R 186834985 186834994 10 1472.7 1329.9 1495.0 1297.9 0.60 64
SFIX,R 186834995
EFIX,R 186834995 186835651 657 1513.8 1290.3 3256
SSACC,R 186835652
ESACC,R 186835652 186835671 20 1512.5 1281.6 1607.4 1246.5 1.59 132
SFIX,R 186835672
EFIX,R 186835672 186836105 434 1612.7 1243.2 3280
SSACC,R 186836106
ESACC,R 186836106 186836127 22 1614.2 1249.0 1545.3 1138.4 2.04 162
SFIX,R 186836128
EFIX,R 186836128 186836332 205 1520.5 1112.9 3299
SSACC,R 186836333
SBLINK,R 186836351
EBLINK,R 186836351 186836720 370
ESACC,R 186836333 186836771 439 1511.9 1113.1 1435.9 1359.0 3.99 494
SFIX,R 186836772
EFIX,R 186836772 186838059 1288 1427.4 1217.9 3178
SSACC,R 186838060
ESACC,R 186838060 186838158 99 1426.6 1223.1 1836.9 1832.1 10.81 254
SFIX,R 186838159
EFIX,R 186838159 186838814 656 1853.7 1794.2 3102
SSACC,R 186838815
ESACC,R 186838815 186838890 76 1856.2 1768.0 2220.2 947.0 13.06 314
SFIX,R 186838891
EFIX,R 186838891 186838933 43 2226.7 877.8 2810
SSACC,R 186838934
ESACC,R 186838934 186838944 11 2230.7 814.6 2236.8 766.8 0.75 98
SFIX,R 186838945
EFIX,R 186838945 186839445 501 2216.9 794.5 2817
SSACC,R 186839446
ESACC,R 186839446 186839476 31 2214.7 835.9 1923.4 970.3 4.87 294
SFIX,R 186839477
EFIX,R 186839477 186840208 732 1908.6 979.2 2959
SSACC,R 186840209
ESACC,R 186840209 186840264 56 1911.8 980.5 1934.1 396.9 9.38 311
SFIX,R 186840265
EFIX,R 186840265 186841073 809 1932.1 393.4 2665
SSACC,R 186841074
ESACC,R 186841074 186841125 52 1930.4 392.2 1639.4 30.6 7.60 252
SFIX,R 186841126
EFIX,R 186841126 186841519 394 1634.2 15.7 2310
SSACC,R 186841520
ESACC,R 186841520 186841544 25 1631.1 14.0 1825.9 -48.1 3.31 259
SFIX,R 186841545
EFIX,R 186841545 186842074 530 1833.3 -45.5 2331
SSACC,R 186842075
ESACC,R 186842075 186842148 74 1829.5 -47.3 1705.4 807.8 14.15 337
SFIX,R 186842149
EFIX,R 186842149 186843222 1074 1668.6 831.0 2811
SSACC,R 186843223
ESACC,R 186843223 186843246 24 1668.3 842.2 1805.6 785.7 2.37 154
SFIX,R 186843247
EFIX,R 186843247 186843914 668 1846.0 782.2 2685
SSACC,R 186843915
ESACC,R 186843915 186844016 102 1847.3 777.1 661.4 673.9 19.31 281
SFIX,R 186844017
EFIX,R 186844017 186844320 304 638.4 673.4 3193
SSACC,R 186844321
SBLINK,R 186844362
EBLINK,R 186844362 186844448 87
ESACC,R 186844321 186844496 176 629.5 670.2 130.3 211.2 11.22 1174
SFIX,R 186844497
EFIX,R 186844497 186845752 1256 125.6 225.2 2830
SSACC,R 186845753
ESACC,R 186845753 186845788 36 121.5 238.2 -100.6 -19.6 5.50 311
SFIX,R 186845789
EFIX,R 186845789 186846040 252 -119.5 -54.7 2528
SSACC,R 186846041
ESACC,R 186846041 186846125 85 -117.9 -56.0 419.2 630.5 14.18 287
SFIX,R 186846126
EFIX,R 186846126 186847120 995 409.7 645.9 2780
SSACC,R 186847121
ESACC,R 186847121 186847195 75 415.0 653.8 975.0 348.4 10.70 192
SFIX,R 186847196
EFIX,R 186847196 186848951 1756 992.6 344.2 2687
SSACC,R 186848952
ESACC,R 186848952 186849014 63 993.1 348.2 739.2 535.5 5.36 122
SFIX,R 186849015
EFIX,R 186849015 186849697 683 694.8 573.2 2698
SSACC,R 186849698
SBLINK,R 186849726
EBLINK,R 186849726 186849921 196
ESACC,R 186849698 186849972 275 706.6 577.6 1310.8 708.5 10.36 1315
SFIX,R 186849973
EFIX,R 186849973 186850883 911 1292.1 720.4 2841
SSACC,R 186850884
ESACC,R 186850884 186850955 72 1287.3 710.6 1798.2 898.9 8.83 160
SFIX,R 186850956
EFIX,R 186850956 186851434 479 1825.9 975.0 2719
SSACC,R 186851435
ESACC,R 186851435 186851510 76 1826.1 980.2 2272.9 634.1 8.69 185
SFIX,R 186851511
EFIX,R 186851511 186852110 600 2268.0 687.1 2516
SSACC,R 186852111
ESACC,R 186852111 186852155 45 2268.4 689.7 2267.0 264.6 6.74 373
SFIX,R 186852156
EFIX,R 186852156 186852387 232 2260.0 266.5 2460
SSACC,R 186852388
ESACC,R 186852388 186852446 59 2256.6 271.4 1658.7 815.8 12.74 339
SFIX,R 186852447
EFIX,R 186852447 186853403 957 1622.1 872.3 2714
SSACC,R 186853404
ESACC,R 186853404 186853452 49 1614.7 882.8 1099.2 1034.1 8.75 360
SFIX,R 186853453
EFIX,R 186853453 186854132 680 1089.6 1038.7 3008
SSACC,R 186854133
ESACC,R 186854133 186854198 66 1093.7 1031.4 770.1 363.8 12.34 339
SFIX,R 186854199
EFIX,R 186854199 186854777 579 733.1 346.8 2638
SSACC,R 186854778
ESACC,R 186854778 186854887 110 728.6 357.6 88.6 1585.2 21.65 350
SFIX,R 186854888
EFIX,R 186854888 186856019 1132 98.9 1569.0 2878
SSACC,R 186856020
ESACC,R 186856020 186856076 57 104.7 1551.6 -68.2 914.5 9.94 419
SFIX,R 186856077
EFIX,R 186856077 186856607 531 -70.0 897.0 2940
SSACC,R 186856608
ESACC,R 186856608 186856631 24 -72.6 892.8 64.5 910.0 2.14 182
SFIX,R 186856632
EFIX,R 186856632 186857605 974 35.1 931.4 2662
SSACC,R 186857606
ESACC,R 186857606 186857689 84 34.4 940.4 1079.3 763.2 17.10 323
SFIX,R 186857690
EFIX,R 186857690 186858468 779 1072.3 751.4 2797
SSACC,R 186858469
ESACC,R 186858469 186858491 23 1076.8 746.8 1006.8 680.9 1.61 87
SFIX,R 186858492
EFIX,R 186858492 186859398 907 964.6 654.3 2887
SSACC,R 186859399
SBLINK,R 186859429
EBLINK,R 186859429 186859692 264
ESACC,R 186859399 186859771 373 960.9 655.2 1644.3 984.5 12.45 1326
SFIX,R 186859772
EFIX,R 186859772 186860393 622 1626.1 1032.1 2717
SSACC,R 186860394
ESACC,R 186860394 186860496 103 1626.2 1012.2 1026.9 394.9 14.18 197
SFIX,R 186860497
EFIX,R 186860497 186861083 587 1006.1 383.4 3244
SSACC,R 186861084
ESACC,R 186861084 186861157 74 997.9 392.6 1652.7 451.9 10.95 195
SFIX,R 186861158
EFIX,R 186861158 186861590 433 1690.7 486.4 2695
SSACC,R 186861591
ESACC,R 186861591 186861632 42 1687.9 489.3 1779.2 -2.1 8.30 384
SFIX,R 186861633
EFIX,R 186861633 186862013 381 1797.9 -45.0 2352
SSACC,R 186862014
ESACC,R 186862014 186862089 76 1794.1 -48.6 1809.3 992.6 16.84 427
SFIX,R 186862090
EFIX,R 186862090 186862709 620 1795.2 1004.4 2823
SSACC,R 186862710
ESACC,R 186862710 186862739 30 1795.0 1007.4 1520.9 1118.5 4.68 311
SFIX,R 186862740
EFIX,R 186862740 186862843 104 1499.0 1132.5 3113
SSACC,R 186862844
ESACC,R 186862844 186862854 11 1501.8 1131.3 1538.7 1120.7 0.61 66
SFIX,R 186862855
EFIX,R 186862855 186863251 397 1542.2 1117.1 3127
SSACC,R 186863252
ESACC,R 186863252 186863295 44 1542.6 1116.7 1433.2 752.0 6.15 194
SFIX,R 186863296
EFIX,R 186863296 186864597 1302 1407.4 707.6 2897
SSACC,R 186864598
ESACC,R 186864598 186864657 60 1404.1 707.8 1131.7 485.7 5.90 124
SFIX,R 186864658
EFIX,R 186864658 186866615 1958 1048.7 493.9 2702
SSACC,R 186866616
ESACC,R 186866616 186866668 53 1042.7 506.2 673.0 569.9 6.34 175
SFIX,R 186866669
EFIX,R 186866669 186866749 81 544.7 584.1 2577
SSACC,R 186866750
SBLINK,R 186866773
EBLINK,R 186866773 186866973 201
ESACC,R 186866750 186867045 296 466.0 627.0 276.2 641.3 3.12 1196
SFIX,R 186867046
EFIX,R 186867046 186867396 351 279.3 586.1 2481
SSACC,R 186867397
ESACC,R 186867397 186867467 71 286.2 582.8 798.2 497.6 8.62 175
SFIX,R 186867468
EFIX,R 186867468 186870399 2932 812.1 489.7 2580
SSACC,R 186870400
SBLINK,R 186870431
EBLINK,R 186870431 186875892 5462
ESACC,R 186870400 186875950 5551 794.8 520.2 1124.7 515.5 5.58 1473
SFIX,R 186875951
EFIX,R 186875951 186878047 2097 1089.3 479.4 3112
SSACC,R 186878048
ESACC,R 186878048 186878119 72 1079.9 502.5 1462.9 1702.1 19.54 502
SFIX,R 186878120
EFIX,R 186878120 186878561 442 1457.9 1679.2 3033
SSACC,R 186878562
ESACC,R 186878562 186878591 30 1456.1 1650.9 1567.3 1166.8 7.44 553
SFIX,R 186878592
EFIX,R 186878592 186878810 219 1577.3 1140.5 3433
SSACC,R 186878811
ESACC,R 186878811 186878828 18 1585.4 1131.1 1503.2 1112.5 1.35 116
SFIX,R 186878829
EFIX,R 186878829 186879187 359 1489.7 1099.3 3646
SSACC,R 186879188
ESACC,R 186879188 186879199 12 1489.4 1098.3 1507.8 1065.5 0.60 49
SFIX,R 186879200
EFIX,R 186879200 186879950 751 1520.8 1071.1 3474
SSACC,R 186879951
ESACC,R 186879951 186879969 19 1524.2 1080.0 1595.7 1093.2 1.16 69
SFIX,R 186879970
EFIX,R 186879970 186880309 340 1634.5 1125.2 3220
SSACC,R 186880310
ESACC,R 186880310 186880368 59 1633.1 1126.8 1969.1 546.3 10.66 397
SFIX,R 186880369
EFIX,R 186880369 186881169 801 1967.5 565.9 2779
SSACC,R 186881170
SBLINK,R 186881204
EBLINK,R 186881204 186881441 238
ESACC,R 186881170 186881478 309 1972.0 570.4 2324.9 1346.2 12.95 1025
SFIX,R 186881479
EFIX,R 186881479 186881594 116 2334.1 1204.2 2296
SSACC,R 186881595
ESACC,R 186881595 186881666 72 2344.5 1114.8 1572.7 1108.7 11.60 243
SFIX,R 186881667
EFIX,R 186881667 186882296 630 1559.1 1085.6 3092
SSACC,R 186882297
ESACC,R 186882297 186882319 23 1557.2 1081.3 1478.0 1178.8 1.99 173
SFIX,R 186882320
EFIX,R 186882320 186882793 474 1467.5 1181.8 3275
SSACC,R 186882794
ESACC,R 186882794 186882852 59 1464.5 1187.3 807.6 183.3 19.67 612
SFIX,R 186882853
EFIX,R 186882853 186883689 837 752.9 188.5 2422
SSACC,R 186883690
ESACC,R 186883690 186883719 30 734.6 191.5 752.8 511.4 5.46 369
SFIX,R 186883720
EFIX,R 186883720 186884050 331 751.8 526.9 2304
SSACC,R 186884051
ESACC,R 186884051 186884124 74 753.3 530.8 1188.3 1191.0 12.97 259
SFIX,R 186884125
EFIX,R 186884125 186884468 344 1196.0 1179.5 2754
SSACC,R 186884469
ESACC,R 186884469 186884496 28 1193.8 1159.4 1156.6 1489.9 5.11 399
SFIX,R 186884497
EFIX,R 186884497 186884797 301 1151.6 1493.7 3032
SSACC,R 186884798
SBLINK,R 186884812
EBLINK,R 186884812 186884951 140
ESACC,R 186884798 186885004 207 1149.9 1498.5 1517.2 1128.3 8.14 314
SFIX,R 186885005
EFIX,R 186885005 186885168 164 1498.4 1181.8 3134
SSACC,R 186885169
ESACC,R 186885169 186885184 16 1495.5 1190.4 1485.9 1128.9 0.98 114
SFIX,R 186885185
EFIX,R 186885185 186885717 533 1486.7 1120.4 3203
SSACC,R 186885718
ESACC,R 186885718 186885742 25 1481.3 1102.8 1498.1 1227.6 1.97 165
SFIX,R 186885743
EFIX,R 186885743 186886169 427 1496.6 1216.8 3237
SSACC,R 186886170
ESACC,R 186886170 186886187 18 1496.3 1223.4 1505.4 1149.4 1.16 85
SFIX,R 186886188
EFIX,R 186886188 186886528 341 1504.8 1145.1 3218
SSACC,R 186886529
ESACC,R 186886529 186886544 16 1504.8 1152.3 1479.6 1092.3 1.03 103
SFIX,R 186886545
EFIX,R 186886545 186886606 62 1461.4 1086.5 3203
SSACC,R 186886607
ESACC,R 186886607 186886621 15 1459.2 1085.9 1403.9 1081.0 0.90 69
SFIX,R 186886622
EFIX,R 186886622 186887799 1178 1390.5 1085.0 3193
SSACC,R 186887800
ESACC,R 186887800 186887821 22 1389.9 1086.4 1403.7 936.4 2.42 214
SFIX,R 186887822
EFIX,R 186887822 186889176 1355 1398.8 914.2 3009
SSACC,R 186889177
ESACC,R 186889177 186889208 32 1384.4 914.3 1527.5 1139.7 4.28 244
SFIX,R 186889209
EFIX,R 186889209 186889448 240 1527.4 1160.4 2899
SSACC,R 186889449
ESACC,R 186889449 186889501 53 1527.4 1162.4 833.9 308.6 18.04 657
SFIX,R 186889502
EFIX,R 186889502 186889999 498 812.1 309.9 2632
SSACC,R 186890000
SBLINK,R 186890053
EBLINK,R 186890053 186890186 134
ESACC,R 186890000 186890231 232 806.4 309.6 1425.5 1104.8 16.63 1220
SFIX,R 186890232
EFIX,R 186890232 186890402 171 1413.1 1135.9 2558
SSACC,R 186890403
ESACC,R 186890403 186890425 23 1413.6 1129.2 1511.6 1203.7 1.96 139
SFIX,R 186890426
EFIX,R 186890426 186890730 305 1517.2 1205.7 2757
SSACC,R 186890731
ESACC,R 186890731 186890750 20 1519.3 1188.7 1474.5 1138.9 1.06 90
SFIX,R 186890751
EFIX,R 186890751 186891555 805 1466.1 1117.8 3249
SSACC,R 186891556
ESACC,R 186891556 186891580 25 1463.1 1120.4 1540.0 1155.8 1.35 101
SFIX,R 186891581
EFIX,R 186891581 186891702 122 1562.5 1195.3 3182
SSACC,R 186891703
ESACC,R 186891703 186891719 17 1563.4 1199.4 1540.1 1146.7 0.90 69
SFIX,R 186891720
EFIX,R 186891720 186891855 136 1541.7 1150.9 3290
SSACC,R 186891856
ESACC,R 186891856 186891866 11 1539.8 1146.0 1516.6 1115.3 0.61 66
SFIX,R 186891867
EFIX,R 186891867 186892070 204 1513.0 1095.4 3575
SSACC,R 186892071
SBLINK,R 186892111
EBLINK,R 186892111 186892234 124
ESACC,R 186892071 186892278 208 1513.2 1087.8 231.1 1073.2 20.43 572
SFIX,R 186892279
EFIX,R 186892279 186892431 153 217.8 1009.0 3348
SSACC,R 186892432
ESACC,R 186892432 186892482 51 210.1 1007.0 803.2 145.8 17.20 713
SFIX,R 186892483
EFIX,R 186892483 186892613 131 804.0 149.7 3091
SSACC,R 186892614
ESACC,R 186892614 186892622 9 799.4 154.0 781.9 173.7 0.45 54
SFIX,R 186892623
EFIX,R 186892623 186893397 775 767.0 199.7 2491
SSACC,R 186893398
ESACC,R 186893398 186893424 27 757.5 201.4 971.3 304.9 4.05 304
SFIX,R 186893425
EFIX,R 186893425 186894020 596 971.4 307.1 2453
SSACC,R 186894021
ESACC,R 186894021 186894086 66 970.7 309.0 1378.5 1152.2 15.42 356
SFIX,R 186894087
EFIX,R 186894087 186894556 470 1398.2 1181.2 2801
SSACC,R 186894557
ESACC,R 186894557 186894574 18 1404.3 1174.2 1466.0 1192.7 1.03 96
SFIX,R 186894575
EFIX,R 186894575 186895565 991 1485.2 1191.5 3095
SSACC,R 186895566
ESACC,R 186895566 186895584 19 1488.3 1191.2 1500.3 1110.5 1.28 99
SFIX,R 186895585
EFIX,R 186895585 186897601 2017 1501.4 1095.4 3103
SSACC,R 186897602
SBLINK,R 186897619
EBLINK,R 186897619 186897725 107
ESACC,R 186897602 186897761 160 1496.6 1088.8 945.2 202.0 17.22 987
SFIX,R 186897762
EFIX,R 186897762 186897868 107 931.8 232.2 2891
SSACC,R 186897869
ESACC,R 186897869 186897891 23 926.1 235.7 789.8 210.6 2.36 201
SFIX,R 186897892
EFIX,R 186897892 186898724 833 756.1 217.2 2452
SSACC,R 186898725
ESACC,R 186898725 186898745 21 736.8 216.3 842.9 211.1 1.81 159
SFIX,R 186898746
EFIX,R 186898746 186899146 401 858.6 223.4 2217
SSACC,R 186899147
ESACC,R 186899147 186899206 60 865.9 228.8 1127.3 921.5 12.41 369
SFIX,R 186899207
EFIX,R 186899207 186899680 474 1140.3 940.1 2633
SSACC,R 186899681
ESACC,R 186899681 186899708 28 1143.0 939.1 1163.6 673.5 4.41 325
SFIX,R 186899709
EFIX,R 186899709 186900155 447 1158.6 659.5 2642
SSACC,R 186900156
ESACC,R 186900156 186900209 54 1158.1 656.6 1593.4 1202.9 11.31 377
SFIX,R 186900210
EFIX,R 186900210 186900600 391 1599.3 1231.4 2571
SSACC,R 186900601
ESACC,R 186900601 186900620 20 1600.2 1223.3 1509.7 1168.2 1.67 115
SFIX,R 186900621
EFIX,R 186900621 186900898 278 1494.6 1161.1 2848
SSACC,R 186900899
ESACC,R 186900899 186900923 25 1495.0 1153.7 1543.6 1073.5 1.49 108
SFIX,R 186900924
EFIX,R 186900924 186901675 752 1555.2 1052.3 2957
SSACC,R 186901676
ESACC,R 186901676 186901699 24 1556.4 1045.1 1662.2 1022.5 1.73 89
SFIX,R 186901700
EFIX,R 186901700 186902383 684 1703.3 1005.0 2821
SSACC,R 186902384
ESACC,R 186902384 186902443 60 1704.0 1008.5 709.1 287.1 20.15 643
SFIX,R 186902444
EFIX,R 186902444 186902545 102 703.9 296.2 2853
SSACC,R 186902546
ESACC,R 186902546 186902567 22 699.8 300.7 793.1 229.3 2.00 195
SFIX,R 186902568
EFIX,R 186902568 186902743 176 775.9 224.4 2271
SSACC,R 186902744
ESACC,R 186902744 186902749 6 764.9 220.2 748.9 220.3 0.27 43
SFIX,R 186902750
EFIX,R 186902750 186903185 436 744.5 226.9 2188
SSACC,R 186903186
ESACC,R 186903186 186903223 38 743.8 235.9 1066.1 821.7 11.27 555
SFIX,R 186903224
EFIX,R 186903224 186903377 154 1069.2 842.2 2326
SSACC,R 186903378
ESACC,R 186903378 186903394 17 1069.8 837.7 1065.2 890.5 0.87 97
SFIX,R 186903395
EFIX,R 186903395 186904302 908 1067.1 882.6 2593
SSACC,R 186904303
ESACC,R 186904303 186904402 100 1071.1 875.6 294.2 1728.1 17.82 285
SFIX,R 186904403
EFIX,R 186904403 186905076 674 281.8 1739.0 2811
SSACC,R 186905077
ESACC,R 186905077 186905127 51 286.2 1715.3 79.0 940.3 11.98 529
SFIX,R 186905128
EFIX,R 186905128 186906249 1122 53.6 940.9 2792
SSACC,R 186906250
ESACC,R 186906250 186906288 39 40.8 948.4 -165.4 896.9 3.26 103
SFIX,R 186906289
EFIX,R 186906289 186906589 301 -251.0 853.6 2571
SSACC,R 186906590
SBLINK,R 186906621
EBLINK,R 186906621 186906752 132
ESACC,R 186906590 186906795 206 -253.6 850.6 571.1 576.4 13.72 1251
SFIX,R 186906796
EFIX,R 186906796 186906880 85 565.1 556.1 2689
SSACC,R 186906881
ESACC,R 186906881 186906912 32 560.6 548.5 781.3 214.0 6.79 492
SFIX,R 186906913
EFIX,R 186906913 186907545 633 758.3 217.5 2310
SSACC,R 186907546
ESACC,R 186907546 186907585 40 751.2 216.7 1061.5 881.0 12.32 553
SFIX,R 186907586
EFIX,R 186907586 186908809 1224 1068.4 887.5 2545
SSACC,R 186908810
ESACC,R 186908810 186908856 47 1074.1 884.6 1490.5 1194.0 8.41 356
SFIX,R 186908857
EFIX,R 186908857 186909197 341 1506.4 1230.7 2499
SSACC,R 186909198
ESACC,R 186909198 186909206 9 1510.2 1220.5 1498.9 1191.0 0.49 59
SFIX,R 186909207
EFIX,R 186909207 186909857 651 1490.6 1170.9 2850
SSACC,R 186909858
ESACC,R 186909858 186909889 32 1490.2 1150.8 1127.0 1080.1 6.00 354
SFIX,R 186909890
EFIX,R 186909890 186910145 256 1091.2 1064.9 3110
SSACC,R 186910146
ESACC,R 186910146 186910187 42 1089.4 1068.0 732.4 1165.0 6.05 327
SFIX,R 186910188
EFIX,R 186910188 186910750 563 726.0 1167.3 3082
SSACC,R 186910751
ESACC,R 186910751 186910770 20 726.3 1161.3 713.8 1084.0 1.25 85
SFIX,R 186910771
EFIX,R 186910771 186911227 457 700.0 1071.5 3127
SSACC,R 186911228
ESACC,R 186911228 186911276 49 699.5 1070.5 818.4 316.6 12.64 520
SFIX,R 186911277
EFIX,R 186911277 186911393 117 818.6 298.8 2974
SSACC,R 186911394
ESACC,R 186911394 186911414 21 815.6 302.7 770.9 208.1 1.79 172
SFIX,R 186911415
EFIX,R 186911415 186912034 620 746.9 215.5 2116
SSACC,R 186912035
ESACC,R 186912035 186912068 34 742.6 220.8 952.4 739.0 9.46 530
SFIX,R 186912069
EFIX,R 186912069 186912241 173 952.8 749.0 2087
SSACC,R 186912242
ESACC,R 186912242 186912247 6 952.7 753.3 949.1 768.5 0.26 41
SFIX,R 186912248
EFIX,R 186912248 186913474 1227 952.2 761.2 2440
SSACC,R 186913475
ESACC,R 186913475 186913504 30 952.4 758.6 1108.5 579.0 4.00 269
SFIX,R 186913505
EFIX,R 186913505 186915676 2172 1116.8 569.4 2409
SSACC,R 186915677
ESACC,R 186915677 186915711 35 1115.0 580.2 763.1 270.6 7.96 424
SFIX,R 186915712
EFIX,R 186915712 186916259 548 745.4 249.2 2161
SSACC,R 186916260
ESACC,R 186916260 186916309 50 755.8 248.5 1223.4 235.4 7.94 337
SFIX,R 186916310
EFIX,R 186916310 186916452 143 1241.4 234.5 2292
SSACC,R 186916453
ESACC,R 186916453 186916466 14 1243.0 232.8 1293.1 213.8 0.91 87
SFIX,R 186916467
EFIX,R 186916467 186916871 405 1293.0 216.9 2442
SSACC,R 186916872
ESACC,R 186916872 186916898 27 1295.4 213.8 1287.2 23.0 3.26 204
SFIX,R 186916899
EFIX,R 186916899 186917457 559 1284.5 -6.2 2609
SSACC,R 186917458
ESACC,R 186917458 186917559 102 1286.0 -14.1 1495.5 430.8 8.31 158
SFIX,R 186917560
EFIX,R 186917560 186918568 1009 1481.6 455.6 2475
SSACC,R 186918569
ESACC,R 186918569 186918611 43 1474.9 470.0 1206.6 1058.6 10.65 510
SFIX,R 186918612
EFIX,R 186918612 186919413 802 1212.0 1045.4 2659
SSACC,R 186919414
ESACC,R 186919414 186919445 32 1216.9 1034.1 1303.8 848.3 3.35 138
SFIX,R 186919446
EFIX,R 186919446 186919824 379 1312.9 843.1 2764
SSACC,R 186919825
ESACC,R 186919825 186919894 70 1311.3 848.5 765.6 203.4 14.17 354
SFIX,R 186919895
EFIX,R 186919895 186920024 130 755.8 196.1 2560
SSACC,R 186920025
ESACC,R 186920025 186920034 10 752.4 193.0 759.6 225.0 0.56 63
SFIX,R 186920035
EFIX,R 186920035 186920840 806 752.6 226.0 2297
SSACC,R 186920841
ESACC,R 186920841 186920892 52 741.3 219.2 586.9 945.4 12.39 501
SFIX,R 186920893
EFIX,R 186920893 186921134 242 593.7 953.4 2522
SSACC,R 186921135
ESACC,R 186921135 186921158 24 602.1 957.7 509.7 1059.0 2.22 155
SFIX,R 186921159
EFIX,R 186921159 186921502 344 507.9 1063.4 2766
SSACC,R 186921503
ESACC,R 186921503 186921534 32 513.9 1063.7 179.8 1059.2 5.34 317
SFIX,R 186921535
EFIX,R 186921535 186921853 319 153.8 1059.6 2859
SSACC,R 186921854
ESACC,R 186921854 186921873 20 151.6 1056.2 33.6 1018.6 1.93 177
SFIX,R 186921874
EFIX,R 186921874 186922169 296 10.7 1020.4 2901
SSACC,R 186922170
ESACC,R 186922170 186922210 41 10.6 1025.5 -249.6 721.8 6.19 367
SFIX,R 186922211
EFIX,R 186922211 186922681 471 -257.2 724.5 2738
SSACC,R 186922682
SBLINK,R 186922716
EBLINK,R 186922716 186922873 158
ESACC,R 186922682 186922911 230 -256.9 718.1 239.0 1146.4 10.14 1090
SFIX,R 186922912
EFIX,R 186922912 186923199 288 243.8 1095.7 2630
SSACC,R 186923200
ESACC,R 186923200 186923227 28 248.5 1091.9 537.5 1034.7 4.72 377
SFIX,R 186923228
EFIX,R 186923228 186924194 967 550.8 1036.0 2874
SSACC,R 186924195
ESACC,R 186924195 186924204 10 535.6 1044.3 507.2 1052.5 0.48 55
SFIX,R 186924205
EFIX,R 186924205 186925038 834 499.1 1062.8 2773
SSACC,R 186925039
ESACC,R 186925039 186925085 47 502.8 1064.5 764.2 303.9 13.29 647
SFIX,R 186925086
EFIX,R 186925086 186925221 136 763.0 278.3 2535
SSACC,R 186925222
ESACC,R 186925222 186925240 19 757.0 277.0 764.2 206.2 1.22 125
SFIX,R 186925241
EFIX,R 186925241 186926050 810 750.7 226.3 2216
SSACC,R 186926051
ESACC,R 186926051 186926075 25 743.3 234.2 940.9 206.4 3.39 271
SFIX,R 186926076
EFIX,R 186926076 186927207 1132 971.7 223.9 2354
SSACC,R 186927208
ESACC,R 186927208 186927307 100 970.5 226.0 292.5 725.8 14.05 210
SFIX,R 186927308
EFIX,R 186927308 186929588 2281 279.9 733.9 2451
SSACC,R 186929589
ESACC,R 186929589 186929643 55 288.7 744.9 758.4 285.6 10.95 500
SFIX,R 186929644
EFIX,R 186929644 186929791 148 753.5 280.5 2301
SSACC,R 186929792
ESACC,R 186929792 186929806 15 749.1 274.4 761.6 221.4 0.93 71
SFIX,R 186929807
EFIX,R 186929807 186930659 853 760.9 228.6 2289
SSACC,R 186930660
ESACC,R 186930660 186930746 87 755.5 236.0 1178.0 832.7 12.30 224
SFIX,R 186930747
EFIX,R 186930747 186931499 753 1195.2 841.6 2535
SSACC,R 186931500
ESACC,R 186931500 186931550 51 1192.5 835.3 1733.9 1308.3 11.45 471
SFIX,R 186931551
EFIX,R 186931551 186931867 317 1735.1 1325.6 2485
SSACC,R 186931868
ESACC,R 186931868 186931892 25 1735.1 1323.6 1518.4 1247.8 3.58 283
SFIX,R 186931893
EFIX,R 186931893 186932116 224 1486.3 1235.8 2824
SSACC,R 186932117
ESACC,R 186932117 186932134 18 1490.6 1220.3 1508.9 1142.9 1.24 119
SFIX,R 186932135
EFIX,R 186932135 186932641 507 1519.7 1109.3 3281
SSACC,R 186932642
ESACC,R 186932642 186932726 85 1524.0 1105.7 2137.4 1235.6 9.60 167
SFIX,R 186932727
EFIX,R 186932727 186933215 489 2147.2 1258.0 2742
SSACC,R 186933216
ESACC,R 186933216 186933265 50 2144.7 1266.9 1561.1 1094.3 9.29 412
SFIX,R 186933266
EFIX,R 186933266 186933510 245 1554.3 1090.2 3039
SSACC,R 186933511
ESACC,R 186933511 186933593 83 1551.9 1088.8 90.8 710.1 24.03 423
SFIX,R 186933594
EFIX,R 186933594 186933857 264 78.2 730.9 3075
SSACC,R 186933858
ESACC,R 186933858 186933865 8 84.6 758.7 80.7 737.9 0.34 48
SFIX,R 186933866
EFIX,R 186933866 186934056 191 82.7 670.9 3023
SSACC,R 186934057
ESACC,R 186934057 186934116 60 78.8 650.4 -283.7 883.4 6.66 183
SFIX,R 186934117
EFIX,R 186934117 186934198 82 -282.6 882.3 3356
SSACC,R 186934199
ESACC,R 186934199 186934292 94 -277.8 884.4 -270.4 866.7 0.30 203
SFIX,R 186934293
EFIX,R 186934293 186934480 188 -283.9 875.6 3458
SSACC,R 186934481
ESACC,R 186934481 186934532 52 -281.5 851.8 -207.8 461.8 6.28 300
SFIX,R 186934533
EFIX,R 186934533 186934575 43 -194.2 467.4 2646
SSACC,R 186934576
SBLINK,R 186934875
EBLINK,R 186934875 186935565 691
ESACC,R 186934576 186935574 999 -187.9 444.0 -64.1 -19.7 7.77 231
SFIX,R 186935575
EFIX,R 186935575 186935619 45 465.5 572.6 3009
SSACC,R 186935620
ESACC,R 186935620 186935721 102 461.4 565.2 38.4 11.7 11.48 295
SFIX,R 186935722
EFIX,R 186935722 186935747 26 41.7 4.0 2969
SSACC,R 186935748
ESACC,R 186935748 186935754 7 39.1 6.0 25.3 34.6 0.52 76
SFIX,R 186935755
EFIX,R 186935755 186936133 379 9.5 62.7 2967
SSACC,R 186936134
ESACC,R 186936134 186936146 13 34.0 20.8 65.3 -21.3 0.85 93
SFIX,R 186936147
EFIX,R 186936147 186936263 117 92.4 -34.9 2493
SSACC,R 186936264
ESACC,R 186936264 186936287 24 98.1 -29.9 12.1 96.9 2.50 153
SFIX,R 186936288
EFIX,R 186936288 186936354 67 7.4 114.2 3031
SSACC,R 186936355
ESACC,R 186936355 186936428 74 14.4 145.6 434.7 818.7 12.98 312
SFIX,R 186936429
EFIX,R 186936429 186937112 684 411.1 800.2 3533
SSACC,R 186937113
ESACC,R 186937113 186937183 71 405.2 788.0 245.8 -256.9 17.39 510
SFIX,R 186937184
EFIX,R 186937184 186937574 391 240.2 -261.8 2738
SSACC,R 186937575
SBLINK,R 186937600
EBLINK,R 186937600 186937663 64
ESACC,R 186937575 186937705 131 178.8 -272.8 401.3 538.7 13.92 1963
SFIX,R 186937706
EFIX,R 186937706 186937811 106 398.7 550.7 3370
SSACC,R 186937812
ESACC,R 186937812 186937825 14 398.2 550.9 404.9 606.7 0.94 94
SFIX,R 186937826
EFIX,R 186937826 186937989 164 404.8 605.0 3642
SSACC,R 186937990
ESACC,R 186937990 186938023 34 396.3 560.3 406.4 554.4 0.19 103
SFIX,R 186938024
EFIX,R 186938024 186938054 31 403.3 548.8 3404
SSACC,R 186938055
ESACC,R 186938055 186938076 22 399.6 541.2 407.1 615.0 1.24 110
SFIX,R 186938077
EFIX,R 186938077 186938103 27 407.3 604.8 3676
SSACC,R 186938104
SBLINK,R 186938125
EBLINK,R 186938125 186938492 368
ESACC,R 186938104 186938627 524 400.2 587.0 445.6 509.1 1.51 292
SFIX,R 186938628
EFIX,R 186938628 186938798 171 404.7 553.3 3739
SSACC,R 186938799
ESACC,R 186938799 186938837 39 380.7 568.2 972.2 724.9 10.19 513
SFIX,R 186938838
EFIX,R 186938838 186939520 683 981.3 785.9 3595
SSACC,R 186939521
SBLINK,R 186939550
EBLINK,R 186939550 186939568 19
ESACC,R 186939521 186939742 222 995.5 862.6 1612.4 1070.2 10.61 257
SFIX,R 186939743
EFIX,R 186939743 186939789 47 1607.8 1066.2 3442
SSACC,R 186939790
ESACC,R 186939790 186939898 109 1601.6 1062.5 1296.0 1139.3 5.07 343
SFIX,R 186939899
EFIX,R 186939899 186939931 33 1295.8 1148.9 3665
SSACC,R 186939932
ESACC,R 186939932 186940007 76 1299.7 1132.2 1308.3 1119.6 0.24 538
SFIX,R 186940008
EFIX,R 186940008 186940162 155 1307.0 1165.1 3521
SSACC,R 186940163
SBLINK,R 186940195
EBLINK,R 186940195 186940444 250
ESACC,R 186940163 186940478 316 1307.1 1173.6 1514.6 1285.6 3.75 845
SFIX,R 186940479
EFIX,R 186940479 186940521 43 1519.3 1264.4 4195
SSACC,R 186940522
ESACC,R 186940522 186940538 17 1521.5 1258.8 1521.0 1163.4 1.48 126
SFIX,R 186940539
EFIX,R 186940539 186940612 74 1531.9 1145.1 3685
SSACC,R 186940613
ESACC,R 186940613 186940701 89 1533.1 1128.8 1196.1 878.4 6.81 207
SFIX,R 186940702
EFIX,R 186940702 186940726 25 1210.2 847.4 3339
SSACC,R 186940727
ESACC,R 186940727 186940946 220 1214.8 834.8 1267.7 703.9 2.35 190
SFIX,R 186940947
EFIX,R 186940947 186940973 27 1255.2 704.7 3213
SSACC,R 186940974
ESACC,R 186940974 186941182 209 1251.1 687.7 1648.1 799.7 6.78 318
SFIX,R 186941183
EFIX,R 186941183 186941227 45 1644.5 804.9 3324
SSACC,R 186941228
ESACC,R 186941228 186941561 334 1648.1 823.4 1517.1 1130.7 5.35 174
SFIX,R 186941562
EFIX,R 186941562 186941749 188 1507.6 1129.0 3477
SSACC,R 186941750
ESACC,R 186941750 186941910 161 1528.2 1149.7 1541.4 1231.4 1.29 177
SFIX,R 186941911
EFIX,R 186941911 186942017 107 1532.7 1255.5 4043
SSACC,R 186942018
ESACC,R 186942018 186942119 102 1517.9 1217.5 1598.7 1130.0 1.87 224
SFIX,R 186942120
EFIX,R 186942120 186942445 326 1596.3 1112.9 3351
SSACC,R 186942446
ESACC,R 186942446 186942512 67 1597.4 1123.1 2042.0 1697.3 10.77 414
SFIX,R 186942513
EFIX,R 186942513 186942710 198 2038.9 1701.4 2977
SSACC,R 186942711
ESACC,R 186942711 186942752 42 2039.6 1700.0 1601.4 1117.1 10.81 461
SFIX,R 186942753
EFIX,R 186942753 186943450 698 1554.6 1075.0 3148
SSACC,R 186943451
ESACC,R 186943451 186943490 40 1553.6 1088.9 1039.3 887.0 9.01 449
SFIX,R 186943491
EFIX,R 186943491 186943664 174 1000.4 877.1 3051
SSACC,R 186943665
ESACC,R 186943665 186943670 6 995.0 876.5 999.9 860.4 0.28 42
SFIX,R 186943671
EFIX,R 186943671 186944151 481 985.7 865.4 2450
SSACC,R 186944152
ESACC,R 186944152 186944192 41 977.2 868.0 1579.2 1371.2 12.54 583
SFIX,R 186944193
EFIX,R 186944193 186944793 601 1585.0 1375.9 2545
SSACC,R 186944794
ESACC,R 186944794 186944816 23 1580.3 1348.6 1538.1 1188.6 2.54 232
SFIX,R 186944817
EFIX,R 186944817 186945153 337 1525.2 1179.2 2977
SSACC,R 186945154
ESACC,R 186945154 186945223 70 1531.2 1174.4 1713.1 159.1 16.67 418
SFIX,R 186945224
EFIX,R 186945224 186945551 328 1729.0 124.7 2649
SSACC,R 186945552
SBLINK,R 186945573
EBLINK,R 186945573 186945798 226
ESACC,R 186945552 186945809 258 1718.4 118.8 638.5 737.6 20.55 228
SFIX,R 186945810
EFIX,R 186945810 186945866 57 638.7 690.4 3597
SSACC,R 186945867
ESACC,R 186945867 186945879 13 641.7 653.7 637.4 582.0 1.21 133
SFIX,R 186945880
EFIX,R 186945880 186946586 707 638.0 629.8 3490
SSACC,R 186946587
ESACC,R 186946587 186946618 32 615.3 602.0 625.0 668.3 1.13 72
SFIX,R 186946619
EFIX,R 186946619 186946685 67 629.4 671.9 3832
SSACC,R 186946686
ESACC,R 186946686 186946732 47 636.6 648.4 648.6 627.5 0.40 146
SFIX,R 186946733
EFIX,R 186946733 186946817 85 628.7 666.1 3750
SSACC,R 186946818
ESACC,R 186946818 186946844 27 630.3 669.2 696.0 517.0 2.79 195
SFIX,R 186946845
EFIX,R 186946845 186947103 259 732.5 474.0 3245
SSACC,R 186947104
ESACC,R 186947104 186947303 200 769.1 423.5 -6.1 338.4 12.74 255
SFIX,R 186947304
EFIX,R 186947304 186947328 25 -8.1 348.9 2402
SSACC,R 186947329
ESACC,R 186947329 186947719 391 -11.0 369.2 103.5 9.0 6.22 175
SFIX,R 186947720
EFIX,R 186947720 186947743 24 105.7 11.8 1844
SSACC,R 186947744
ESACC,R 186947744 186947802 59 101.8 -6.4 96.9 -5.0 0.08 144
SFIX,R 186947803
EFIX,R 186947803 186947844 42 97.6 9.5 1873
SSACC,R 186947845
ESACC,R 186947845 186947940 96 82.9 30.0 100.7 -25.3 0.96 95
SFIX,R 186947941
EFIX,R 186947941 186947954 14 88.5 -39.0 1809
SSACC,R 186947955
ESACC,R 186947955 186947965 11 78.4 -40.4 96.0 -26.2 0.37 76
SFIX,R 186947966
EFIX,R 186947966 186948044 79 81.8 23.6 1850
SSACC,R 186948045
ESACC,R 186948045 186948136 92 69.3 49.0 110.4 40.4 0.67 133
SFIX,R 186948137
EFIX,R 186948137 186948243 107 85.5 29.5 1844
SSACC,R 186948244
ESACC,R 186948244 186948415 172 83.0 51.9 66.3 17.4 0.63 135
SFIX,R 186948416
EFIX,R 186948416 186948436 21 67.0 36.2 1746
SSACC,R 186948437
ESACC,R 186948437 186948685 249 64.6 55.1 -113.5 695.4 10.79 382
SFIX,R 186948686
EFIX,R 186948686 186948840 155 -108.0 689.7 3407
SSACC,R 186948841
ESACC,R 186948841 186948860 20 -94.1 674.7 -52.1 617.2 1.13 124
SFIX,R 186948861
EFIX,R 186948861 186948924 64 -40.8 574.8 3502
SSACC,R 186948925
ESACC,R 186948925 186948960 36 -26.6 543.6 -36.6 577.5 0.57 104
SFIX,R 186948961
EFIX,R 186948961 186949001 41 -11.0 543.4 3459
SSACC,R 186949002
ESACC,R 186949002 186949173 172 -34.7 544.1 710.6 193.3 13.45 263
SFIX,R 186949174
EFIX,R 186949174 186949396 223 709.2 202.3 3275
SSACC,R 186949397
ESACC,R 186949397 186949487 91 691.6 205.6 1330.3 1106.7 18.24 324
SFIX,R 186949488
EFIX,R 186949488 186949927 440 1324.0 1115.0 3354
SSACC,R 186949928
ESACC,R 186949928 186949993 66 1314.1 1107.3 401.7 1249.3 14.84 403
SFIX,R 186949994
EFIX,R 186949994 186950524 531 372.2 1257.8 3620
SSACC,R 186950525
SBLINK,R 186950658
EBLINK,R 186950658 186950772 115
ESACC,R 186950525 186950825 301 391.0 1217.5 1059.5 994.7 11.41 872
SFIX,R 186950826
EFIX,R 186950826 186951023 198 1051.3 1074.7 3937
SSACC,R 186951024
ESACC,R 186951024 186951031 8 1065.6 1110.0 1067.8 1140.4 0.49 62
SFIX,R 186951032
EFIX,R 186951032 186951371 340 1063.5 1152.8 3532
SSACC,R 186951372
ESACC,R 186951372 186951388 17 1036.9 1164.9 1050.3 1086.9 1.26 116
SFIX,R 186951389
EFIX,R 186951389 186951475 87 1055.2 1067.5 3720
SSACC,R 186951476
ESACC,R 186951476 186951482 7 1064.5 1071.5 1062.7 1096.6 0.40 57
SFIX,R 186951483
EFIX,R 186951483 186951584 102 1054.8 1140.0 3588
SSACC,R 186951585
ESACC,R 186951585 186951590 6 1048.9 1161.5 1047.0 1141.1 0.33 48
SFIX,R 186951591
EFIX,R 186951591 186951703 113 1039.0 1139.8 3596
SSACC,R 186951704
SBLINK,R 186951714
EBLINK,R 186951714 186952155 442
ESACC,R 186951704 186952164 461 1048.9 1161.5 1047.0 1141.1 0.32 0
SFIX,R 186952165
EFIX,R 186952165 186952224 60 1065.9 1150.4 3461
SSACC,R 186952225
SBLINK,R 186952249
EBLINK,R 186952249 186952846 598
ESACC,R 186952225 186952973 749 1055.7 1120.6 1464.9 1182.8 6.71 736
SFIX,R 186952974
EFIX,R 186952974 186953248 275 1501.6 1199.4 3359
SSACC,R 186953249
ESACC,R 186953249 186953267 19 1512.7 1205.8 1520.7 1108.0 1.54 149
SFIX,R 186953268
EFIX,R 186953268 186953792 525 1509.3 1125.7 3297
SSACC,R 186953793
ESACC,R 186953793 186953811 19 1508.6 1111.5 1570.0 1104.2 0.99 84
SFIX,R 186953812
EFIX,R 186953812 186954409 598 1594.3 1110.4 3167
SSACC,R 186954410
ESACC,R 186954410 186954428 19 1598.3 1113.9 1540.5 1131.5 0.96 70
SFIX,R 186954429
EFIX,R 186954429 186954652 224 1516.0 1150.1 3148
SSACC,R 186954653
ESACC,R 186954653 186954665 13 1519.7 1148.8 1554.1 1128.7 0.63 59
SFIX,R 186954666
EFIX,R 186954666 186955642 977 1569.5 1117.6 3075
SSACC,R 186955643
ESACC,R 186955643 186955695 53 1571.1 1116.8 1928.6 838.6 7.14 192
SFIX,R 186955696
EFIX,R 186955696 186956379 684 1926.2 833.3 2785
SSACC,R 186956380
ESACC,R 186956380 186956426 47 1930.5 822.8 1527.3 1141.2 8.10 395
SFIX,R 186956427
EFIX,R 186956427 186956756 330 1530.6 1140.0 3120
SSACC,R 186956757
ESACC,R 186956757 186956823 67 1529.7 1139.6 2014.3 1415.9 8.52 229
SFIX,R 186956824
EFIX,R 186956824 186957128 305 2007.4 1426.3 2958
SSACC,R 186957129
ESACC,R 186957129 186957212 84 2005.5 1352.0 662.2 1834.2 21.33 414
SFIX,R 186957213
EFIX,R 186957213 186957413 201 673.3 1779.2 3830
SSACC,R 186957414
ESACC,R 186957414 186957430 17 674.0 1759.2 691.6 1721.2 0.60 59
SFIX,R 186957431
EFIX,R 186957431 186957504 74 663.9 1754.4 4011
SSACC,R 186957505
ESACC,R 186957505 186957520 16 651.4 1768.1 692.0 1698.0 1.17 114
SFIX,R 186957521
EFIX,R 186957521 186957570 50 712.9 1663.0 4077
SSACC,R 186957571
ESACC,R 186957571 186957581 11 736.5 1605.9 718.3 1659.3 0.82 77
SFIX,R 186957582
EFIX,R 186957582 186957609 28 720.4 1660.5 4317
SSACC,R 186957610
ESACC,R 186957610 186957616 7 722.1 1659.8 702.5 1694.8 0.59 80
SFIX,R 186957617
EFIX,R 186957617 186957646 30 700.4 1692.9 4165
SSACC,R 186957647
ESACC,R 186957647 186957767 121 702.6 1681.2 687.5 1745.2 0.94 115
SFIX,R 186957768
EFIX,R 186957768 186957786 19 691.8 1755.8 3896
SSACC,R 186957787
SBLINK,R 186957808
EBLINK,R 186957808 186957983 176
ESACC,R 186957787 186958061 275 697.2 1769.5 1261.5 1257.3 11.66 407
SFIX,R 186958062
EFIX,R 186958062 186958249 188 1247.1 1295.3 3823
SSACC,R 186958250
ESACC,R 186958250 186958287 38 1245.6 1286.9 1235.3 1315.5 0.47 53
SFIX,R 186958288
EFIX,R 186958288 186958453 166 1242.4 1286.9 4087
SSACC,R 186958454
ESACC,R 186958454 186958486 33 1235.8 1251.7 1504.2 1130.0 4.72 225
SFIX,R 186958487
EFIX,R 186958487 186958927 441 1514.5 1164.3 3660
SSACC,R 186958928
SBLINK,R 186958938
EBLINK,R 186958938 186958995 58
ESACC,R 186958928 186959015 88 1523.7 1173.7 1512.8 1197.5 0.41 107
SFIX,R 186959016
EFIX,R 186959016 186960507 1492 1485.4 1153.9 3597
SSACC,R 186960508
ESACC,R 186960508 186960534 27 1492.9 1172.8 1585.5 1320.5 2.71 177
SFIX,R 186960535
EFIX,R 186960535 186960859 325 1577.1 1323.7 3472
SSACC,R 186960860
ESACC,R 186960860 186960891 32 1579.2 1306.9 1708.5 1104.9 3.72 185
SFIX,R 186960892
EFIX,R 186960892 186961244 353 1724.0 1072.1 3543
SSACC,R 186961245
ESACC,R 186961245 186961273 29 1721.0 1078.4 1947.0 1067.2 3.51 251
SFIX,R 186961274
EFIX,R 186961274 186961446 173 1944.6 1070.7 3220
SSACC,R 186961447
ESACC,R 186961447 186961475 29 1946.0 1082.4 1597.8 1135.5 5.48 391
SFIX,R 186961476
EFIX,R 186961476 186961700 225 1563.8 1148.6 3386
SSACC,R 186961701
ESACC,R 186961701 186961718 18 1561.7 1145.5 1525.7 1085.0 1.11 84
SFIX,R 186961719
EFIX,R 186961719 186962210 492 1508.5 1090.9 3370
SSACC,R 186962211
SBLINK,R 186962228
EBLINK,R 186962228 186962458 231
ESACC,R 186962211 186962520 310 1510.7 1101.7 1547.2 1057.0 0.92 311
SFIX,R 186962521
EFIX,R 186962521 186964273 1753 1537.5 1130.0 3124
SSACC,R 186964274
ESACC,R 186964274 186964338 65 1543.3 1141.7 1992.9 905.0 7.95 152
SFIX,R 186964339
EFIX,R 186964339 186964882 544 2008.2 892.4 2888
SSACC,R 186964883
ESACC,R 186964883 186964928 46 2010.1 897.1 2165.7 519.4 6.45 214
SFIX,R 186964929
EFIX,R 186964929 186965577 649 2169.5 501.2 2733
SSACC,R 186965578
ESACC,R 186965578 186965665 88 2164.3 505.6 1089.0 164.0 18.09 334
SFIX,R 186965666
EFIX,R 186965666 186966009 344 1074.0 165.4 2754
SSACC,R 186966010
ESACC,R 186966010 186966065 56 1058.7 165.4 1223.3 -308.3 8.49 197
SFIX,R 186966066
EFIX,R 186966066 186966711 646 1239.6 -326.4 2363
SSACC,R 186966712
ESACC,R 186966712 186966752 41 1241.5 -327.7 1011.2 -600.2 5.90 338
SFIX,R 186966753
EFIX,R 186966753 186967046 294 984.0 -587.1 2235
SSACC,R 186967047
ESACC,R 186967047 186967116 70 972.0 -581.3 425.3 -667.8 9.05 319
SFIX,R 186967117
EFIX,R 186967117 186967150 34 417.9 -684.7 2225
SSACC,R 186967151
ESACC,R 186967151 186967159 9 413.8 -683.1 424.9 -655.5 0.47 61
SFIX,R 186967160
EFIX,R 186967160 186967410 251 429.4 -642.0 2223
SSACC,R 186967411
ESACC,R 186967411 186967508 98 436.5 -616.8 349.5 697.7 21.44 363
SFIX,R 186967509
EFIX,R 186967509 186968168 660 371.3 688.9 2554
SSACC,R 186968169
ESACC,R 186968169 186968248 80 371.8 683.9 1263.7 1032.0 15.70 405
SFIX,R 186968249
EFIX,R 186968249 186968315 67 1263.5 1006.7 2864
SSACC,R 186968316
ESACC,R 186968316 186968476 161 1262.1 1021.8 58.2 1157.0 19.23 481
SFIX,R 186968477
EFIX,R 186968477 186968647 171 54.5 1135.5 3515
SSACC,R 186968648
ESACC,R 186968648 186969121 474 42.7 1129.5 264.0 687.6 7.86 361
SFIX,R 186969122
EFIX,R 186969122 186969142 21 268.3 659.8 3162
SSACC,R 186969143
SBLINK,R 186969285
EBLINK,R 186969285 186970227 943
ESACC,R 186969143 186970278 1136 272.1 636.4 616.1 559.2 5.82 313
SFIX,R 186970279
EFIX,R 186970279 186970583 305 627.8 587.9 3184
SSACC,R 186970584
SBLINK,R 186970628
EBLINK,R 186970628 186971228 601
ESACC,R 186970584 186971242 659 607.0 585.4 1467.6 825.7 14.81 489
SFIX,R 186971243
EFIX,R 186971243 186971358 116 1487.9 839.5 2586
SSACC,R 186971359
ESACC,R 186971359 186971363 5 1498.9 866.7 1495.6 838.5 0.46 48
SFIX,R 186971364
EFIX,R 186971364 186971390 27 1501.1 842.8 2798
SSACC,R 186971391
SBLINK,R 186971482
EBLINK,R 186971482 186971524 43
ESACC,R 186971391 186971540 150 1504.5 841.2 1523.6 757.3 1.41 106
SFIX,R 186971541
EFIX,R 186971541 186971562 22 1523.8 761.3 2627
SSACC,R 186971563
SBLINK,R 186971573
EBLINK,R 186971573 186971645 73
ESACC,R 186971563 186971694 132 1474.7 871.8 1452.6 1192.4 5.13 197
SFIX,R 186971695
EFIX,R 186971695 186971746 52 1442.1 1186.0 3900
SSACC,R 186971747
ESACC,R 186971747 186971844 98 1437.6 1198.7 1430.6 994.8 3.24 169
SFIX,R 186971845
EFIX,R 186971845 186971927 83 1441.4 997.3 3773
SSACC,R 186971928
ESACC,R 186971928 186971960 33 1440.3 1031.2 1502.4 1230.4 3.29 136
SFIX,R 186971961
EFIX,R 186971961 186972406 446 1521.7 1285.0 3549
SSACC,R 186972407
ESACC,R 186972407 186972482 76 1524.2 1295.9 2008.9 1191.7 7.62 202
SFIX,R 186972483
EFIX,R 186972483 186972751 269 1989.3 1213.5 3098
SSACC,R 186972752
ESACC,R 186972752 186972818 67 1987.9 1248.9 1323.2 312.4 18.30 495
SFIX,R 186972819
EFIX,R 186972819 186973015 197 1319.1 315.5 3117
SSACC,R 186973016
ESACC,R 186973016 186973050 35 1318.0 327.6 824.7 196.3 8.64 487
SFIX,R 186973051
EFIX,R 186973051 186973888 838 780.4 200.6 2503
SSACC,R 186973889
ESACC,R 186973889 186973920 32 761.5 199.2 957.5 502.8 6.16 382
SFIX,R 186973921
EFIX,R 186973921 186974428 508 955.2 517.1 2279
SSACC,R 186974429
ESACC,R 186974429 186974483 55 954.2 524.3 1558.5 895.5 11.76 479
SFIX,R 186974484
EFIX,R 186974484 186975280 797 1565.1 906.0 2619
SSACC,R 186975281
ESACC,R 186975281 186975315 35 1567.8 898.5 1547.3 1114.5 3.47 303
SFIX,R 186975316
EFIX,R 186975316 186976011 696 1544.5 1127.5 2942
SSACC,R 186976012
ESACC,R 186976012 186976071 60 1542.0 1113.0 2007.7 1088.7 7.25 189
SFIX,R 186976072
EFIX,R 186976072 186976298 227 2012.4 1102.0 3027
SSACC,R 186976299
SBLINK,R 186976325
EBLINK,R 186976325 186976432 108
ESACC,R 186976299 186976493 195 2014.4 1023.1 878.4 1110.6 17.97 415
SFIX,R 186976494
EFIX,R 186976494 186977127 634 856.4 1134.1 3883
SSACC,R 186977128
ESACC,R 186977128 186977344 217 849.6 1123.7 189.6 628.9 13.39 344
SFIX,R 186977345
EFIX,R 186977345 186977609 265 145.2 631.2 3456
SSACC,R 186977610
ESACC,R 186977610 186977677 68 133.9 624.0 -582.5 216.2 12.55 311
SFIX,R 186977678
EFIX,R 186977678 186977806 129 -595.3 213.0 3052
SSACC,R 186977807
ESACC,R 186977807 186977895 89 -593.3 202.6 346.4 215.7 14.26 455
SFIX,R 186977896
EFIX,R 186977896 186978128 233 344.9 211.6 3220
SSACC,R 186978129
ESACC,R 186978129 186978185 57 339.0 205.6 -166.6 211.5 8.03 266
SFIX,R 186978186
EFIX,R 186978186 186979153 968 -166.4 204.0 2934
SSACC,R 186979154
ESACC,R 186979154 186979212 59 -171.9 204.0 -510.5 -377.1 10.44 923
SFIX,R 186979213
EFIX,R 186979213 186979602 390 -509.0 -337.7 2353
SSACC,R 186979603
ESACC,R 186979603 186979670 68 -505.9 -324.6 689.0 161.7 20.08 1259
SFIX,R 186979671
EFIX,R 186979671 186980239 569 686.2 166.4 2614
SSACC,R 186980240
ESACC,R 186980240 186980515 276 672.9 167.8 205.0 388.8 8.60 303
SFIX,R 186980516
EFIX,R 186980516 186980587 72 200.8 397.1 2262
SSACC,R 186980588
ESACC,R 186980588 186980602 15 186.7 382.6 183.6 389.9 0.13 52
SFIX,R 186980603
EFIX,R 186980603 186980629 27 183.5 383.6 2342
SSACC,R 186980630
ESACC,R 186980630 186980686 57 172.8 376.6 205.8 410.7 0.78 130
SFIX,R 186980687
EFIX,R 186980687 186980825 139 244.3 355.5 2395
SSACC,R 186980826
SBLINK,R 186980956
EBLINK,R 186980956 186981033 78
ESACC,R 186980826 186981124 299 252.9 377.4 -2.1 117.9 5.94 312
SFIX,R 186981125
EFIX,R 186981125 186981696 572 0.0 121.8 3115
SSACC,R 186981697
ESACC,R 186981697 186981767 71 -10.1 130.5 357.2 -426.5 10.86 298
SFIX,R 186981768
EFIX,R 186981768 186981957 190 355.0 -423.0 2679
SSACC,R 186981958
ESACC,R 186981958 186982059 102 362.4 -383.2 1116.7 1014.7 25.93 480
SFIX,R 186982060
EFIX,R 186982060 186982708 649 1145.3 1027.9 3131
SSACC,R 186982709
ESACC,R 186982709 186982738 30 1139.9 1025.5 1501.2 1150.2 6.20 435
SFIX,R 186982739
EFIX,R 186982739 186982931 193 1521.1 1148.5 3335
SSACC,R 186982932
ESACC,R 186982932 186982986 55 1521.5 1135.2 842.6 209.6 18.87 684
SFIX,R 186982987
EFIX,R 186982987 186983145 159 828.5 194.0 3462
SSACC,R 186983146
ESACC,R 186983146 186983160 15 821.6 197.7 789.9 156.7 0.89 86
SFIX,R 186983161
EFIX,R 186983161 186983891 731 779.1 189.8 2801
SSACC,R 186983892
ESACC,R 186983892 186983917 26 776.6 237.9 769.0 448.0 3.59 295
SFIX,R 186983918
EFIX,R 186983918 186985019 1102 777.2 446.4 2883
SSACC,R 186985020
ESACC,R 186985020 186985089 70 770.4 448.8 1469.6 1244.8 17.28 423
SFIX,R 186985090
EFIX,R 186985090 186985417 328 1481.0 1252.6 2888
SSACC,R 186985418
ESACC,R 186985418 186985442 25 1490.5 1249.5 1452.7 1138.7 1.83 146
SFIX,R 186985443
EFIX,R 186985443 186986014 572 1450.8 1136.6 3154
SSACC,R 186986015
ESACC,R 186986015 186986035 21 1452.3 1121.0 1517.0 1132.1 1.05 111
SFIX,R 186986036
EFIX,R 186986036 186986148 113 1529.8 1128.2 3307
SSACC,R 186986149
ESACC,R 186986149 186986174 26 1530.4 1127.4 1694.9 1199.6 2.84 190
SFIX,R 186986175
EFIX,R 186986175 186986639 465 1702.4 1221.1 3176
SSACC,R 186986640
ESACC,R 186986640 186986663 24 1704.4 1228.0 1568.5 1189.7 2.22 148
SFIX,R 186986664
EFIX,R 186986664 186986924 261 1545.1 1182.3 3180
SSACC,R 186986925
ESACC,R 186986925 186986941 17 1542.1 1184.5 1521.0 1118.8 1.08 84
SFIX,R 186986942
EFIX,R 186986942 186988428 1487 1511.6 1122.2 3113
SSACC,R 186988429
ESACC,R 186988429 186988451 23 1512.7 1119.2 1501.7 1243.0 1.94 163
SFIX,R 186988452
EFIX,R 186988452 186988703 252 1501.2 1225.1 3090
SSACC,R 186988704
ESACC,R 186988704 186988712 9 1505.1 1215.0 1519.3 1191.5 0.43 54
SFIX,R 186988713
EFIX,R 186988713 186990234 1522 1518.2 1188.7 3200
SSACC,R 186990235
ESACC,R 186990235 186990250 16 1517.6 1192.0 1467.6 1143.3 1.10 93
SFIX,R 186990251
EFIX,R 186990251 186991322 1072 1446.8 1141.1 3206
SSACC,R 186991323
ESACC,R 186991323 186991340 18 1448.4 1146.4 1504.5 1201.8 1.25 91
SFIX,R 186991341
EFIX,R 186991341 186991637 297 1512.5 1224.1 3158
SSACC,R 186991638
ESACC,R 186991638 186991648 11 1511.9 1228.9 1499.2 1182.3 0.75 82
SFIX,R 186991649
EFIX,R 186991649 186992800 1152 1498.8 1180.3 3156
SSACC,R 186992801
ESACC,R 186992801 186992876 76 1498.4 1185.3 801.0 233.3 19.35 513
SFIX,R 186992877
EFIX,R 186992877 186993766 890 764.3 220.1 2246
SSACC,R 186993767
ESACC,R 186993767 186993805 39 753.8 216.8 1352.6 248.3 10.13 492
SFIX,R 186993806
EFIX,R 186993806 186993943 138 1362.0 255.7 2173
SSACC,R 186993944
ESACC,R 186993944 186993953 10 1370.9 252.1 1399.0 227.3 0.63 71
SFIX,R 186993954
EFIX,R 186993954 186994331 378 1402.0 225.0 2365
SSACC,R 186994332
ESACC,R 186994332 186994383 52 1397.9 221.2 1275.9 1077.9 14.26 572
SFIX,R 186994384
EFIX,R 186994384 186995616 1233 1279.1 1069.0 2966
SSACC,R 186995617
ESACC,R 186995617 186995644 28 1271.0 1043.6 1405.4 1128.1 2.57 116
SFIX,R 186995645
EFIX,R 186995645 186996048 404 1493.2 1182.8 3511
SSACC,R 186996049
ESACC,R 186996049 186996134 86 1489.5 1178.3 515.4 942.7 16.20 300
SFIX,R 186996135
EFIX,R 186996135 186996302 168 485.8 937.6 3587
SSACC,R 186996303
ESACC,R 186996303 186996385 83 464.7 921.9 1296.4 1054.9 13.76 333
SFIX,R 186996386
EFIX,R 186996386 186996604 219 1317.5 1087.1 3340
SSACC,R 186996605
SBLINK,R 186996621
EBLINK,R 186996621 186996747 127
ESACC,R 186996605 186996809 205 1340.1 1108.8 1548.5 1106.4 3.36 445
SFIX,R 186996810
EFIX,R 186996810 186997589 780 1527.7 1162.6 3406
SSACC,R 186997590
ESACC,R 186997590 186997614 25 1524.3 1166.9 1578.8 1285.9 2.03 99
SFIX,R 186997615
EFIX,R 186997615 186997909 295 1637.6 1364.8 3339
SSACC,R 186997910
ESACC,R 186997910 186997924 15 1637.9 1372.4 1666.7 1311.7 1.02 84
SFIX,R 186997925
EFIX,R 186997925 186998341 417 1671.0 1299.9 3263
SSACC,R 186998342
ESACC,R 186998342 186998354 13 1674.2 1293.3 1716.6 1318.5 0.76 67
SFIX,R 186998355
EFIX,R 186998355 186999821 1467 1727.6 1333.1 3138
SSACC,R 186999822
ESACC,R 186999822 186999842 21 1744.5 1337.5 1635.7 1332.6 1.69 147
SFIX,R 186999843
EFIX,R 186999843 187000281 439 1626.9 1336.2 3205
SSACC,R 187000282
ESACC,R 187000282 187000309 28 1626.9 1335.4 1481.8 1218.1 2.91 200
SFIX,R 187000310
EFIX,R 187000310 187000566 257 1479.9 1222.7 3276
SSACC,R 187000567
ESACC,R 187000567 187000577 11 1480.6 1223.5 1493.4 1186.3 0.61 58
SFIX,R 187000578
EFIX,R 187000578 187001039 462 1493.1 1174.1 3320
SSACC,R 187001040
ESACC,R 187001040 187001056 17 1494.8 1174.7 1452.5 1122.3 1.07 95
SFIX,R 187001057
EFIX,R 187001057 187002040 984 1447.7 1132.5 3298
SSACC,R 187002041
ESACC,R 187002041 187002072 32 1437.4 1143.3 1434.4 1342.7 3.09 307
SFIX,R 187002073
EFIX,R 187002073 187002740 668 1430.6 1355.8 3135
SSACC,R 187002741
ESACC,R 187002741 187002765 25 1432.1 1346.6 1555.4 1242.8 2.52 176
SFIX,R 187002766
EFIX,R 187002766 187003420 655 1589.9 1220.6 3298
SSACC,R 187003421
ESACC,R 187003421 187003497 77 1588.6 1205.5 752.1 338.2 19.66 427
SFIX,R 187003498
EFIX,R 187003498 187003618 121 736.6 318.5 3643
SSACC,R 187003619
ESACC,R 187003619 187003641 23 726.2 311.6 787.1 168.3 2.66 219
SFIX,R 187003642
EFIX,R 187003642 187004054 413 757.1 141.8 3225
SSACC,R 187004055
ESACC,R 187004055 187004129 75 749.5 160.9 320.5 1041.3 16.13 336
SFIX,R 187004130
EFIX,R 187004130 187004175 46 313.6 1053.7 3615
SSACC,R 187004176
ESACC,R 187004176 187004354 179 312.8 1072.2 407.6 918.2 2.90 285
SFIX,R 187004355
EFIX,R 187004355 187004389 35 397.0 941.0 3767
SSACC,R 187004390
ESACC,R 187004390 187004398 9 397.6 943.5 406.4 914.2 0.50 66
SFIX,R 187004399
EFIX,R 187004399 187004429 31 416.0 880.8 3585
SSACC,R 187004430
SBLINK,R 187004477
EBLINK,R 187004477 187004501 25
ESACC,R 187004430 187004510 81 422.4 841.4 505.6 588.5 4.41 231
SFIX,R 187004511
EFIX,R 187004511 187004576 66 507.7 570.2 2771
SSACC,R 187004577
SBLINK,R 187004587
EBLINK,R 187004587 187004734 148
ESACC,R 187004577 187004773 197 498.8 590.2 492.4 578.8 0.22 42
SFIX,R 187004774
EFIX,R 187004774 187004826 53 500.8 594.5 2775
SSACC,R 187004827
ESACC,R 187004827 187004920 94 497.5 575.3 107.5 286.3 7.99 269
SFIX,R 187004921
EFIX,R 187004921 187005154 234 102.1 306.3 3446
SSACC,R 187005155
ESACC,R 187005155 187005167 13 88.1 303.0 112.9 265.1 0.74 68
SFIX,R 187005168
EFIX,R 187005168 187005203 36 126.0 223.4 2924
SSACC,R 187005204
ESACC,R 187005204 187005227 24 135.3 197.9 107.2 260.0 1.13 95
SFIX,R 187005228
EFIX,R 187005228 187005580 353 93.7 297.0 3163
SSACC,R 187005581
ESACC,R 187005581 187005601 21 87.2 308.5 97.4 261.7 0.79 123
SFIX,R 187005602
EFIX,R 187005602 187005632 31 110.8 235.2 2859
SSACC,R 187005633
SBLINK,R 187005643
EBLINK,R 187005643 187005957 315
ESACC,R 187005633 187005975 343 112.5 261.9 93.0 285.9 0.51 70
SFIX,R 187005976
EFIX,R 187005976 187006005 30 91.1 300.6 3040
SSACC,R 187006006
ESACC,R 187006006 187006012 7 84.1 324.3 83.7 344.6 0.34 53
SFIX,R 187006013
EFIX,R 187006013 187006724 712 75.3 333.7 3257
SSACC,R 187006725
ESACC,R 187006725 187006729 5 80.4 307.3 85.4 323.2 0.28 50
SFIX,R 187006730
EFIX,R 187006730 187006886 157 73.8 321.1 3105
SSACC,R 187006887
ESACC,R 187006887 187006953 67 72.9 324.2 75.1 723.0 6.54 162
SFIX,R 187006954
EFIX,R 187006954 187007406 453 66.4 756.8 3285
SSACC,R 187007407
ESACC,R 187007407 187007453 47 68.5 762.9 697.6 254.8 13.29 695
SFIX,R 187007454
EFIX,R 187007454 187007579 126 705.9 258.9 3231
SSACC,R 187007580
ESACC,R 187007580 187007602 23 707.0 261.5 810.9 186.5 2.18 191
SFIX,R 187007603
EFIX,R 187007603 187008069 467 804.9 204.3 2779
SSACC,R 187008070
ESACC,R 187008070 187008105 36 805.6 213.9 1339.7 516.8 10.38 558
SFIX,R 187008106
EFIX,R 187008106 187009145 1040 1327.2 531.2 2790
SSACC,R 187009146
ESACC,R 187009146 187009233 88 1312.2 542.7 598.2 1050.9 14.48 249
SFIX,R 187009234
EFIX,R 187009234 187009727 494 597.6 1019.2 3527
SSACC,R 187009728
ESACC,R 187009728 187009755 28 600.4 960.0 465.6 885.0 2.53 182
SFIX,R 187009756
EFIX,R 187009756 187009842 87 470.1 914.1 3870
SSACC,R 187009843
ESACC,R 187009843 187009865 23 473.8 952.0 473.9 989.5 0.61 71
SFIX,R 187009866
EFIX,R 187009866 187009902 37 471.0 972.4 4142
SSACC,R 187009903
ESACC,R 187009903 187009908 6 467.0 963.2 467.5 937.4 0.42 71
SFIX,R 187009909
EFIX,R 187009909 187010378 470 469.7 919.3 3670
SSACC,R 187010379
ESACC,R 187010379 187010455 77 462.9 923.1 -372.4 497.9 14.60 291
SFIX,R 187010456
EFIX,R 187010456 187010807 352 -398.4 464.8 2626
SSACC,R 187010808
ESACC,R 187010808 187010824 17 -380.6 403.1 -357.5 398.8 0.35 96
SFIX,R 187010825
EFIX,R 187010825 187010919 95 -349.9 384.9 2435
SSACC,R 187010920
ESACC,R 187010920 187010927 8 -354.8 334.1 -348.2 384.3 0.81 88
SFIX,R 187010928
EFIX,R 187010928 187011301 374 -332.6 373.0 2471
SSACC,R 187011302
ESACC,R 187011302 187011390 89 -312.5 348.8 -289.4 269.6 1.32 96
SFIX,R 187011391
EFIX,R 187011391 187011412 22 -286.1 246.6 2189
SSACC,R 187011413
ESACC,R 187011413 187011502 90 -280.8 239.0 -344.2 421.6 3.08 150
SFIX,R 187011503
EFIX,R 187011503 187011560 58 -367.3 466.6 2701
SSACC,R 187011561
SBLINK,R 187011646
EBLINK,R 187011646 187011925 280
ESACC,R 187011561 187012370 810 -370.6 464.5 961.1 795.0 21.55 458
SFIX,R 187012371
EFIX,R 187012371 187012386 16 970.9 804.5 2578
SSACC,R 187012387
SBLINK,R 187012511
EBLINK,R 187012511 187012527 17
ESACC,R 187012387 187012617 231 978.0 806.2 1588.6 1281.2 12.47 691
SFIX,R 187012618
EFIX,R 187012618 187012678 61 1592.5 1270.0 3400
SSACC,R 187012679
ESACC,R 187012679 187012683 5 1591.9 1283.0 1592.5 1299.5 0.25 52
SFIX,R 187012684
EFIX,R 187012684 187012772 89 1594.0 1346.0 3211
SSACC,R 187012773
ESACC,R 187012773 187012807 35 1593.9 1341.5 1528.7 1196.2 2.46 237
SFIX,R 187012808
EFIX,R 187012808 187012944 137 1519.4 1203.9 3309
SSACC,R 187012945
ESACC,R 187012945 187012990 46 1515.7 1237.4 1517.8 1331.6 1.45 201
SFIX,R 187012991
EFIX,R 187012991 187013052 62 1540.6 1379.3 3953
SSACC,R 187013053
ESACC,R 187013053 187013062 10 1540.8 1413.7 1537.5 1379.7 0.51 77
SFIX,R 187013063
EFIX,R 187013063 187013142 80 1537.9 1382.3 3877
SSACC,R 187013143
SBLINK,R 187013191
EBLINK,R 187013191 187015926 2736
ESACC,R 187013143 187015953 2811 1535.3 1374.4 1438.2 1661.1 4.47 351
SFIX,R 187015954
EFIX,R 187015954 187016092 139 1494.8 1537.3 3203
SSACC,R 187016093
ESACC,R 187016093 187016127 35 1503.1 1530.8 1601.4 1263.4 4.30 247
SFIX,R 187016128
EFIX,R 187016128 187016588 461 1574.0 1223.4 3312
SSACC,R 187016589
ESACC,R 187016589 187016652 64 1570.5 1228.5 2088.1 510.2 13.90 353
SFIX,R 187016653
EFIX,R 187016653 187017409 757 2072.9 555.2 2760
SSACC,R 187017410
ESACC,R 187017410 187017474 65 2061.2 559.8 2428.3 224.2 7.62 193
SFIX,R 187017475
EFIX,R 187017475 187017746 272 2422.8 232.8 2150
SSACC,R 187017747
ESACC,R 187017747 187017829 83 2419.6 230.5 2229.3 1238.6 15.62 290
SFIX,R 187017830
EFIX,R 187017830 187019778 1949 2231.8 1255.6 2529
SSACC,R 187019779
ESACC,R 187019779 187019895 117 2243.2 1232.2 972.9 845.9 20.54 354
SFIX,R 187019896
EFIX,R 187019896 187020028 133 968.6 850.1 3813
SSACC,R 187020029
ESACC,R 187020029 187020069 41 965.4 852.3 1455.8 1061.0 8.75 402
SFIX,R 187020070
EFIX,R 187020070 187020320 251 1459.8 1067.4 3475
SSACC,R 187020321
ESACC,R 187020321 187020390 70 1449.9 1071.2 409.0 1093.9 16.79 359
SFIX,R 187020391
EFIX,R 187020391 187020453 63 397.7 1085.8 3672
SSACC,R 187020454
ESACC,R 187020454 187020611 158 389.0 1088.3 579.5 638.2 7.97 215
SFIX,R 187020612
EFIX,R 187020612 187020661 50 612.6 594.8 3004
SSACC,R 187020662
ESACC,R 187020662 187020770 109 654.8 540.8 467.6 989.2 8.02 168
SFIX,R 187020771
EFIX,R 187020771 187020801 31 470.2 964.2 3857
SSACC,R 187020802
SBLINK,R 187020902
EBLINK,R 187020902 187021127 226
ESACC,R 187020802 187021159 358 484.6 946.3 482.5 169.2 12.89 256
SFIX,R 187021160
EFIX,R 187021160 187021208 49 527.1 138.6 2961
SSACC,R 187021209
SBLINK,R 187021219
EBLINK,R 187021219 187021379 161
ESACC,R 187021209 187021396 188 390.2 351.0 393.9 362.6 0.21 35
SFIX,R 187021397
EFIX,R 187021397 187021832 436 379.9 303.1 2948
SSACC,R 187021833
SBLINK,R 187021873
EBLINK,R 187021873 187022076 204
ESACC,R 187021833 187022098 266 394.9 302.7 388.0 367.6 1.10 108
SFIX,R 187022099
EFIX,R 187022099 187022239 141 387.7 336.0 3328
SSACC,R 187022240
ESACC,R 187022240 187022286 47 385.3 313.4 120.8 -195.3 9.50 305
SFIX,R 187022287
EFIX,R 187022287 187023714 1428 102.1 -219.1 2633
SSACC,R 187023715
ESACC,R 187023715 187023779 65 135.1 -219.2 348.7 210.5 7.95 244
SFIX,R 187023780
EFIX,R 187023780 187024089 310 314.9 253.0 2566
SSACC,R 187024090
ESACC,R 187024090 187024112 23 262.6 287.1 111.5 222.2 2.67 198
SFIX,R 187024113
EFIX,R 187024113 187024542 430 104.7 208.2 2203
SSACC,R 187024543
SBLINK,R 187024573
EBLINK,R 187024573 187024741 169
ESACC,R 187024543 187026121 1579 142.5 188.3 192.5 202.9 0.84 1062
SFIX,R 187026122
EFIX,R 187026122 187026210 89 195.0 198.4 2266
SSACC,R 187026211
ESACC,R 187026211 187026236 26 197.5 195.1 188.9 203.5 0.20 78
SFIX,R 187026237
EFIX,R 187026237 187026358 122 195.6 201.3 2244
SSACC,R 187026359
ESACC,R 187026359 187026380 22 196.2 194.8 195.6 208.1 0.22 60
SFIX,R 187026381
EFIX,R 187026381 187026427 47 193.3 193.0 2210
SSACC,R 187026428
ESACC,R 187026428 187026443 16 197.8 180.8 191.5 214.0 0.56 92
SFIX,R 187026444
EFIX,R 187026444 187026703 260 183.3 203.4 2172
SSACC,R 187026704
ESACC,R 187026704 187026982 279 169.9 193.4 184.1 215.7 0.44 176
SFIX,R 187026983
EFIX,R 187026983 187027019 37 178.6 210.5 2155
SSACC,R 187027020
ESACC,R 187027020 187027144 125 176.5 218.1 179.0 222.8 0.09 147
SFIX,R 187027145
EFIX,R 187027145 187027192 48 179.2 214.6 2162
SSACC,R 187027193
SBLINK,R 187028004
EBLINK,R 187028004 187028324 321
ESACC,R 187027193 187028419 1227 182.3 206.8 273.6 291.8 2.06 302
SFIX,R 187028420
EFIX,R 187028420 187028683 264 284.3 286.4 1962
SSACC,R 187028684
ESACC,R 187028684 187028726 43 302.2 265.8 309.6 248.6 0.31 169
SFIX,R 187028727
EFIX,R 187028727 187029133 407 325.1 244.4 2499
SSACC,R 187029134
ESACC,R 187029134 187029230 97 261.6 391.7 412.3 22.4 6.69 136
SFIX,R 187029231
EFIX,R 187029231 187029342 112 389.8 90.0 2458
SSACC,R 187029343
ESACC,R 187029343 187029443 101 394.6 97.0 457.9 1.9 1.92 108
SFIX,R 187029444
EFIX,R 187029444 187029485 42 445.5 -6.9 2583
SSACC,R 187029486
ESACC,R 187029486 187029491 6 440.8 -4.4 441.8 24.0 0.48 51
SFIX,R 187029492
EFIX,R 187029492 187029517 26 437.8 31.8 2648
SSACC,R 187029518
ESACC,R 187029518 187029626 109 427.2 61.0 246.5 474.1 7.55 149
SFIX,R 187029627
EFIX,R 187029627 187029695 69 265.1 446.1 3544
SSACC,R 187029696
SBLINK,R 187029851
EBLINK,R 187029851 187030090 240
ESACC,R 187029696 187030228 533 284.8 417.7 -216.5 74.0 9.71 290
SFIX,R 187030229
EFIX,R 187030229 187030538 310 -201.9 73.8 2950
SSACC,R 187030539
ESACC,R 187030539 187030629 91 -209.3 85.2 638.4 735.3 17.20 303
SFIX,R 187030630
EFIX,R 187030630 187031896 1267 648.9 808.6 3543
SSACC,R 187031897
ESACC,R 187031897 187031971 75 637.2 797.8 1363.9 1066.4 12.73 269
SFIX,R 187031972
EFIX,R 187031972 187033399 1428 1403.2 1072.2 3470
SSACC,R 187033400
ESACC,R 187033400 187033440 41 1400.7 1065.4 1536.5 825.2 4.46 214
SFIX,R 187033441
EFIX,R 187033441 187033613 173 1565.6 818.4 3364
SSACC,R 187033614
ESACC,R 187033614 187033641 28 1570.8 820.6 1543.8 1112.6 4.71 334
SFIX,R 187033642
EFIX,R 187033642 187034063 422 1533.0 1114.0 3252
SSACC,R 187034064
ESACC,R 187034064 187034077 14 1532.2 1113.6 1544.9 1064.2 0.81 67
SFIX,R 187034078
EFIX,R 187034078 187034771 694 1544.7 1065.9 3337
SSACC,R 187034772
ESACC,R 187034772 187034839 68 1541.7 1066.5 1063.9 553.7 11.52 270
SFIX,R 187034840
EFIX,R 187034840 187035027 188 1051.3 553.8 3176
SSACC,R 187035028
ESACC,R 187035028 187035084 57 1040.3 560.2 1496.9 1107.5 11.70 416
SFIX,R 187035085
EFIX,R 187035085 187036344 1260 1497.8 1103.2 3062
SSACC,R 187036345
ESACC,R 187036345 187036366 22 1498.2 1096.2 1502.8 1199.2 1.62 168
SFIX,R 187036367
EFIX,R 187036367 187036506 140 1501.4 1188.0 3275
SSACC,R 187036507
ESACC,R 187036507 187036517 11 1502.2 1184.6 1504.2 1147.2 0.59 71
SFIX,R 187036518
EFIX,R 187036518 187037740 1223 1511.6 1122.7 3245
SSACC,R 187037741
ESACC,R 187037741 187037749 9 1509.1 1128.6 1482.9 1138.5 0.45 55
SFIX,R 187037750
EFIX,R 187037750 187038052 303 1470.5 1133.9 3144
SSACC,R 187038053
ESACC,R 187038053 187038070 18 1465.0 1131.2 1521.7 1094.8 1.08 83
SFIX,R 187038071
EFIX,R 187038071 187039690 1620 1582.2 1119.6 3096
SSACC,R 187039691
ESACC,R 187039691 187039710 20 1582.8 1120.7 1518.0 1078.7 1.23 77
SFIX,R 187039711
EFIX,R 187039711 187044706 4996 1472.7 1083.4 3155
SSACC,R 187044707
ESACC,R 187044707 187044748 42 1462.1 1068.7 1652.2 1040.0 3.08 106
SFIX,R 187044749
EFIX,R 187044749 187045210 462 1763.2 1042.7 3108
SSACC,R 187045211
ESACC,R 187045211 187045226 16 1767.2 1038.4 1817.8 992.7 1.07 94
SFIX,R 187045227
EFIX,R 187045227 187045548 322 1822.3 980.2 3070
SSACC,R 187045549
ESACC,R 187045549 187045573 25 1825.8 981.0 1813.8 765.0 3.46 294
SFIX,R 187045574
EFIX,R 187045574 187046285 712 1811.7 742.9 2911
SSACC,R 187046286
ESACC,R 187046286 187046301 16 1818.8 746.8 1869.2 746.6 0.79 55
SFIX,R 187046302
EFIX,R 187046302 187046681 380 1869.5 748.6 2754
SSACC,R 187046682
ESACC,R 187046682 187046705 24 1869.0 743.9 1877.4 602.4 2.30 153
SFIX,R 187046706
EFIX,R 187046706 187047058 353 1879.9 577.1 2867
SSACC,R 187047059
ESACC,R 187047059 187047108 50 1880.3 579.4 1542.4 1178.7 10.96 423
SFIX,R 187047109
EFIX,R 187047109 187047298 190 1539.0 1178.1 3128
SSACC,R 187047299
ESACC,R 187047299 187047310 12 1538.7 1177.8 1565.0 1155.9 0.54 62
SFIX,R 187047311
EFIX,R 187047311 187047781 471 1571.9 1134.3 3006
SSACC,R 187047782
ESACC,R 187047782 187047800 19 1575.1 1127.7 1490.0 1109.0 1.39 109
SFIX,R 187047801
EFIX,R 187047801 187048197 397 1473.4 1106.6 3197
SSACC,R 187048198
SBLINK,R 187048216
EBLINK,R 187048216 187048493 278
ESACC,R 187048198 187048568 371 1471.2 1116.2 1618.9 1056.6 2.54 541
SFIX,R 187048569
EFIX,R 187048569 187050759 2191 1586.0 1068.5 3073
SSACC,R 187050760
SBLINK,R 187050802
EBLINK,R 187050802 187051066 265
ESACC,R 187050760 187051131 372 1583.7 1083.4 2232.3 921.2 10.23 602
SFIX,R 187051132
EFIX,R 187051132 187051162 31 2233.8 888.8 2302
SSACC,R 187051163
ESACC,R 187051163 187051196 34 2236.5 860.9 2234.7 791.6 1.08 86
SFIX,R 187051197
EFIX,R 187051197 187051334 138 2224.4 810.7 2497
SSACC,R 187051335
ESACC,R 187051335 187051401 67 2219.0 833.3 1758.2 1978.6 17.67 555
SFIX,R 187051402
EFIX,R 187051402 187051821 420 1744.8 1972.7 2945
SSACC,R 187051822
ESACC,R 187051822 187051846 25 1732.7 1966.3 1810.1 1872.0 1.68 119
SFIX,R 187051847
EFIX,R 187051847 187052440 594 1831.2 1869.6 3075
SSACC,R 187052441
ESACC,R 187052441 187052495 55 1833.1 1875.0 1461.8 1105.6 12.53 487
SFIX,R 187052496
EFIX,R 187052496 187055165 2670 1445.9 1101.9 3139
SSACC,R 187055166
SBLINK,R 187055183
EBLINK,R 187055183 187055518 336
ESACC,R 187055166 187055575 410 1448.3 1112.9 581.3 983.2 14.25 313
SFIX,R 187055576
EFIX,R 187055576 187055845 270 573.4 948.3 2438
SSACC,R 187055846
ESACC,R 187055846 187055863 18 572.0 949.6 515.7 1016.8 1.42 98
SFIX,R 187055864
EFIX,R 187055864 187057662 1799 522.5 1026.9 2954
SSACC,R 187057663
ESACC,R 187057663 187057763 101 518.4 1028.3 1057.9 978.5 8.90 138
SFIX,R 187057764
EFIX,R 187057764 187060453 2690 1126.1 966.7 2933
SSACC,R 187060454
SBLINK,R 187060477
EBLINK,R 187060477 187060747 271
ESACC,R 187060454 187060799 346 1121.8 971.9 1171.4 978.1 0.83 921
SFIX,R 187060800
EFIX,R 187060800 187062715 1916 1156.2 941.2 3005
SSACC,R 187062716
ESACC,R 187062716 187062751 36 1155.9 949.4 1537.9 1197.8 7.36 340
SFIX,R 187062752
EFIX,R 187062752 187062861 110 1545.7 1238.0 2799
SSACC,R 187062862
ESACC,R 187062862 187062869 8 1540.4 1243.0 1524.2 1227.1 0.36 48
SFIX,R 187062870
EFIX,R 187062870 187063142 273 1508.7 1199.3 2876
SSACC,R 187063143
ESACC,R 187063143 187063157 15 1511.3 1190.6 1498.3 1134.9 0.90 72
SFIX,R 187063158
EFIX,R 187063158 187063769 612 1490.2 1100.7 3152
SSACC,R 187063770
ESACC,R 187063770 187063780 11 1492.8 1084.3 1524.2 1067.4 0.57 62
SFIX,R 187063781
EFIX,R 187063781 187063870 90 1542.3 1068.0 3230
SSACC,R 187063871
ESACC,R 187063871 187063884 14 1548.3 1069.0 1593.3 1078.0 0.73 67
SFIX,R 187063885
EFIX,R 187063885 187064916 1032 1622.9 1076.7 3070
SSACC,R 187064917
ESACC,R 187064917 187064940 24 1622.4 1075.0 1715.4 1172.8 2.12 138
SFIX,R 187064941
EFIX,R 187064941 187065383 443 1718.2 1180.1 3005
SSACC,R 187065384
ESACC,R 187065384 187065402 19 1723.0 1183.0 1779.1 1148.8 1.02 67
SFIX,R 187065403
EFIX,R 187065403 187066103 701 1784.3 1138.3 3031
SSACC,R 187066104
SBLINK,R 187066122
EBLINK,R 187066122 187066458 337
ESACC,R 187066104 187066520 417 1783.0 1143.1 1606.4 1298.9 3.65 500
SFIX,R 187066521
EFIX,R 187066521 187067749 1229 1583.2 1191.6 3091
SSACC,R 187067750
ESACC,R 187067750 187067768 19 1574.5 1192.7 1526.9 1248.1 1.14 70
SFIX,R 187067769
EFIX,R 187067769 187067791 23 1512.3 1261.2 3203
SSACC,R 187067792
ESACC,R 187067792 187067809 18 1500.6 1273.0 1427.8 1323.9 1.39 124
SFIX,R 187067810
EFIX,R 187067810 187069013 1204 1416.1 1327.1 3241
SSACC,R 187069014
ESACC,R 187069014 187069039 26 1410.5 1324.2 1607.4 1333.2 3.11 219
SFIX,R 187069040
EFIX,R 187069040 187069542 503 1615.9 1347.0 3149
SSACC,R 187069543
ESACC,R 187069543 187069566 24 1616.6 1348.3 1749.7 1148.8 3.69 309
SFIX,R 187069567
EFIX,R 187069567 187070290 724 1761.6 1135.8 3013
SSACC,R 187070291
ESACC,R 187070291 187070309 19 1766.4 1141.0 1828.7 1108.1 1.09 73
SFIX,R 187070310
EFIX,R 187070310 187070650 341 1862.1 1088.9 2920
SSACC,R 187070651
ESACC,R 187070651 187070671 21 1860.8 1079.7 1796.1 977.9 1.89 161
SFIX,R 187070672
EFIX,R 187070672 187072011 1340 1795.9 996.9 2986
SSACC,R 187072012
ESACC,R 187072012 187072037 26 1799.3 1006.9 1851.6 756.2 4.08 289
SFIX,R 187072038
EFIX,R 187072038 187074692 2655 1864.3 702.5 2773
SSACC,R 187074693
ESACC,R 187074693 187074746 54 1893.1 659.4 1602.7 1052.0 7.80 232
SFIX,R 187074747
EFIX,R 187074747 187075494 748 1568.0 1137.2 2957
SSACC,R 187075495
ESACC,R 187075495 187075513 19 1573.2 1134.9 1492.5 1160.3 1.35 98
SFIX,R 187075514
EFIX,R 187075514 187075812 299 1476.2 1160.6 3155
SSACC,R 187075813
ESACC,R 187075813 187075845 33 1468.9 1152.5 1325.6 1650.3 7.81 474
SFIX,R 187075846
EFIX,R 187075846 187076009 164 1294.9 1692.4 3170
SSACC,R 187076010
ESACC,R 187076010 187076028 19 1295.1 1692.3 1312.3 1629.8 0.94 89
SFIX,R 187076029
EFIX,R 187076029 187076534 506 1325.4 1594.5 3184
SSACC,R 187076535
ESACC,R 187076535 187076563 29 1326.1 1588.1 1252.3 1449.9 2.35 135
SFIX,R 187076564
EFIX,R 187076564 187076869 306 1138.1 1359.3 3346
SSACC,R 187076870
ESACC,R 187076870 187076896 27 1129.2 1342.8 1123.7 1216.2 1.97 94
SFIX,R 187076897
EFIX,R 187076897 187077371 475 1117.5 1168.3 3395
SSACC,R 187077372
ESACC,R 187077372 187077392 21 1115.5 1154.8 1080.5 1097.6 1.08 77
SFIX,R 187077393
EFIX,R 187077393 187078966 1574 950.7 1049.0 3301
SSACC,R 187078967
SBLINK,R 187078986
EBLINK,R 187078986 187079303 318
ESACC,R 187078967 187079379 413 937.8 1078.9 1225.6 835.8 6.19 544
SFIX,R 187079380
EFIX,R 187079380 187080754 1375 1193.6 823.2 2793
SSACC,R 187080755
ESACC,R 187080755 187080772 18 1183.1 822.6 1227.6 791.8 0.90 62
SFIX,R 187080773
EFIX,R 187080773 187082262 1490 1269.1 761.5 2830
SSACC,R 187082263
ESACC,R 187082263 187082303 41 1267.5 767.0 1523.9 1356.8 10.23 443
SFIX,R 187082304
EFIX,R 187082304 187082473 170 1533.5 1348.4 3268
SSACC,R 187082474
ESACC,R 187082474 187082548 75 1544.8 1354.5 142.5 874.1 23.32 541
SFIX,R 187082549
EFIX,R 187082549 187082872 324 115.4 835.7 3708
SSACC,R 187082873
ESACC,R 187082873 187082900 28 151.6 766.3 205.5 667.6 1.83 97
SFIX,R 187082901
EFIX,R 187082901 187082917 17 221.3 632.8 3527
SSACC,R 187082918
ESACC,R 187082918 187082992 75 237.2 610.0 272.9 323.5 4.81 187
SFIX,R 187082993
EFIX,R 187082993 187083019 27 288.0 335.7 2725
SSACC,R 187083020
ESACC,R 187083020 187083141 122 293.6 328.3 299.6 346.3 0.32 140
SFIX,R 187083142
EFIX,R 187083142 187083170 29 283.5 375.7 2740
SSACC,R 187083171
ESACC,R 187083171 187083267 97 276.1 397.4 304.0 298.5 1.72 218
SFIX,R 187083268
EFIX,R 187083268 187083289 22 326.9 271.5 2570
SSACC,R 187083290
SBLINK,R 187083684
EBLINK,R 187083684 187084158 475
ESACC,R 187083290 187084561 1272 312.2 251.7 -203.1 1013.3 14.66 376
SFIX,R 187084562
EFIX,R 187084562 187084722 161 -202.8 1006.8 3677
SSACC,R 187084723
SBLINK,R 187084739
EBLINK,R 187084739 187084851 113
ESACC,R 187084723 187084891 169 -194.8 1002.3 385.3 761.1 9.83 665
SFIX,R 187084892
EFIX,R 187084892 187085031 140 374.7 785.1 3834
SSACC,R 187085032
SBLINK,R 187085097
EBLINK,R 187085097 187085247 151
ESACC,R 187085032 187085267 236 364.9 794.5 474.3 501.6 5.19 217
SFIX,R 187085268
EFIX,R 187085268 187085310 43 481.8 515.3 3089
SSACC,R 187085311
SBLINK,R 187085328
EBLINK,R 187085328 187085640 313
ESACC,R 187085311 187085740 430 487.5 496.9 394.3 764.0 4.71 115
SFIX,R 187085741
EFIX,R 187085741 187086061 321 372.3 804.5 3367
SSACC,R 187086062
ESACC,R 187086062 187086123 62 362.7 843.8 669.9 402.2 8.95 260
SFIX,R 187086124
EFIX,R 187086124 187086768 645 710.5 402.6 3304
SSACC,R 187086769
ESACC,R 187086769 187086830 62 699.7 411.4 1477.6 1011.3 16.25 497
SFIX,R 187086831
EFIX,R 187086831 187087526 696 1484.1 1041.6 3428
SSACC,R 187087527
SBLINK,R 187087538
EBLINK,R 187087538 187087623 86
ESACC,R 187087527 187087632 106 1505.2 1068.1 1505.2 1068.1 0.00 19
SFIX,R 187087633
EFIX,R 187087633 187087848 216 1502.4 1033.6 3537
SSACC,R 187087849
SBLINK,R 187088007
EBLINK,R 187088007 187090011 2005
ESACC,R 187087849 187090023 2175 1512.5 1030.7 520.9 178.4 21.51 248
SFIX,R 187090024
EFIX,R 187090024 187090113 90 517.6 185.8 2677
SSACC,R 187090114
SBLINK,R 187090258
EBLINK,R 187090258 187090260 3
ESACC,R 187090114 187090269 156 512.8 202.1 1423.5 985.1 19.86 361
SFIX,R 187090270
EFIX,R 187090270 187090532 263 1431.7 967.1 3059
SSACC,R 187090533
ESACC,R 187090533 187090549 17 1431.4 1016.6 1414.7 1087.0 1.16 73
SFIX,R 187090550
EFIX,R 187090550 187090887 338 1409.6 1088.3 3253
SSACC,R 187090888
ESACC,R 187090888 187090917 30 1405.3 1064.3 1460.1 1197.6 2.28 101
SFIX,R 187090918
EFIX,R 187090918 187092379 1462 1466.8 1196.9 3539
SSACC,R 187092380
ESACC,R 187092380 187092464 85 1465.0 1186.7 380.6 853.9 18.28 438
SFIX,R 187092465
EFIX,R 187092465 187092740 276 355.3 871.0 3309
SSACC,R 187092741
ESACC,R 187092741 187092815 75 336.8 879.8 1374.6 1074.4 17.12 423
SFIX,R 187092816
EFIX,R 187092816 187093126 311 1377.1 1082.1 2945
SSACC,R 187093127
ESACC,R 187093127 187093150 24 1384.4 1085.3 1495.4 1117.3 1.86 125
SFIX,R 187093151
EFIX,R 187093151 187093741 591 1491.5 1127.5 3221
SSACC,R 187093742
ESACC,R 187093742 187093826 85 1486.2 1125.3 421.1 1500.6 17.76 330
SFIX,R 187093827
EFIX,R 187093827 187094357 531 372.3 1549.1 3237
SSACC,R 187094358
SBLINK,R 187094444
EBLINK,R 187094444 187094991 548
ESACC,R 187094358 187095087 730 368.2 1583.2 561.8 409.8 18.61 272
SFIX,R 187095088
EFIX,R 187095088 187095121 34 568.0 407.1 3246
SSACC,R 187095122
SBLINK,R 187095132
EBLINK,R 187095132 187095463 332
ESACC,R 187095122 187095489 368 357.7 909.9 349.1 846.7 1.04 118
SFIX,R 187095490
EFIX,R 187095490 187095622 133 356.3 860.6 3699
SSACC,R 187095623
ESACC,R 187095623 187095685 63 364.5 884.6 487.0 567.0 5.62 175
SFIX,R 187095686
EFIX,R 187095686 187095724 39 493.5 552.7 3215
SSACC,R 187095725
ESACC,R 187095725 187095739 15 488.7 547.6 484.8 548.5 0.07 60
SFIX,R 187095740
EFIX,R 187095740 187095831 92 483.3 547.7 3228
SSACC,R 187095832
ESACC,R 187095832 187095899 68 498.2 505.7 22.9 -73.0 12.33 329
SFIX,R 187095900
EFIX,R 187095900 187096799 900 12.3 -74.4 2905
SSACC,R 187096800
ESACC,R 187096800 187096828 29 -2.4 -67.8 143.1 77.2 3.33 198
SFIX,R 187096829
EFIX,R 187096829 187097127 299 189.1 130.2 3063
SSACC,R 187097128
SBLINK,R 187097156
EBLINK,R 187097156 187097231 76
ESACC,R 187097128 187097278 151 199.5 141.8 793.5 820.1 14.93 1577
SFIX,R 187097279
EFIX,R 187097279 187097984 706 773.8 857.7 3497
SSACC,R 187097985
ESACC,R 187097985 187098074 90 762.6 878.6 794.1 1006.9 2.16 100
SFIX,R 187098075
EFIX,R 187098075 187098130 56 802.5 1016.4 3999
SSACC,R 187098131
ESACC,R 187098131 187098273 143 800.0 1024.3 830.8 529.0 8.22 591
SFIX,R 187098274
EFIX,R 187098274 187098803 530 832.3 503.0 3131
SSACC,R 187098804
ESACC,R 187098804 187098870 67 838.6 495.4 1680.8 1107.0 17.00 494
SFIX,R 187098871
EFIX,R 187098871 187099201 331 1687.0 1112.7 2995
SSACC,R 187099202
ESACC,R 187099202 187099230 29 1685.8 1111.1 1508.2 1158.8 2.92 168
SFIX,R 187099231
EFIX,R 187099231 187099492 262 1519.3 1162.1 3311
SSACC,R 187099493
ESACC,R 187099493 187099504 12 1517.7 1158.6 1519.9 1113.7 0.71 81
SFIX,R 187099505
EFIX,R 187099505 187100150 646 1513.7 1109.6 3323
SSACC,R 187100151
ESACC,R 187100151 187100170 20 1509.4 1112.4 1570.4 1053.5 1.35 84
SFIX,R 187100171
EFIX,R 187100171 187100646 476 1606.6 1046.3 3212
SSACC,R 187100647
ESACC,R 187100647 187100723 77 1603.6 1056.2 426.0 965.7 19.00 416
SFIX,R 187100724
EFIX,R 187100724 187101285 562 399.1 928.4 3697
SSACC,R 187101286
ESACC,R 187101286 187101505 220 403.6 886.5 530.3 626.0 4.78 200
SFIX,R 187101506
EFIX,R 187101506 187101578 73 544.3 588.6 3481
SSACC,R 187101579
ESACC,R 187101579 187101651 73 545.0 573.7 189.2 213.0 8.42 205
SFIX,R 187101652
EFIX,R 187101652 187101754 103 191.8 197.2 3364
SSACC,R 187101755
ESACC,R 187101755 187101769 15 194.4 163.6 218.5 104.9 1.06 94
SFIX,R 187101770
EFIX,R 187101770 187101920 151 215.8 115.6 2765
SSACC,R 187101921
ESACC,R 187101921 187101962 42 240.7 102.4 181.9 213.8 2.10 207
SFIX,R 187101963
EFIX,R 187101963 187102266 304 164.5 208.1 3145
SSACC,R 187102267
ESACC,R 187102267 187102366 100 172.1 223.6 257.3 81.6 2.75 152
SFIX,R 187102367
EFIX,R 187102367 187102430 64 256.0 66.0 2913
SSACC,R 187102431
ESACC,R 187102431 187102439 9 222.3 123.8 217.7 147.1 0.40 67
SFIX,R 187102440
EFIX,R 187102440 187102637 198 172.9 216.2 3325
SSACC,R 187102638
ESACC,R 187102638 187102712 75 168.2 216.8 -356.5 -600.2 15.28 938
SFIX,R 187102713
EFIX,R 187102713 187103182 470 -359.7 -577.0 2515
SSACC,R 187103183
ESACC,R 187103183 187103240 58 -366.6 -560.6 -740.1 112.7 11.55 417
SFIX,R 187103241
EFIX,R 187103241 187103325 85 -742.5 145.5 2443
SSACC,R 187103326
ESACC,R 187103326 187103338 13 -745.1 148.2 -736.4 132.0 0.27 53
SFIX,R 187103339
EFIX,R 187103339 187103461 123 -728.5 102.6 2243
SSACC,R 187103462
SBLINK,R 187103481
EBLINK,R 187103481 187103481 1
ESACC,R 187103462 187103545 84 -721.7 96.4 134.2 -650.0 17.02 441
SFIX,R 187103546
EFIX,R 187103546 187103753 208 135.6 -608.8 2335
SSACC,R 187103754
ESACC,R 187103754 187103783 30 126.5 -586.9 358.2 -811.4 5.07 379
SFIX,R 187103784
EFIX,R 187103784 187104219 436 334.5 -820.3 2167
SSACC,R 187104220
ESACC,R 187104220 187104252 33 333.6 -815.6 423.1 -538.6 4.61 286
SFIX,R 187104253
EFIX,R 187104253 187104380 128 426.4 -516.2 2202
SSACC,R 187104381
ESACC,R 187104381 187104413 33 423.1 -513.9 393.3 -752.1 3.83 177
SFIX,R 187104414
EFIX,R 187104414 187104736 323 393.6 -761.4 2134
SSACC,R 187104737
ESACC,R 187104737 187104777 41 394.8 -769.9 77.8 -934.9 5.54 354
SFIX,R 187104778
EFIX,R 187104778 187105222 445 66.0 -908.4 1986
SSACC,R 187105223
ESACC,R 187105223 187105294 72 50.1 -911.7 -47.9 123.5 16.31 885
SFIX,R 187105295
EFIX,R 187105295 187106883 1589 45.9 153.7 2669
SSACC,R 187106884
SBLINK,R 187107071
EBLINK,R 187107071 187107473 403
ESACC,R 187106884 187107495 612 38.6 211.2 168.0 764.3 9.30 212
SFIX,R 187107496
EFIX,R 187107496 187107520 25 166.0 763.6 3650
SSACC,R 187107521
ESACC,R 187107521 187107602 82 167.6 754.9 243.1 697.0 1.54 356
SFIX,R 187107603
EFIX,R 187107603 187107627 25 226.7 732.8 3784
SSACC,R 187107628
ESACC,R 187107628 187107647 20 206.5 744.1 171.6 804.1 1.12 132
SFIX,R 187107648
EFIX,R 187107648 187107728 81 170.6 753.7 3743
SSACC,R 187107729
ESACC,R 187107729 187107786 58 175.1 745.0 18.9 1487.0 11.64 344
SFIX,R 187107787
EFIX,R 187107787 187108043 257 5.6 1509.9 3817
SSACC,R 187108044
SBLINK,R 187108058
EBLINK,R 187108058 187108218 161
ESACC,R 187108044 187108272 229 -11.6 1527.1 1456.6 1305.0 22.71 292
SFIX,R 187108273
EFIX,R 187108273 187108812 540 1453.9 1201.7 3650
SSACC,R 187108813
ESACC,R 187108813 187108841 29 1447.6 1201.8 1614.1 1005.9 4.08 251
SFIX,R 187108842
EFIX,R 187108842 187109159 318 1649.8 1005.7 3507
SSACC,R 187109160
ESACC,R 187109160 187109221 62 1647.1 1016.8 2040.6 511.5 10.18 252
SFIX,R 187109222
EFIX,R 187109222 187109296 75 2041.8 537.9 3135
SSACC,R 187109297
ESACC,R 187109297 187109400 104 2048.0 569.2 2043.7 571.5 0.08 305
SFIX,R 187109401
EFIX,R 187109401 187109553 153 2031.1 566.7 2886
SSACC,R 187109554
ESACC,R 187109554 187109617 64 2033.8 569.7 1694.8 979.7 8.44 234
SFIX,R 187109618
EFIX,R 187109618 187110625 1008 1689.1 1001.7 3171
SSACC,R 187110626
ESACC,R 187110626 187110647 22 1679.0 998.9 1609.8 1089.0 1.80 114
SFIX,R 187110648
EFIX,R 187110648 187110900 253 1587.9 1115.7 3417
SSACC,R 187110901
SBLINK,R 187110919
EBLINK,R 187110919 187111016 98
ESACC,R 187110901 187111067 167 1594.3 1125.1 1130.9 995.7 7.79 494
SFIX,R 187111068
EFIX,R 187111068 187111192 125 1119.7 1019.2 3727
SSACC,R 187111193
ESACC,R 187111193 187111222 30 1115.1 1024.5 1473.6 1058.8 5.88 391
SFIX,R 187111223
EFIX,R 187111223 187111565 343 1482.9 1138.5 3488
SSACC,R 187111566
ESACC,R 187111566 187111643 78 1494.7 1201.8 1489.2 1189.5 0.21 893
SFIX,R 187111644
EFIX,R 187111644 187111816 173 1485.0 1154.0 3512
SSACC,R 187111817
ESACC,R 187111817 187111913 97 1489.6 1171.6 1483.6 1193.3 0.35 184
SFIX,R 187111914
EFIX,R 187111914 187112555 642 1467.7 1176.3 3453
SSACC,R 187112556
ESACC,R 187112556 187112658 103 1436.1 1174.2 1445.5 1277.9 1.62 643
SFIX,R 187112659
EFIX,R 187112659 187112704 46 1447.1 1224.4 4225
SSACC,R 187112705
ESACC,R 187112705 187112737 33 1441.4 1196.2 1411.1 989.8 3.31 195
SFIX,R 187112738
EFIX,R 187112738 187112876 139 1406.3 964.8 3452
SSACC,R 187112877
ESACC,R 187112877 187112904 28 1406.9 944.7 1523.3 1168.5 4.03 265
SFIX,R 187112905
EFIX,R 187112905 187113187 283 1535.0 1185.4 3387
SSACC,R 187113188
ESACC,R 187113188 187113252 65 1541.5 1196.2 1029.7 927.7 9.36 231
SFIX,R 187113253
EFIX,R 187113253 187113743 491 973.3 917.9 3274
SSACC,R 187113744
ESACC,R 187113744 187113768 25 963.9 933.2 837.8 812.4 2.90 225
SFIX,R 187113769
EFIX,R 187113769 187114054 286 823.4 811.1 2978
SSACC,R 187114055
ESACC,R 187114055 187114089 35 814.1 810.0 847.0 594.9 3.65 152
SFIX,R 187114090
EFIX,R 187114090 187114401 312 838.4 555.1 2841
SSACC,R 187114402
ESACC,R 187114402 187114450 49 832.5 552.5 1309.5 666.0 8.24 327
SFIX,R 187114451
EFIX,R 187114451 187115004 554 1326.2 689.0 2793
SSACC,R 187115005
SBLINK,R 187115025
EBLINK,R 187115025 187115105 81
ESACC,R 187115005 187115130 126 1321.9 704.0 1060.5 34.2 12.15 1078
SFIX,R 187115131
EFIX,R 187115131 187115391 261 1056.5 41.7 2287
SSACC,R 187115392
ESACC,R 187115392 187115437 46 1055.7 38.7 1140.6 630.8 10.16 332
SFIX,R 187115438
EFIX,R 187115438 187115570 133 1138.6 678.2 2715
SSACC,R 187115571
ESACC,R 187115571 187115590 20 1144.1 684.9 1168.1 608.1 1.35 81
SFIX,R 187115591
EFIX,R 187115591 187117198 1608 1172.5 594.3 2814
SSACC,R 187117199
ESACC,R 187117199 187117328 130 1173.0 573.8 235.6 1654.3 22.37 290
SFIX,R 187117329
EFIX,R 187117329 187117573 245 192.1 1687.3 3027
SSACC,R 187117574
ESACC,R 187117574 187117642 69 190.5 1695.6 1036.7 1015.7 16.75 378
SFIX,R 187117643
EFIX,R 187117643 187117904 262 1032.3 1003.5 3150
SSACC,R 187117905
ESACC,R 187117905 187117972 68 1029.5 1000.0 253.9 1809.3 17.10 533
SFIX,R 187117973
EFIX,R 187117973 187118476 504 247.6 1812.7 3258
SSACC,R 187118477
ESACC,R 187118477 187118557 81 254.6 1812.0 715.2 638.9 19.16 431
SFIX,R 187118558
EFIX,R 187118558 187122046 3489 691.0 668.7 2711
SSACC,R 187122047
SBLINK,R 187122082
EBLINK,R 187122082 187122395 314
ESACC,R 187122047 187122463 417 676.8 682.9 1057.6 909.5 7.39 1139
SFIX,R 187122464
EFIX,R 187122464 187123493 1030 1051.4 884.9 3040
SSACC,R 187123494
ESACC,R 187123494 187123524 31 1050.8 882.1 1185.9 823.2 2.46 114
SFIX,R 187123525
EFIX,R 187123525 187125947 2423 1269.4 837.6 2789
SSACC,R 187125948
SBLINK,R 187125972
EBLINK,R 187125972 187130119 4148
ESACC,R 187125948 187130252 4305 1264.2 847.9 1293.3 736.9 1.90 1188
SFIX,R 187130253
EFIX,R 187130253 187132512 2260 1281.6 711.3 3328
SSACC,R 187132513
ESACC,R 187132513 187132596 84 1278.4 732.4 355.5 319.1 16.81 322
SFIX,R 187132597
EFIX,R 187132597 187132985 389 342.5 320.5 3112
SSACC,R 187132986
SBLINK,R 187133038
EBLINK,R 187133038 187133117 80
ESACC,R 187132986 187133174 189 341.0 320.1 1400.7 991.2 20.60 1447
SFIX,R 187133175
EFIX,R 187133175 187133380 206 1387.7 995.9 3536
SSACC,R 187133381
ESACC,R 187133381 187133459 79 1384.8 1000.0 382.2 1162.5 16.39 322
SFIX,R 187133460
EFIX,R 187133460 187133623 164 362.1 1174.0 3822
SSACC,R 187133624
ESACC,R 187133624 187133676 53 370.0 1168.7 1394.4 1132.7 16.44 573
SFIX,R 187133677
EFIX,R 187133677 187133850 174 1426.4 1158.1 3687
SSACC,R 187133851
ESACC,R 187133851 187133871 21 1426.5 1159.3 1543.7 1161.4 1.88 186
SFIX,R 187133872
EFIX,R 187133872 187134064 193 1543.0 1162.5 3732
SSACC,R 187134065
ESACC,R 187134065 187134131 67 1547.0 1153.6 1965.2 1160.3 6.49 281
SFIX,R 187134132
EFIX,R 187134132 187134318 187 2062.3 1153.8 3626
SSACC,R 187134319
ESACC,R 187134319 187134351 33 2059.7 1166.8 1819.2 1128.2 3.70 204
SFIX,R 187134352
EFIX,R 187134352 187134647 296 1805.3 1128.6 3585
SSACC,R 187134648
ESACC,R 187134648 187134710 63 1801.6 1132.3 2081.8 58.6 17.58 646
SFIX,R 187134711
EFIX,R 187134711 187134976 266 2102.5 83.3 2990
SSACC,R 187134977
ESACC,R 187134977 187135045 69 2103.3 84.9 1367.8 659.6 15.06 390
SFIX,R 187135046
EFIX,R 187135046 187135636 591 1349.0 683.0 3153
SSACC,R 187135637
ESACC,R 187135637 187135669 33 1345.1 701.2 1526.6 1159.1 7.97 499
SFIX,R 187135670
EFIX,R 187135670 187135824 155 1537.1 1189.6 3031
SSACC,R 187135825
ESACC,R 187135825 187135848 24 1536.1 1186.3 1515.4 1067.4 1.90 149
SFIX,R 187135849
EFIX,R 187135849 187136490 642 1507.0 1059.0 3270
SSACC,R 187136491
ESACC,R 187136491 187136514 24 1507.5 1048.9 1539.1 1194.2 2.34 167
SFIX,R 187136515
EFIX,R 187136515 187136719 205 1536.0 1184.8 3397
SSACC,R 187136720
ESACC,R 187136720 187136734 15 1535.4 1184.9 1568.9 1145.6 0.81 84
SFIX,R 187136735
EFIX,R 187136735 187137366 632 1586.5 1142.0 3353
SSACC,R 187137367
SBLINK,R 187137384
EBLINK,R 187137384 187137570 187
ESACC,R 187137367 187137584 218 1587.3 1141.1 1605.7 1958.5 11.76 298
SFIX,R 187137585
EFIX,R 187137585 187138378 794 1614.3 1839.7 3367
SSACC,R 187138379
ESACC,R 187138379 187138427 49 1606.0 1828.7 1487.8 1355.6 7.05 308
SFIX,R 187138428
EFIX,R 187138428 187138674 247 1475.2 1377.8 3446
SSACC,R 187138675
ESACC,R 187138675 187138700 26 1473.0 1381.8 1569.3 1161.4 3.71 323
SFIX,R 187138701
EFIX,R 187138701 187139473 773 1568.3 1148.0 3373
SSACC,R 187139474
ESACC,R 187139474 187139542 69 1564.0 1153.8 870.4 449.0 16.20 395
SFIX,R 187139543
EFIX,R 187139543 187140230 688 813.2 468.4 2909
SSACC,R 187140231
ESACC,R 187140231 187140298 68 808.1 476.1 308.0 1656.8 19.98 579
SFIX,R 187140299
EFIX,R 187140299 187140576 278 310.5 1660.3 3011
SSACC,R 187140577
ESACC,R 187140577 187140620 44 312.6 1659.2 391.3 1210.6 6.77 252
SFIX,R 187140621
EFIX,R 187140621 187141800 1180 394.4 1178.9 3400
SSACC,R 187141801
ESACC,R 187141801 187141865 65 391.8 1172.7 -135.1 504.6 13.45 372
SFIX,R 187141866
EFIX,R 187141866 187142239 374 -156.2 511.1 3020
SSACC,R 187142240
ESACC,R 187142240 187142287 48 -164.9 512.1 -65.5 1371.5 13.34 565
SFIX,R 187142288
EFIX,R 187142288 187142999 712 -46.2 1376.7 3283
SSACC,R 187143000
SBLINK,R 187143021
EBLINK,R 187143021 187143155 135
ESACC,R 187143000 187143204 205 -33.9 1360.8 1256.8 1050.1 20.74 654
SFIX,R 187143205
EFIX,R 187143205 187144122 918 1226.9 1058.0 3405
SSACC,R 187144123
ESACC,R 187144123 187144175 53 1217.5 1060.0 1001.6 675.2 7.27 233
SFIX,R 187144176
EFIX,R 187144176 187145686 1511 973.6 671.8 3056
SSACC,R 187145687
ESACC,R 187145687 187145740 54 975.9 678.1 707.6 958.4 6.45 196
SFIX,R 187145741
EFIX,R 187145741 187147762 2022 690.7 964.1 3213
SSACC,R 187147763
SBLINK,R 187147785
EBLINK,R 187147785 187147958 174
ESACC,R 187147763 187148019 257 681.1 969.2 1649.6 1075.2 15.76 757
SFIX,R 187148020
EFIX,R 187148020 187148656 637 1635.0 1105.6 2929
SSACC,R 187148657
ESACC,R 187148657 187148676 20 1636.4 1089.4 1694.7 1031.3 1.30 80
SFIX,R 187148677
EFIX,R 187148677 187149129 453 1729.1 1025.3 3192
SSACC,R 187149130
ESACC,R 187149130 187149156 27 1731.9 1023.3 1599.0 949.0 2.42 146
SFIX,R 187149157
EFIX,R 187149157 187150758 1602 1516.7 913.2 3076
SSACC,R 187150759
ESACC,R 187150759 187150821 63 1515.9 930.6 2063.5 562.7 10.48 223
SFIX,R 187150822
EFIX,R 187150822 187151610 789 2115.4 507.1 2539
SSACC,R 187151611
ESACC,R 187151611 187151663 53 2112.0 498.9 1598.3 952.6 10.85 316
SFIX,R 187151664
EFIX,R 187151664 187152181 518 1580.4 1009.8 3143
SSACC,R 187152182
ESACC,R 187152182 187152209 28 1577.6 1017.2 1734.5 1270.0 4.65 346
SFIX,R 187152210
EFIX,R 187152210 187153045 836 1735.4 1275.3 3065
SSACC,R 187153046
ESACC,R 187153046 187153070 25 1734.3 1272.3 1827.4 1035.4 3.94 348
SFIX,R 187153071
EFIX,R 187153071 187153764 694 1827.8 1001.7 3024
SSACC,R 187153765
ESACC,R 187153765 187153801 37 1828.3 992.9 1359.2 787.3 8.23 457
SFIX,R 187153802
EFIX,R 187153802 187154568 767 1333.6 813.7 2794
SSACC,R 187154569
ESACC,R 187154569 187154594 26 1334.6 826.5 1384.0 608.8 3.71 273
SFIX,R 187154595
EFIX,R 187154595 187155075 481 1374.6 570.7 2535
SSACC,R 187155076
ESACC,R 187155076 187155126 51 1371.8 565.5 1152.0 1016.4 8.28 310
SFIX,R 187155127
EFIX,R 187155127 187155345 219 1099.1 1070.5 2842
SSACC,R 187155346
ESACC,R 187155346 187155369 24 1097.5 1073.1 1227.9 1112.4 2.23 179
SFIX,R 187155370
EFIX,R 187155370 187155747 378 1238.3 1104.9 2959
SSACC,R 187155748
ESACC,R 187155748 187155785 38 1244.3 1097.4 854.5 1158.7 6.45 318
SFIX,R 187155786
EFIX,R 187155786 187156624 839 837.3 1165.2 3304
SSACC,R 187156625
ESACC,R 187156625 187156653 29 839.4 1153.6 571.0 1018.4 4.89 327
SFIX,R 187156654
EFIX,R 187156654 187157834 1181 544.0 1020.7 3200
SSACC,R 187157835
SBLINK,R 187157857
EBLINK,R 187157857 187158095 239
ESACC,R 187157835 187158143 309 540.1 1025.6 983.2 967.5 7.35 783
SFIX,R 187158144
EFIX,R 187158144 187161066 2923 974.5 934.9 2991
SSACC,R 187161067
SBLINK,R 187161090
EBLINK,R 187161090 187161303 214
ESACC,R 187161067 187161357 291 972.4 937.8 1673.6 1195.4 12.04 952
SFIX,R 187161358
EFIX,R 187161358 187161847 490 1648.2 1168.9 2658
SSACC,R 187161848
ESACC,R 187161848 187161871 24 1644.6 1152.3 1491.3 1152.0 2.44 160
SFIX,R 187161872
EFIX,R 187161872 187162286 415 1472.2 1139.5 3220
SSACC,R 187162287
ESACC,R 187162287 187162301 15 1471.1 1134.6 1471.3 1091.2 0.69 55
SFIX,R 187162302
EFIX,R 187162302 187163216 915 1466.4 1088.3 3266
SSACC,R 187163217
ESACC,R 187163217 187163241 25 1468.5 1099.4 1512.7 1265.2 2.69 213
SFIX,R 187163242
EFIX,R 187163242 187163472 231 1507.8 1263.5 3169
SSACC,R 187163473
ESACC,R 187163473 187163481 9 1510.9 1256.4 1523.0 1237.8 0.35 44
SFIX,R 187163482
EFIX,R 187163482 187163820 339 1528.0 1230.1 3181
SSACC,R 187163821
ESACC,R 187163821 187163839 19 1525.1 1232.5 1464.8 1206.5 1.04 72
SFIX,R 187163840
EFIX,R 187163840 187163940 101 1436.8 1188.6 3197
SSACC,R 187163941
ESACC,R 187163941 187163956 16 1432.9 1187.1 1381.2 1189.9 0.83 64
SFIX,R 187163957
EFIX,R 187163957 187164703 747 1358.8 1176.6 3236
SSACC,R 187164704
ESACC,R 187164704 187164719 16 1357.1 1177.1 1393.3 1213.1 0.81 66
SFIX,R 187164720
EFIX,R 187164720 187165540 821 1415.5 1235.3 3160
SSACC,R 187165541
SBLINK,R 187165558
EBLINK,R 187165558 187173022 7465
ESACC,R 187165541 187173146 7606 1416.0 1252.4 1305.0 640.1 10.03 325
SFIX,R 187173147
EFIX,R 187173147 187174139 993 1285.3 638.6 3396
SSACC,R 187174140
ESACC,R 187174140 187174165 26 1275.6 656.9 1372.1 634.1 1.66 83
SFIX,R 187174166
EFIX,R 187174166 187175201 1036 1429.0 625.8 3045
SSACC,R 187175202
ESACC,R 187175202 187175233 32 1426.9 632.7 1603.9 613.2 2.93 122
SFIX,R 187175234
EFIX,R 187175234 187175651 418 1689.1 601.7 2730
SSACC,R 187175652
ESACC,R 187175652 187175681 30 1688.7 595.9 1836.4 672.3 2.68 126
SFIX,R 187175682
EFIX,R 187175682 187176443 762 1881.8 704.5 2846
SSACC,R 187176444
ESACC,R 187176444 187176494 51 1885.0 694.7 1982.9 -4.9 11.50 453
SFIX,R 187176495
EFIX,R 187176495 187177114 620 1976.9 -8.7 2598
SSACC,R 187177115
ESACC,R 187177115 187177140 26 1973.1 -5.4 2112.5 -113.3 2.77 207
SFIX,R 187177141
EFIX,R 187177141 187177394 254 2119.2 -137.5 2568
SSACC,R 187177395
SBLINK,R 187177434
EBLINK,R 187177434 187177550 117
ESACC,R 187177395 187177614 220 2122.1 -134.1 2024.9 516.4 10.61 1831
SFIX,R 187177615
EFIX,R 187177615 187177940 326 2007.4 604.0 2846
SSACC,R 187177941
ESACC,R 187177941 187177967 27 2004.8 624.6 1857.8 723.7 2.80 195
SFIX,R 187177968
EFIX,R 187177968 187178523 556 1839.7 717.3 2939
SSACC,R 187178524
ESACC,R 187178524 187178532 9 1846.8 714.6 1872.7 701.5 0.46 57
SFIX,R 187178533
EFIX,R 187178533 187178989 457 1883.4 694.9 2832
SSACC,R 187178990
ESACC,R 187178990 187179053 64 1881.0 696.1 877.0 221.0 18.22 527
SFIX,R 187179054
EFIX,R 187179054 187179152 99 866.1 215.3 3115
SSACC,R 187179153
ESACC,R 187179153 187179169 17 860.3 213.5 790.1 197.3 1.23 113
SFIX,R 187179170
EFIX,R 187179170 187179894 725 757.1 200.6 2386
SSACC,R 187179895
ESACC,R 187179895 187179935 41 746.5 196.9 1318.3 739.3 13.27 602
SFIX,R 187179936
EFIX,R 187179936 187180069 134 1332.1 774.9 2411
SSACC,R 187180070
ESACC,R 187180070 187180091 22 1332.7 772.8 1400.4 872.7 1.99 189
SFIX,R 187180092
EFIX,R 187180092 187180500 409 1400.3 867.5 2587
SSACC,R 187180501
ESACC,R 187180501 187180530 30 1402.1 858.6 1574.1 1202.0 6.14 427
SFIX,R 187180531
EFIX,R 187180531 187180783 253 1581.0 1208.2 2932
SSACC,R 187180784
ESACC,R 187180784 187180805 22 1583.8 1193.8 1515.0 1130.1 1.48 127
SFIX,R 187180806
EFIX,R 187180806 187181222 417 1502.7 1127.6 3231
SSACC,R 187181223
ESACC,R 187181223 187181251 29 1503.4 1124.9 1249.6 1091.0 4.15 288
SFIX,R 187181252
EFIX,R 187181252 187181441 190 1214.6 1083.6 3347
SSACC,R 187181442
ESACC,R 187181442 187181449 8 1215.5 1083.3 1240.1 1086.1 0.41 53
SFIX,R 187181450
EFIX,R 187181450 187181755 306 1239.5 1084.3 3345
SSACC,R 187181756
SBLINK,R 187181772
EBLINK,R 187181772 187181891 120
ESACC,R 187181756 187181932 177 1235.1 1100.8 1139.0 389.8 11.84 1089
SFIX,R 187181933
EFIX,R 187181933 187182933 1001 1116.4 416.6 2840
SSACC,R 187182934
ESACC,R 187182934 187182995 62 1109.5 425.6 1445.0 310.5 5.98 114
SFIX,R 187182996
EFIX,R 187182996 187183052 57 1479.2 311.5 2476
SSACC,R 187183053
ESACC,R 187183053 187183078 26 1480.8 310.5 1616.5 274.9 2.32 126
SFIX,R 187183079
EFIX,R 187183079 187183623 545 1660.0 253.7 2505
SSACC,R 187183624
ESACC,R 187183624 187183675 52 1657.2 246.1 821.2 207.5 13.95 514
SFIX,R 187183676
EFIX,R 187183676 187183816 141 812.7 208.7 2842
SSACC,R 187183817
ESACC,R 187183817 187183826 10 811.5 211.5 780.6 201.9 0.55 61
SFIX,R 187183827
EFIX,R 187183827 187184585 759 768.2 206.4 2560
SSACC,R 187184586
ESACC,R 187184586 187184622 37 764.3 215.4 1261.6 516.6 9.85 511
SFIX,R 187184623
EFIX,R 187184623 187188062 3440 1290.3 518.9 2630
SSACC,R 187188063
ESACC,R 187188063 187188127 65 1297.6 521.5 1622.1 630.1 5.67 191
SFIX,R 187188128
EFIX,R 187188128 187188217 90 1685.1 676.9 2482
SSACC,R 187188218
ESACC,R 187188218 187188270 53 1690.6 686.3 811.1 274.3 16.12 633
SFIX,R 187188271
EFIX,R 187188271 187188390 120 804.8 277.3 2479
SSACC,R 187188391
ESACC,R 187188391 187188408 18 805.6 275.9 768.3 214.9 1.22 111
SFIX,R 187188409
EFIX,R 187188409 187189091 683 766.4 216.2 2484
SSACC,R 187189092
ESACC,R 187189092 187189129 38 771.1 212.6 1271.1 659.9 11.34 572
SFIX,R 187189130
EFIX,R 187189130 187189268 139 1279.5 677.8 2664
SSACC,R 187189269
ESACC,R 187189269 187189287 19 1281.1 674.9 1295.8 756.3 1.38 137
SFIX,R 187189288
EFIX,R 187189288 187189691 404 1291.6 758.8 2605
SSACC,R 187189692
SBLINK,R 187189719
EBLINK,R 187189719 187189845 127
ESACC,R 187189692 187189897 206 1287.4 768.8 1600.9 1229.2 8.95 1146
SFIX,R 187189898
EFIX,R 187189898 187190274 377 1581.0 1262.0 2628
SSACC,R 187190275
ESACC,R 187190275 187190295 21 1579.1 1256.8 1498.8 1192.2 1.62 139
SFIX,R 187190296
EFIX,R 187190296 187190921 626 1492.6 1129.9 3470
SSACC,R 187190922
ESACC,R 187190922 187191008 87 1494.4 1117.3 805.6 430.9 15.99 391
SFIX,R 187191009
EFIX,R 187191009 187191361 353 776.7 472.0 3143
SSACC,R 187191362
ESACC,R 187191362 187191437 76 768.6 497.4 1349.0 1010.2 12.85 262
SFIX,R 187191438
EFIX,R 187191438 187191768 331 1354.5 1037.8 2963
SSACC,R 187191769
ESACC,R 187191769 187191792 24 1356.2 1036.2 1448.1 1135.2 2.17 164
SFIX,R 187191793
EFIX,R 187191793 187192371 579 1458.7 1134.5 3159
SSACC,R 187192372
ESACC,R 187192372 187192411 40 1462.9 1133.5 1461.4 996.0 2.19 108
SFIX,R 187192412
EFIX,R 187192412 187192568 157 1462.9 1003.1 3202
SSACC,R 187192569
ESACC,R 187192569 187192593 25 1463.9 1009.9 1513.7 1164.2 2.57 184
SFIX,R 187192594
EFIX,R 187192594 187192828 235 1517.4 1163.5 3179
SSACC,R 187192829
ESACC,R 187192829 187192885 57 1518.8 1150.5 852.3 168.1 19.50 604
SFIX,R 187192886
EFIX,R 187192886 187193008 123 841.5 169.5 3127
SSACC,R 187193009
ESACC,R 187193009 187193023 15 839.9 169.3 787.1 205.0 1.09 103
SFIX,R 187193024
EFIX,R 187193024 187193808 785 752.5 228.9 2309
SSACC,R 187193809
ESACC,R 187193809 187193835 27 748.3 231.7 853.6 444.9 4.06 293
SFIX,R 187193836
EFIX,R 187193836 187195484 1649 855.8 457.1 2559
SSACC,R 187195485
ESACC,R 187195485 187195563 79 858.2 463.6 1410.6 1153.2 14.52 332
SFIX,R 187195564
EFIX,R 187195564 187195981 418 1417.8 1160.4 2652
SSACC,R 187195982
ESACC,R 187195982 187196002 21 1424.3 1150.6 1488.0 1197.1 1.25 95
SFIX,R 187196003
EFIX,R 187196003 187196434 432 1492.2 1186.6 2918
SSACC,R 187196435
ESACC,R 187196435 187196453 19 1492.6 1164.8 1542.8 1236.1 1.37 76
SFIX,R 187196454
EFIX,R 187196454 187197116 663 1541.1 1242.8 3102
SSACC,R 187197117
ESACC,R 187197117 187197135 19 1537.6 1251.4 1627.8 1231.8 1.45 113
SFIX,R 187197136
EFIX,R 187197136 187197253 118 1632.1 1235.0 3027
SSACC,R 187197254
ESACC,R 187197254 187197298 45 1633.3 1231.8 1809.7 1969.8 10.80 520
SFIX,R 187197299
EFIX,R 187197299 187197492 194 1803.7 1987.0 2936
SSACC,R 187197493
ESACC,R 187197493 187197567 75 1803.2 1976.9 959.1 246.7 28.91 757
SFIX,R 187197568
EFIX,R 187197568 187197679 112 954.1 258.4 3046
SSACC,R 187197680
ESACC,R 187197680 187197702 23 951.2 256.2 793.5 226.8 2.73 259
SFIX,R 187197703
EFIX,R 187197703 187198317 615 755.9 215.9 2354
SSACC,R 187198318
ESACC,R 187198318 187198349 32 748.8 210.3 852.2 544.2 5.96 359
SFIX,R 187198350
EFIX,R 187198350 187198808 459 853.3 549.6 2593
SSACC,R 187198809
ESACC,R 187198809 187198886 78 858.0 543.5 1462.2 681.6 10.37 182
SFIX,R 187198887
EFIX,R 187198887 187199507 621 1468.2 686.7 2880
SSACC,R 187199508
SBLINK,R 187199536
EBLINK,R 187199536 187199677 142
ESACC,R 187199508 187199743 236 1470.0 677.0 1930.9 820.3 7.73 1562
SFIX,R 187199744
EFIX,R 187199744 187200031 288 1914.1 889.0 2682
SSACC,R 187200032
ESACC,R 187200032 187200078 47 1908.2 908.1 2207.6 895.0 4.52 117
SFIX,R 187200079
EFIX,R 187200079 187200290 212 2272.8 895.9 2726
SSACC,R 187200291
ESACC,R 187200291 187200338 48 2275.8 883.0 2113.6 658.4 4.26 192
SFIX,R 187200339
EFIX,R 187200339 187200575 237 2107.5 673.6 2870
SSACC,R 187200576
ESACC,R 187200576 187200747 172 2105.3 676.7 2383.5 953.6 5.93 590
SFIX,R 187200748
EFIX,R 187200748 187200974 227 2385.0 977.5 2969
SSACC,R 187200975
ESACC,R 187200975 187201295 321 2380.5 990.7 1763.9 1017.7 9.20 516
SFIX,R 187201296
EFIX,R 187201296 187202193 898 1748.3 1031.4 3021
SSACC,R 187202194
ESACC,R 187202194 187202268 75 1745.5 1027.8 639.0 637.0 19.04 421
SFIX,R 187202269
EFIX,R 187202269 187202409 141 620.8 641.7 3309
SSACC,R 187202410
ESACC,R 187202410 187202441 32 607.4 645.1 800.0 229.6 7.76 538
SFIX,R 187202442
EFIX,R 187202442 187203277 836 768.8 231.7 2431
SSACC,R 187203278
ESACC,R 187203278 187203311 34 764.3 240.1 1257.3 625.7 10.58 605
SFIX,R 187203312
EFIX,R 187203312 187204288 977 1284.7 648.5 2569
SSACC,R 187204289
ESACC,R 187204289 187204342 54 1286.7 651.9 902.7 1099.8 9.71 253
SFIX,R 187204343
EFIX,R 187204343 187204733 391 883.3 1129.9 2803
SSACC,R 187204734
ESACC,R 187204734 187204764 31 888.3 1130.7 552.2 1047.8 5.65 397
SFIX,R 187204765
EFIX,R 187204765 187205098 334 531.6 1046.1 3016
SSACC,R 187205099
ESACC,R 187205099 187205146 48 531.4 1050.6 479.0 458.9 9.76 404
SFIX,R 187205147
EFIX,R 187205147 187205707 561 468.4 449.0 2763
SSACC,R 187205708
SBLINK,R 187205737
EBLINK,R 187205737 187205836 100
ESACC,R 187205708 187205884 177 468.1 444.4 -40.2 253.7 8.79 1273
SFIX,R 187205885
EFIX,R 187205885 187206219 335 -41.5 245.4 2451
SSACC,R 187206220
ESACC,R 187206220 187206248 29 -57.0 251.8 102.5 -3.7 4.91 368
SFIX,R 187206249
EFIX,R 187206249 187206740 492 126.2 -1.5 2758
SSACC,R 187206741
ESACC,R 187206741 187206808 68 130.3 -8.1 749.7 665.1 15.16 477
SFIX,R 187206809
EFIX,R 187206809 187206865 57 744.3 671.6 3144
SSACC,R 187206866
ESACC,R 187206866 187206906 41 743.2 676.0 681.8 142.7 9.09 414
SFIX,R 187206907
EFIX,R 187206907 187206985 79 678.5 137.4 2770
SSACC,R 187206986
ESACC,R 187206986 187207007 22 674.7 138.7 769.7 219.1 2.12 193
SFIX,R 187207008
EFIX,R 187207008 187207976 969 763.9 226.7 2325
SSACC,R 187207977
ESACC,R 187207977 187208033 57 759.7 228.1 1055.9 737.8 9.97 325
SFIX,R 187208034
EFIX,R 187208034 187209370 1337 1073.1 752.5 2615
SSACC,R 187209371
ESACC,R 187209371 187209387 17 1073.9 753.4 1038.7 720.1 0.81 57
SFIX,R 187209388
EFIX,R 187209388 187209723 336 992.1 690.9 2581
SSACC,R 187209724
SBLINK,R 187209749
EBLINK,R 187209749 187209883 135
ESACC,R 187209724 187209932 209 992.2 691.5 946.7 678.2 0.80 1086
SFIX,R 187209933
EFIX,R 187209933 187210690 758 931.7 676.0 2674
SSACC,R 187210691
ESACC,R 187210691 187210802 112 928.7 671.3 46.2 1700.4 20.91 320
SFIX,R 187210803
EFIX,R 187210803 187211100 298 45.9 1705.0 2685
SSACC,R 187211101
ESACC,R 187211101 187211159 59 49.1 1704.4 751.2 452.3 22.13 783
SFIX,R 187211160
EFIX,R 187211160 187211263 104 744.0 441.2 2715
SSACC,R 187211264
ESACC,R 187211264 187211288 25 741.2 430.6 779.2 220.4 3.65 335
SFIX,R 187211289
EFIX,R 187211289 187211814 526 775.1 224.3 2471
SSACC,R 187211815
ESACC,R 187211815 187211850 36 776.5 235.7 1279.1 434.5 9.16 514
SFIX,R 187211851
EFIX,R 187211851 187212022 172 1291.8 443.2 2510
SSACC,R 187212023
ESACC,R 187212023 187212028 6 1295.5 440.4 1303.1 423.8 0.31 47
SFIX,R 187212029
EFIX,R 187212029 187213220 1192 1292.5 430.0 2543
SSACC,R 187213221
ESACC,R 187213221 187213280 60 1288.7 444.0 1592.6 494.8 5.12 114
SFIX,R 187213281
EFIX,R 187213281 187213548 268 1631.4 507.9 2327
SSACC,R 187213549
ESACC,R 187213549 187213617 69 1632.0 507.7 2068.7 413.2 7.08 140
SFIX,R 187213618
EFIX,R 187213618 187214072 455 2077.9 402.6 2262
SSACC,R 187214073
ESACC,R 187214073 187214145 73 2080.9 394.7 1749.5 948.5 10.29 266
SFIX,R 187214146
EFIX,R 187214146 187214379 234 1738.3 957.7 2727
SSACC,R 187214380
ESACC,R 187214380 187214404 25 1737.2 967.1 1841.5 888.0 2.07 115
SFIX,R 187214405
EFIX,R 187214405 187216166 1762 1864.0 849.8 2661
SSACC,R 187216167
ESACC,R 187216167 187216202 36 1863.0 848.5 1772.3 1033.9 3.27 145
SFIX,R 187216203
EFIX,R 187216203 187216719 517 1711.2 1101.6 2861
SSACC,R 187216720
ESACC,R 187216720 187216806 87 1701.4 1099.0 317.6 1875.8 23.95 505
SFIX,R 187216807
EFIX,R 187216807 187217220 414 321.8 1849.1 3366
SSACC,R 187217221
SBLINK,R 187217298
EBLINK,R 187217298 187217492 195
ESACC,R 187217221 187217584 364 349.0 1783.5 -38.2 141.8 25.41 1140
SFIX,R 187217585
EFIX,R 187217585 187217628 44 -21.1 146.5 867
SSACC,R 187217629
ESACC,R 187217629 187217717 89 -21.5 133.9 451.4 265.3 7.95 308
SFIX,R 187217718
EFIX,R 187217718 187217808 91 453.0 265.4 3649
SSACC,R 187217809
ESACC,R 187217809 187217823 15 461.6 270.0 487.6 238.5 0.69 59
SFIX,R 187217824
EFIX,R 187217824 187217848 25 491.3 230.6 3572
SSACC,R 187217849
ESACC,R 187217849 187217879 31 502.4 215.6 486.5 260.8 0.81 120
SFIX,R 187217880
EFIX,R 187217880 187218266 387 435.2 264.5 3290
SSACC,R 187218267
ESACC,R 187218267 187218322 56 414.4 243.7 -106.5 273.7 8.36 218
SFIX,R 187218323
EFIX,R 187218323 187218682 360 -105.7 282.5 3288
SSACC,R 187218683
ESACC,R 187218683 187218734 52 -88.0 261.0 -89.4 264.5 0.06 159
SFIX,R 187218735
EFIX,R 187218735 187219269 535 -119.8 279.2 3396
SSACC,R 187219270
SBLINK,R 187219312
EBLINK,R 187219312 187219312 1
ESACC,R 187219270 187219389 120 -110.1 273.4 -443.2 -330.1 10.81 306
SFIX,R 187219390
EFIX,R 187219390 187219433 44 -445.3 -330.9 2899
SSACC,R 187219434
ESACC,R 187219434 187219452 19 -448.5 -332.9 -549.9 -465.2 2.49 310
SFIX,R 187219453
EFIX,R 187219453 187219611 159 -578.5 -494.1 2772
SSACC,R 187219612
SBLINK,R 187219673
EBLINK,R 187219673 187219716 44
ESACC,R 187219612 187219785 174 -601.0 -518.1 -179.2 33.4 10.55 1493
SFIX,R 187219786
EFIX,R 187219786 187220206 421 -260.7 151.1 3150
SSACC,R 187220207
ESACC,R 187220207 187220240 34 -250.7 165.5 -86.6 211.7 2.62 126
SFIX,R 187220241
EFIX,R 187220241 187220532 292 -70.4 204.8 3322
SSACC,R 187220533
ESACC,R 187220533 187220598 66 -90.5 199.1 687.1 168.6 12.60 338
SFIX,R 187220599
EFIX,R 187220599 187221083 485 691.1 180.9 3211
SSACC,R 187221084
ESACC,R 187221084 187221156 73 692.3 186.5 63.3 446.4 11.20 209
SFIX,R 187221157
EFIX,R 187221157 187221498 342 70.4 463.3 3166
SSACC,R 187221499
ESACC,R 187221499 187221541 43 92.0 451.8 98.9 458.4 0.15 67
SFIX,R 187221542
EFIX,R 187221542 187221872 331 91.3 446.1 3278
SSACC,R 187221873
ESACC,R 187221873 187221892 20 104.3 414.3 101.8 427.4 0.22 74
SFIX,R 187221893
EFIX,R 187221893 187221976 84 107.8 436.7 3342
SSACC,R 187221977
ESACC,R 187221977 187222002 26 101.9 444.2 101.2 440.5 0.06 70
SFIX,R 187222003
EFIX,R 187222003 187222048 46 82.8 454.2 3431
SSACC,R 187222049
SBLINK,R 187222112
EBLINK,R 187222112 187225176 3065
ESACC,R 187222049 187225185 3137 77.4 450.4 764.1 449.6 11.27 330
SFIX,R 187225186
EFIX,R 187225186 187225233 48 806.8 305.5 3314
SSACC,R 187225234
ESACC,R 187225234 187225311 78 806.3 313.2 1184.8 826.5 10.73 198
SFIX,R 187225312
EFIX,R 187225312 187226485 1174 1177.6 867.9 3636
SSACC,R 187226486
ESACC,R 187226486 187226552 67 1160.5 863.2 1360.5 623.9 5.19 196
SFIX,R 187226553
EFIX,R 187226553 187226661 109 1367.2 648.7 3460
SSACC,R 187226662
SBLINK,R 187226672
EBLINK,R 187226672 187226751 80
ESACC,R 187226662 187226760 99 1160.5 863.2 1360.5 623.9 5.20 0
SFIX,R 187226761
EFIX,R 187226761 187226799 39 1365.5 645.1 3300
SSACC,R 187226800
SBLINK,R 187226890
EBLINK,R 187226890 187226917 28
ESACC,R 187226800 187226979 180 1361.3 625.6 1381.7 1182.1 9.03 293
SFIX,R 187226980
EFIX,R 187226980 187227198 219 1360.7 1081.8 3585
SSACC,R 187227199
SBLINK,R 187227267
EBLINK,R 187227267 187232296 5030
ESACC,R 187227199 187232327 5129 1366.0 1080.8 99.1 1134.1 20.11 514
SFIX,R 187232328
EFIX,R 187232328 187232490 163 81.7 1094.8 3833
SSACC,R 187232491
ESACC,R 187232491 187232546 56 71.3 1090.5 1204.0 1045.2 18.07 637
SFIX,R 187232547
EFIX,R 187232547 187232730 184 1230.3 1048.8 3808
SSACC,R 187232731
ESACC,R 187232731 187232756 26 1228.4 1043.6 1459.1 1137.6 4.04 344
SFIX,R 187232757
EFIX,R 187232757 187233148 392 1460.8 1152.4 3734
SSACC,R 187233149
ESACC,R 187233149 187233220 72 1454.9 1154.0 394.7 765.1 18.30 421
SFIX,R 187233221
EFIX,R 187233221 187233573 353 356.5 761.6 3286
SSACC,R 187233574
ESACC,R 187233574 187233630 57 338.9 753.3 -60.1 -12.3 14.08 515
SFIX,R 187233631
EFIX,R 187233631 187234895 1265 -60.7 5.6 2724
SSACC,R 187234896
ESACC,R 187234896 187234938 43 -72.3 7.5 666.8 167.3 12.27 557
SFIX,R 187234939
EFIX,R 187234939 187235098 160 692.6 177.9 2927
SSACC,R 187235099
ESACC,R 187235099 187235116 18 693.6 177.8 767.8 162.9 1.28 125
SFIX,R 187235117
EFIX,R 187235117 187235547 431 755.0 160.9 2678
SSACC,R 187235548
ESACC,R 187235548 187235579 32 751.1 163.8 940.1 576.9 7.73 493
SFIX,R 187235580
EFIX,R 187235580 187236867 1288 953.2 625.2 2917
SSACC,R 187236868
ESACC,R 187236868 187236936 69 957.8 625.9 209.8 862.9 12.89 289
SFIX,R 187236937
EFIX,R 187236937 187237095 159 201.2 847.1 3232
SSACC,R 187237096
ESACC,R 187237096 187237173 78 200.9 862.6 378.6 488.7 6.79 319
SFIX,R 187237174
EFIX,R 187237174 187237261 88 418.9 438.9 2805
SSACC,R 187237262
SBLINK,R 187237278
EBLINK,R 187237278 187237609 332
ESACC,R 187237262 187237656 395 467.6 410.2 200.7 851.5 8.49 398
SFIX,R 187237657
EFIX,R 187237657 187238103 447 202.1 848.0 3610
SSACC,R 187238104
ESACC,R 187238104 187238167 64 204.7 836.3 1411.3 1161.0 20.03 584
SFIX,R 187238168
EFIX,R 187238168 187238207 40 1412.0 1168.1 3721
SSACC,R 187238208
ESACC,R 187238208 187238213 6 1411.6 1162.8 1405.2 1140.0 0.37 49
SFIX,R 187238214
EFIX,R 187238214 187238607 394 1413.1 1135.3 3444
SSACC,R 187238608
ESACC,R 187238608 187238640 33 1420.2 1137.6 1585.2 1107.9 2.69 167
SFIX,R 187238641
EFIX,R 187238641 187239193 553 1592.2 1125.3 3419
SSACC,R 187239194
ESACC,R 187239194 187239212 19 1590.5 1125.6 1515.5 1079.4 1.40 128
SFIX,R 187239213
EFIX,R 187239213 187239654 442 1516.0 1098.1 3428
SSACC,R 187239655
SBLINK,R 187239674
EBLINK,R 187239674 187239824 151
ESACC,R 187239655 187239917 263 1514.8 1115.9 2260.9 466.5 15.42 627
SFIX,R 187239918
EFIX,R 187239918 187239940 23 2252.6 484.7 2991
SSACC,R 187239941
ESACC,R 187239941 187240027 87 2254.4 483.5 1616.7 996.7 12.77 233
SFIX,R 187240028
EFIX,R 187240028 187240323 296 1609.8 1019.9 3088
SSACC,R 187240324
ESACC,R 187240324 187240349 26 1607.4 1024.4 1465.5 1143.6 2.96 219
SFIX,R 187240350
EFIX,R 187240350 187240416 67 1466.5 1147.2 3211
SSACC,R 187240417
ESACC,R 187240417 187240436 20 1468.9 1148.9 1519.8 1064.1 1.57 146
SFIX,R 187240437
EFIX,R 187240437 187241305 869 1525.6 1067.1 3230
SSACC,R 187241306
ESACC,R 187241306 187241320 15 1516.6 1066.8 1463.4 1090.2 0.93 78
SFIX,R 187241321
EFIX,R 187241321 187241614 294 1454.1 1083.3 3436
SSACC,R 187241615
ESACC,R 187241615 187241683 69 1450.6 1089.9 791.8 717.9 12.43 271
SFIX,R 187241684
EFIX,R 187241684 187243697 2014 718.4 734.5 3034
SSACC,R 187243698
ESACC,R 187243698 187243792 95 707.9 759.3 -201.5 1140.6 15.49 257
SFIX,R 187243793
EFIX,R 187243793 187243842 50 -209.1 1129.9 3467
SSACC,R 187243843
ESACC,R 187243843 187243922 80 -205.3 1111.2 -90.5 544.3 9.07 695
SFIX,R 187243923
EFIX,R 187243923 187243967 45 -90.2 604.3 2456
SSACC,R 187243968
ESACC,R 187243968 187244080 113 -95.6 590.7 1288.1 909.0 22.68 545
SFIX,R 187244081
EFIX,R 187244081 187244279 199 1279.0 916.4 3619
SSACC,R 187244280
ESACC,R 187244280 187244308 29 1276.1 908.6 1514.3 1069.5 4.67 345
SFIX,R 187244309
EFIX,R 187244309 187244780 472 1513.0 1095.3 3524
SSACC,R 187244781
ESACC,R 187244781 187244845 65 1518.8 1119.0 898.9 204.5 18.18 518
SFIX,R 187244846
EFIX,R 187244846 187244964 119 884.3 206.3 3404
SSACC,R 187244965
ESACC,R 187244965 187244983 19 877.1 207.7 800.8 182.3 1.37 123
SFIX,R 187244984
EFIX,R 187244984 187245304 321 773.5 178.9 2896
SSACC,R 187245305
ESACC,R 187245305 187245365 61 763.2 182.4 1463.9 1237.8 20.68 638
SFIX,R 187245366
EFIX,R 187245366 187245525 160 1463.2 1229.1 3085
SSACC,R 187245526
ESACC,R 187245526 187245555 30 1466.6 1222.9 1666.5 1192.8 3.20 213
SFIX,R 187245556
EFIX,R 187245556 187246612 1057 1681.8 1171.7 3437
SSACC,R 187246613
ESACC,R 187246613 187246630 18 1690.0 1189.8 1756.9 1151.5 1.20 125
SFIX,R 187246631
EFIX,R 187246631 187246987 357 1741.0 1180.9 3264
SSACC,R 187246988
ESACC,R 187246988 187247004 17 1729.5 1199.2 1791.3 1182.5 0.99 102
SFIX,R 187247005
EFIX,R 187247005 187247370 366 1760.4 1216.0 3075
SSACC,R 187247371
ESACC,R 187247371 187247386 16 1731.9 1237.0 1771.1 1283.1 0.93 88
SFIX,R 187247387
EFIX,R 187247387 187247615 229 1757.7 1286.1 2922
SSACC,R 187247616
ESACC,R 187247616 187247636 21 1756.4 1291.1 1707.8 1174.1 1.94 193
SFIX,R 187247637
EFIX,R 187247637 187248068 432 1697.6 1178.9 2920
SSACC,R 187248069
ESACC,R 187248069 187248099 31 1693.5 1184.5 1386.1 1205.5 4.89 311
SFIX,R 187248100
EFIX,R 187248100 187248203 104 1371.8 1213.6 2719
SSACC,R 187248204
ESACC,R 187248204 187248234 31 1364.8 1218.9 956.3 1219.0 6.62 454
SFIX,R 187248235
EFIX,R 187248235 187248726 492 944.8 1227.9 2965
SSACC,R 187248727
ESACC,R 187248727 187248736 10 964.2 1217.7 931.4 1220.7 0.54 60
SFIX,R 187248737
EFIX,R 187248737 187248872 136 934.4 1220.9 3096
SSACC,R 187248873
ESACC,R 187248873 187248914 42 936.7 1218.9 1805.7 1171.2 13.81 682
SFIX,R 187248915
EFIX,R 187248915 187249610 696 1785.2 1174.1 2892
SSACC,R 187249611
ESACC,R 187249611 187249643 33 1774.6 1155.4 1372.3 1140.3 6.39 358
SFIX,R 187249644
EFIX,R 187249644 187249806 163 1353.2 1134.1 3482
SSACC,R 187249807
ESACC,R 187249807 187249853 47 1349.0 1131.0 808.5 222.1 17.44 708
SFIX,R 187249854
EFIX,R 187249854 187250009 156 792.8 224.5 3259
SSACC,R 187250010
ESACC,R 187250010 187250015 6 784.1 223.0 790.4 204.8 0.33 52
SFIX,R 187250016
EFIX,R 187250016 187250151 136 783.3 210.3 2694
SSACC,R 187250152
ESACC,R 187250152 187250204 53 780.5 211.9 1057.9 1249.3 17.55 651
SFIX,R 187250205
EFIX,R 187250205 187250400 196 1058.3 1257.5 2383
SSACC,R 187250401
ESACC,R 187250401 187250439 39 1056.3 1262.8 1774.4 1260.7 11.35 608
SFIX,R 187250440
EFIX,R 187250440 187251425 986 1771.3 1219.8 2776
SSACC,R 187251426
ESACC,R 187251426 187251441 16 1764.2 1207.7 1733.4 1270.4 1.07 95
SFIX,R 187251442
EFIX,R 187251442 187251598 157 1720.9 1271.5 2839
SSACC,R 187251599
ESACC,R 187251599 187251618 20 1718.4 1272.4 1783.2 1177.9 1.76 168
SFIX,R 187251619
EFIX,R 187251619 187251937 319 1777.5 1179.6 2746
SSACC,R 187251938
SBLINK,R 187251964
EBLINK,R 187251964 187252035 72
ESACC,R 187251938 187252080 143 1775.4 1175.7 -479.9 164.7 37.22 1102
SFIX,R 187252081
EFIX,R 187252081 187252180 100 -497.7 150.0 2496
SSACC,R 187252181
ESACC,R 187252181 187252214 34 -525.4 129.2 -492.5 163.5 0.72 63
SFIX,R 187252215
EFIX,R 187252215 187252329 115 -505.2 152.1 2332
SSACC,R 187252330
ESACC,R 187252330 187252342 13 -513.2 139.3 -501.3 154.8 0.30 64
SFIX,R 187252343
EFIX,R 187252343 187252368 26 -508.0 145.0 2409
SSACC,R 187252369
ESACC,R 187252369 187252379 11 -519.0 131.3 -497.5 152.4 0.45 70
SFIX,R 187252380
EFIX,R 187252380 187252566 187 -506.0 139.5 2545
SSACC,R 187252567
SBLINK,R 187252590
EBLINK,R 187252590 187253281 692
ESACC,R 187252567 187253316 750 -496.5 142.8 733.5 1058.7 23.82 1409
SFIX,R 187253317
EFIX,R 187253317 187253601 285 713.0 1046.2 3154
SSACC,R 187253602
SBLINK,R 187253674
EBLINK,R 187253674 187253772 99
ESACC,R 187253602 187253781 180 706.2 1039.2 -658.6 254.6 23.95 638
SFIX,R 187253782
EFIX,R 187253782 187253845 64 -1136.2 -98.2 2393
SSACC,R 187253846
ESACC,R 187253846 187253905 60 -1132.5 -91.6 665.3 286.4 26.25 1403
SFIX,R 187253906
EFIX,R 187253906 187254038 133 659.0 291.7 2717
SSACC,R 187254039
ESACC,R 187254039 187254061 23 660.6 287.9 783.9 205.7 2.52 245
SFIX,R 187254062
EFIX,R 187254062 187254115 54 787.0 207.3 2707
SSACC,R 187254116
ESACC,R 187254116 187254172 57 787.3 205.8 1690.6 1301.2 22.94 776
SFIX,R 187254173
EFIX,R 187254173 187254330 158 1685.7 1299.7 2406
SSACC,R 187254331
ESACC,R 187254331 187254349 19 1681.8 1298.2 1727.5 1220.7 1.38 128
SFIX,R 187254350
EFIX,R 187254350 187254726 377 1724.4 1214.6 2575
SSACC,R 187254727
ESACC,R 187254727 187254745 19 1732.4 1221.3 1711.1 1178.2 0.74 89
SFIX,R 187254746
EFIX,R 187254746 187255140 395 1731.9 1195.6 2724
SSACC,R 187255141
ESACC,R 187255141 187255149 9 1740.7 1206.2 1719.4 1180.7 0.51 62
SFIX,R 187255150
EFIX,R 187255150 187255378 229 1720.7 1193.1 2542
SSACC,R 187255379
ESACC,R 187255379 187255406 28 1723.0 1198.2 1392.9 1216.0 5.23 399
SFIX,R 187255407
EFIX,R 187255407 187255582 176 1365.7 1223.8 2654
SSACC,R 187255583
ESACC,R 187255583 187255612 30 1368.2 1221.5 942.7 1233.2 6.89 478
SFIX,R 187255613
EFIX,R 187255613 187256016 404 919.3 1231.7 3068
SSACC,R 187256017
ESACC,R 187256017 187256053 37 920.8 1223.7 1626.4 1222.2 11.29 635
SFIX,R 187256054
EFIX,R 187256054 187256401 348 1639.6 1233.9 2908
SSACC,R 187256402
ESACC,R 187256402 187256421 20 1639.3 1228.0 1715.1 1191.7 1.31 137
SFIX,R 187256422
EFIX,R 187256422 187256860 439 1712.9 1201.6 2937
SSACC,R 187256861
ESACC,R 187256861 187256889 29 1713.6 1219.7 1387.8 1246.2 5.16 372
SFIX,R 187256890
EFIX,R 187256890 187257183 294 1354.0 1255.7 2797
SSACC,R 187257184
ESACC,R 187257184 187257203 20 1347.5 1261.2 1408.9 1183.8 1.56 151
SFIX,R 187257204
EFIX,R 187257204 187257536 333 1411.7 1181.9 2907
SSACC,R 187257537
ESACC,R 187257537 187257565 29 1412.2 1167.4 1714.0 1218.8 4.85 349
SFIX,R 187257566
EFIX,R 187257566 187257816 251 1725.9 1226.4 2769
SSACC,R 187257817
ESACC,R 187257817 187257887 71 1725.9 1229.3 774.1 195.6 22.78 602
SFIX,R 187257888
EFIX,R 187257888 187258043 156 755.7 192.9 2477
SSACC,R 187258044
ESACC,R 187258044 187258049 6 744.8 191.0 758.1 203.7 0.31 49
SFIX,R 187258050
EFIX,R 187258050 187258429 380 748.6 204.7 1900
SSACC,R 187258430
ESACC,R 187258430 187258465 36 736.1 199.7 980.2 802.0 10.96 600
SFIX,R 187258466
EFIX,R 187258466 187258595 130 978.3 810.3 1859
SSACC,R 187258596
ESACC,R 187258596 187258606 11 979.4 811.1 961.5 773.5 0.69 75
SFIX,R 187258607
EFIX,R 187258607 187258772 166 959.3 768.0 2011
SSACC,R 187258773
ESACC,R 187258773 187258805 33 958.2 773.6 835.9 1273.1 8.29 468
SFIX,R 187258806
EFIX,R 187258806 187258983 178 831.5 1290.5 2302
SSACC,R 187258984
ESACC,R 187258984 187259025 42 836.9 1286.9 1661.9 1274.0 13.11 641
SFIX,R 187259026
EFIX,R 187259026 187259188 163 1672.2 1270.6 2404
SSACC,R 187259189
ESACC,R 187259189 187259202 14 1675.6 1261.8 1718.1 1222.8 0.89 79
SFIX,R 187259203
EFIX,R 187259203 187259607 405 1716.0 1215.6 2647
SSACC,R 187259608
ESACC,R 187259608 187259623 16 1718.1 1204.2 1777.1 1216.7 0.94 92
SFIX,R 187259624
EFIX,R 187259624 187260017 394 1778.1 1214.7 2626
SSACC,R 187260018
ESACC,R 187260018 187260034 17 1776.5 1207.2 1845.4 1220.6 1.08 101
SFIX,R 187260035
EFIX,R 187260035 187260593 559 1846.2 1242.6 2615
SSACC,R 187260594
ESACC,R 187260594 187260617 24 1832.9 1262.5 1646.8 1220.5 2.96 213
SFIX,R 187260618
EFIX,R 187260618 187260663 46 1599.4 1217.8 2657
SSACC,R 187260664
ESACC,R 187260664 187260689 26 1581.5 1217.8 1381.6 1229.5 3.19 231
SFIX,R 187260690
EFIX,R 187260690 187260836 147 1373.9 1230.2 2772
SSACC,R 187260837
ESACC,R 187260837 187260867 31 1376.9 1225.7 881.5 1251.9 8.02 529
SFIX,R 187260868
EFIX,R 187260868 187261024 157 846.0 1267.5 2999
SSACC,R 187261025
ESACC,R 187261025 187261085 61 843.0 1267.6 -175.4 1226.5 15.74 435
SFIX,R 187261086
EFIX,R 187261086 187261240 155 -178.0 1225.1 2954
SSACC,R 187261241
ESACC,R 187261241 187261306 66 -177.1 1227.6 1555.5 1203.1 26.49 969
SFIX,R 187261307
EFIX,R 187261307 187261414 108 1568.3 1205.5 2863
SSACC,R 187261415
ESACC,R 187261415 187261436 22 1571.5 1204.3 1703.6 1205.2 2.08 187
SFIX,R 187261437
EFIX,R 187261437 187261695 259 1717.0 1203.1 2822
SSACC,R 187261696
ESACC,R 187261696 187261721 26 1725.6 1208.4 1485.1 1242.7 3.82 318
SFIX,R 187261722
EFIX,R 187261722 187262010 289 1461.2 1240.3 3034
SSACC,R 187262011
ESACC,R 187262011 187262031 21 1462.6 1229.6 1396.7 1169.2 1.42 136
SFIX,R 187262032
EFIX,R 187262032 187262539 508 1389.4 1176.8 3041
SSACC,R 187262540
ESACC,R 187262540 187262572 33 1388.7 1190.8 1740.5 1195.3 5.57 285
SFIX,R 187262573
EFIX,R 187262573 187262821 249 1751.9 1201.8 2725
SSACC,R 187262822
ESACC,R 187262822 187262840 19 1753.9 1205.1 1691.6 1282.4 1.53 141
SFIX,R 187262841
EFIX,R 187262841 187263069 229 1687.3 1281.0 2823
SSACC,R 187263070
ESACC,R 187263070 187263083 14 1699.4 1291.6 1700.3 1243.4 0.74 71
SFIX,R 187263084
EFIX,R 187263084 187263266 183 1718.7 1262.8 2529
SSACC,R 187263267
ESACC,R 187263267 187263280 14 1738.6 1270.1 1711.9 1296.0 0.57 48
SFIX,R 187263281
EFIX,R 187263281 187263692 412 1721.7 1299.9 2421
SSACC,R 187263693
ESACC,R 187263693 187263716 24 1724.3 1296.1 1832.4 1388.5 2.16 164
SFIX,R 187263717
EFIX,R 187263717 187263951 235 1825.1 1387.2 2481
SSACC,R 187263952
ESACC,R 187263952 187263973 22 1822.5 1378.2 1779.1 1238.0 2.21 216
SFIX,R 187263974
EFIX,R 187263974 187265075 1102 1770.4 1244.4 2557
SSACC,R 187265076
ESACC,R 187265076 187265095 20 1734.2 1230.7 1732.7 1328.4 1.49 148
SFIX,R 187265096
EFIX,R 187265096 187265231 136 1726.8 1317.5 2511
SSACC,R 187265232
ESACC,R 187265232 187265251 20 1722.5 1316.2 1729.4 1209.1 1.64 154
SFIX,R 187265252
EFIX,R 187265252 187266389 1138 1693.3 1229.4 2296
SSACC,R 187266390
ESACC,R 187266390 187266399 10 1726.4 1232.3 1692.0 1244.3 0.57 65
SFIX,R 187266400
EFIX,R 187266400 187266770 371 1709.9 1223.2 2533
SSACC,R 187266771
ESACC,R 187266771 187266806 36 1739.6 1208.3 1390.0 1229.0 5.53 271
SFIX,R 187266807
EFIX,R 187266807 187267082 276 1369.7 1225.5 2944
SSACC,R 187267083
ESACC,R 187267083 187267113 31 1369.6 1223.7 1756.6 1228.5 6.11 410
SFIX,R 187267114
EFIX,R 187267114 187267331 218 1758.1 1229.3 2816
SSACC,R 187267332
ESACC,R 187267332 187267352 21 1749.5 1236.6 1796.1 1336.2 1.67 132
SFIX,R 187267353
EFIX,R 187267353 187267892 540 1797.0 1316.7 2981
SSACC,R 187267893
ESACC,R 187267893 187267914 22 1799.3 1309.8 1733.2 1198.8 1.98 184
SFIX,R 187267915
EFIX,R 187267915 187268326 412 1725.2 1187.6 3126
SSACC,R 187268327
ESACC,R 187268327 187268372 46 1721.5 1181.6 1053.1 1133.8 10.72 476
SFIX,R 187268373
EFIX,R 187268373 187268523 151 1036.8 1133.2 3425
SSACC,R 187268524
ESACC,R 187268524 187268553 30 1034.2 1134.6 1384.6 1187.4 5.75 412
SFIX,R 187268554
EFIX,R 187268554 187268794 241 1388.0 1196.8 3334
SSACC,R 187268795
ESACC,R 187268795 187268812 18 1388.4 1192.5 1341.0 1140.7 1.12 97
SFIX,R 187268813
EFIX,R 187268813 187269273 461 1332.5 1126.2 3385
SSACC,R 187269274
ESACC,R 187269274 187269291 18 1331.3 1120.8 1383.4 1170.0 1.15 103
SFIX,R 187269292
EFIX,R 187269292 187269536 245 1379.5 1169.9 3383
SSACC,R 187269537
ESACC,R 187269537 187269574 38 1380.9 1176.9 1832.3 1177.7 7.11 408
SFIX,R 187269575
EFIX,R 187269575 187269749 175 1828.4 1191.0 3171
SSACC,R 187269750
ESACC,R 187269750 187269760 11 1823.0 1189.9 1793.5 1158.9 0.66 69
SFIX,R 187269761
EFIX,R 187269761 187270838 1078 1787.4 1141.9 3164
SSACC,R 187270839
ESACC,R 187270839 187270883 45 1784.0 1143.9 1193.3 1066.9 9.51 396
SFIX,R 187270884
EFIX,R 187270884 187271209 326 1170.3 1070.8 3453
SSACC,R 187271210
ESACC,R 187271210 187271239 30 1164.9 1065.7 1492.1 1113.2 5.37 377
SFIX,R 187271240
EFIX,R 187271240 187271475 236 1504.0 1127.9 3251
SSACC,R 187271476
SBLINK,R 187271515
EBLINK,R 187271515 187271654 140
ESACC,R 187271476 187271689 214 1507.6 1128.9 370.1 714.1 19.60 864
SFIX,R 187271690
EFIX,R 187271690 187271936 247 350.2 693.4 2849
SSACC,R 187271937
ESACC,R 187271937 187271991 55 335.2 708.6 117.3 115.7 10.44 361
SFIX,R 187271992
EFIX,R 187271992 187272160 169 115.6 102.1 2510
SSACC,R 187272161
ESACC,R 187272161 187272203 43 122.5 95.0 1025.9 319.7 15.41 751
SFIX,R 187272204
EFIX,R 187272204 187272348 145 1041.4 317.9 2803
SSACC,R 187272349
ESACC,R 187272349 187272363 15 1044.1 313.0 995.7 320.6 0.83 84
SFIX,R 187272364
EFIX,R 187272364 187273160 797 973.2 317.1 2411
SSACC,R 187273161
ESACC,R 187273161 187273229 69 964.8 321.4 1716.8 1201.7 18.81 527
SFIX,R 187273230
EFIX,R 187273230 187273771 542 1718.9 1188.6 2588
SSACC,R 187273772
ESACC,R 187273772 187273796 25 1717.8 1179.0 1531.0 1169.9 2.95 226
SFIX,R 187273797
EFIX,R 187273797 187274300 504 1511.8 1151.6 3097
SSACC,R 187274301
ESACC,R 187274301 187274319 19 1510.5 1140.9 1512.8 1060.8 1.27 126
SFIX,R 187274320
EFIX,R 187274320 187275023 704 1504.3 1041.6 3197
SSACC,R 187275024
ESACC,R 187275024 187275091 68 1501.4 1045.6 902.7 556.9 12.74 285
SFIX,R 187275092
EFIX,R 187275092 187276452 1361 872.9 557.7 2830
SSACC,R 187276453
ESACC,R 187276453 187276516 64 865.0 564.5 1756.3 1125.9 17.10 543
SFIX,R 187276517
EFIX,R 187276517 187277143 627 1755.6 1131.1 2570
SSACC,R 187277144
ESACC,R 187277144 187277162 19 1756.2 1114.4 1722.9 1066.5 0.91 57
SFIX,R 187277163
EFIX,R 187277163 187277961 799 1696.1 1049.9 3068
SSACC,R 187277962
SBLINK,R 187278009
EBLINK,R 187278009 187278098 90
ESACC,R 187277962 187278132 171 1687.7 1052.1 659.8 304.6 20.80 1595
SFIX,R 187278133
EFIX,R 187278133 187278236 104 646.0 290.9 2959
SSACC,R 187278237
ESACC,R 187278237 187278260 24 632.7 288.8 785.6 199.9 3.00 280
SFIX,R 187278261
EFIX,R 187278261 187279359 1099 780.9 199.8 2689
SSACC,R 187279360
ESACC,R 187279360 187279456 97 771.7 203.1 65.0 1617.4 24.63 467
SFIX,R 187279457
EFIX,R 187279457 187279813 357 69.5 1612.8 2683
SSACC,R 187279814
ESACC,R 187279814 187279855 42 80.9 1606.1 33.2 1015.3 8.85 413
SFIX,R 187279856
EFIX,R 187279856 187280661 806 39.5 985.1 3064
SSACC,R 187280662
SBLINK,R 187280734
EBLINK,R 187280734 187280932 199
ESACC,R 187280662 187280986 325 45.2 981.4 1407.3 994.9 21.66 1344
SFIX,R 187280987
EFIX,R 187280987 187281219 233 1388.3 1050.4 2816
SSACC,R 187281220
ESACC,R 187281220 187281248 29 1388.0 1052.6 1693.8 1237.6 5.67 408
SFIX,R 187281249
EFIX,R 187281249 187281476 228 1699.4 1239.7 2797
SSACC,R 187281477
ESACC,R 187281477 187281501 25 1697.9 1223.7 1576.7 1140.8 2.30 155
SFIX,R 187281502
EFIX,R 187281502 187281808 307 1564.0 1129.5 3268
SSACC,R 187281809
ESACC,R 187281809 187281836 28 1561.4 1122.3 1336.6 1137.9 3.62 248
SFIX,R 187281837
EFIX,R 187281837 187282159 323 1320.2 1147.3 3408
SSACC,R 187282160
ESACC,R 187282160 187282212 53 1322.1 1152.3 826.7 1273.3 8.25 259
SFIX,R 187282213
EFIX,R 187282213 187282464 252 802.8 1279.3 3397
SSACC,R 187282465
ESACC,R 187282465 187282486 22 799.7 1277.9 769.8 1098.9 2.86 258
SFIX,R 187282487
EFIX,R 187282487 187282922 436 758.1 1078.9 3358
SSACC,R 187282923
ESACC,R 187282923 187282956 34 758.1 1064.5 895.8 966.5 2.77 155
SFIX,R 187282957
EFIX,R 187282957 187283778 822 935.3 961.5 3326
SSACC,R 187283779
ESACC,R 187283779 187283830 52 926.4 960.2 1762.5 1120.1 13.69 508
SFIX,R 187283831
EFIX,R 187283831 187284839 1009 1759.9 1154.9 2937
SSACC,R 187284840
ESACC,R 187284840 187284889 50 1751.7 1157.8 1932.2 861.8 5.43 161
SFIX,R 187284890
EFIX,R 187284890 187285370 481 1927.8 842.1 2907
SSACC,R 187285371
ESACC,R 187285371 187285413 43 1926.0 842.9 1455.8 1067.1 8.25 369
SFIX,R 187285414
EFIX,R 187285414 187285660 247 1431.7 1098.7 3209
SSACC,R 187285661
ESACC,R 187285661 187285683 23 1438.8 1093.5 1524.9 1180.1 1.94 170
SFIX,R 187285684
EFIX,R 187285684 187285984 301 1525.5 1150.0 3454
SSACC,R 187285985
SBLINK,R 187286007
EBLINK,R 187286007 187286183 177
ESACC,R 187285985 187286310 326 1527.0 1134.6 2314.1 313.3 17.71 536
SFIX,R 187286311
EFIX,R 187286311 187286414 104 2302.5 370.4 2808
SSACC,R 187286415
ESACC,R 187286415 187286466 52 2301.4 377.3 1088.2 234.7 19.26 729
SFIX,R 187286467
EFIX,R 187286467 187286601 135 1076.0 244.0 3288
SSACC,R 187286602
ESACC,R 187286602 187286627 26 1069.9 248.9 803.2 177.1 4.70 389
SFIX,R 187286628
EFIX,R 187286628 187286984 357 786.4 190.1 2858
SSACC,R 187286985
ESACC,R 187286985 187287063 79 775.1 186.7 170.8 1441.5 22.15 507
SFIX,R 187287064
EFIX,R 187287064 187287347 284 160.5 1397.6 3443
SSACC,R 187287348
SBLINK,R 187287390
EBLINK,R 187287390 187287409 20
ESACC,R 187287348 187287418 71 164.3 1337.5 419.5 174.9 18.97 1127
SFIX,R 187287419
EFIX,R 187287419 187287442 24 447.6 168.0 1286
SSACC,R 187287443
SBLINK,R 187287534
EBLINK,R 187287534 187288141 608
ESACC,R 187287443 187288189 747 448.2 138.8 186.1 -79.1 5.64 625
SFIX,R 187288190
EFIX,R 187288190 187288262 73 172.7 -54.7 2454
SSACC,R 187288263
SBLINK,R 187288283
EBLINK,R 187288283 187288440 158
ESACC,R 187288263 187288477 215 171.3 -51.9 -20.8 221.1 5.45 335
SFIX,R 187288478
EFIX,R 187288478 187289149 672 -16.8 230.7 3407
SSACC,R 187289150
ESACC,R 187289150 187289251 102 -13.1 234.2 14.4 197.3 0.75 151
SFIX,R 187289252
EFIX,R 187289252 187289477 226 -3.4 225.2 3362
SSACC,R 187289478
ESACC,R 187289478 187289501 24 4.9 220.3 52.1 127.5 1.71 103
SFIX,R 187289502
EFIX,R 187289502 187289528 27 57.8 99.5 3027
SSACC,R 187289529
ESACC,R 187289529 187289596 68 64.8 93.2 557.9 290.0 8.71 254
SFIX,R 187289597
EFIX,R 187289597 187289633 37 557.4 273.5 3169
SSACC,R 187289634
ESACC,R 187289634 187289663 30 558.7 278.1 524.1 349.5 1.35 75
SFIX,R 187289664
EFIX,R 187289664 187289815 152 505.7 382.8 3244
SSACC,R 187289816
ESACC,R 187289816 187289830 15 487.5 392.9 499.7 339.1 0.94 78
SFIX,R 187289831
EFIX,R 187289831 187289858 28 517.2 317.4 2828
SSACC,R 187289859
ESACC,R 187289859 187289947 89 533.1 287.2 498.4 392.3 1.88 105
SFIX,R 187289948
EFIX,R 187289948 187289973 26 498.0 396.6 3084
SSACC,R 187289974
ESACC,R 187289974 187290014 41 489.6 411.7 436.8 492.5 1.62 111
SFIX,R 187290015
EFIX,R 187290015 187290056 42 427.4 521.9 3500
SSACC,R 187290057
ESACC,R 187290057 187290097 41 441.9 518.7 478.3 454.1 1.25 71
SFIX,R 187290098
EFIX,R 187290098 187290294 197 494.6 407.0 3324
SSACC,R 187290295
ESACC,R 187290295 187290303 9 457.8 466.9 429.8 505.1 0.79 98
SFIX,R 187290304
EFIX,R 187290304 187290665 362 417.1 535.2 3439
SSACC,R 187290666
ESACC,R 187290666 187290676 11 397.6 535.2 397.8 562.7 0.46 60
SFIX,R 187290677
EFIX,R 187290677 187290717 41 392.6 557.9 3384
SSACC,R 187290718
ESACC,R 187290718 187290757 40 385.5 534.5 379.6 599.4 1.09 74
SFIX,R 187290758
EFIX,R 187290758 187290798 41 395.3 603.1 3586
SSACC,R 187290799
SBLINK,R 187290820
EBLINK,R 187290820 187291330 511
ESACC,R 187290799 187291375 577 397.2 606.0 330.6 315.2 5.00 758
SFIX,R 187291376
EFIX,R 187291376 187291405 30 323.2 319.9 2966
SSACC,R 187291406
ESACC,R 187291406 187291520 115 315.2 318.5 282.3 513.0 3.30 173
SFIX,R 187291521
EFIX,R 187291521 187291841 321 265.3 478.6 3238
SSACC,R 187291842
ESACC,R 187291842 187291885 44 254.9 469.0 -99.6 903.7 8.98 351
SFIX,R 187291886
EFIX,R 187291886 187292278 393 -222.0 972.4 2929
SSACC,R 187292279
ESACC,R 187292279 187292367 89 -217.4 971.2 -198.9 943.2 0.51 668
SFIX,R 187292368
EFIX,R 187292368 187292410 43 -199.3 946.1 2911
SSACC,R 187292411
ESACC,R 187292411 187292724 314 -199.6 938.7 -194.6 958.1 0.31 1120
SFIX,R 187292725
EFIX,R 187292725 187292768 44 -188.0 962.2 3094
SSACC,R 187292769
ESACC,R 187292769 187292859 91 -166.4 942.4 606.9 280.9 16.35 409
SFIX,R 187292860
EFIX,R 187292860 187292909 50 601.3 271.9 3316
SSACC,R 187292910
ESACC,R 187292910 187292953 44 600.2 261.3 628.0 271.0 0.50 87
SFIX,R 187292954
EFIX,R 187292954 187293653 700 660.5 268.1 3354
SSACC,R 187293654
ESACC,R 187293654 187293669 16 719.7 169.9 706.5 199.9 0.56 47
SFIX,R 187293670
EFIX,R 187293670 187293876 207 707.9 190.3 3120
SSACC,R 187293877
SBLINK,R 187293969
EBLINK,R 187293969 187294509 541
ESACC,R 187293877 187294567 691 722.8 188.0 1084.4 839.0 12.53 692
SFIX,R 187294568
EFIX,R 187294568 187295050 483 1122.8 905.0 3754
SSACC,R 187295051
SBLINK,R 187295067
EBLINK,R 187295067 187295176 110
ESACC,R 187295051 187295245 195 1111.1 890.0 1372.2 572.9 6.84 693
SFIX,R 187295246
EFIX,R 187295246 187295418 173 1357.7 608.1 3917
SSACC,R 187295419
ESACC,R 187295419 187295435 17 1361.7 618.0 1355.3 631.1 0.24 69
SFIX,R 187295436
EFIX,R 187295436 187295492 57 1355.9 645.9 3666
SSACC,R 187295493
ESACC,R 187295493 187295562 70 1348.1 647.8 1367.4 560.0 1.51 94
SFIX,R 187295563
EFIX,R 187295563 187295636 74 1365.4 601.0 3579
SSACC,R 187295637
ESACC,R 187295637 187295650 14 1364.9 598.2 1332.6 631.3 0.77 65
SFIX,R 187295651
EFIX,R 187295651 187295694 44 1341.3 625.2 3583
SSACC,R 187295695
ESACC,R 187295695 187295750 56 1343.2 617.1 1358.7 630.3 0.34 69
SFIX,R 187295751
EFIX,R 187295751 187295816 66 1339.3 654.2 3634
SSACC,R 187295817
ESACC,R 187295817 187295892 76 1333.4 645.5 1362.6 619.6 0.65 129
SFIX,R 187295893
EFIX,R 187295893 187295913 21 1363.5 622.7 3822
SSACC,R 187295914
ESACC,R 187295914 187296067 154 1373.0 619.8 1206.8 972.6 6.44 270
SFIX,R 187296068
EFIX,R 187296068 187296135 68 1220.4 1020.4 3711
SSACC,R 187296136
ESACC,R 187296136 187296153 18 1225.0 1026.8 1181.9 987.7 0.95 91
SFIX,R 187296154
EFIX,R 187296154 187296175 22 1189.1 992.6 3809
SSACC,R 187296176
ESACC,R 187296176 187296184 9 1198.9 1006.0 1214.0 1025.9 0.41 53
SFIX,R 187296185
EFIX,R 187296185 187296228 44 1209.4 1022.8 3697
SSACC,R 187296229
ESACC,R 187296229 187296239 11 1193.0 992.6 1207.1 1006.9 0.33 63
SFIX,R 187296240
EFIX,R 187296240 187296325 86 1231.2 1012.0 3718
SSACC,R 187296326
SBLINK,R 187296457
EBLINK,R 187296457 187296482 26
ESACC,R 187296326 187296499 174 1235.2 1005.7 1202.2 768.2 3.93 346
SFIX,R 187296500
EFIX,R 187296500 187296532 33 1215.8 827.5 3310
SSACC,R 187296533
ESACC,R 187296533 187296552 20 1216.7 870.5 1222.8 942.8 1.19 105
SFIX,R 187296553
EFIX,R 187296553 187296616 64 1215.9 983.9 3715
SSACC,R 187296617
ESACC,R 187296617 187296683 67 1211.6 1010.3 1326.5 1218.3 3.80 256
SFIX,R 187296684
EFIX,R 187296684 187296704 21 1330.4 1235.8 3678
SSACC,R 187296705
SBLINK,R 187296782
EBLINK,R 187296782 187296919 138
ESACC,R 187296705 187296978 274 1325.7 1261.1 1362.2 1207.2 1.02 432
SFIX,R 187296979
EFIX,R 187296979 187297063 85 1368.2 1169.5 3787
SSACC,R 187297064
ESACC,R 187297064 187297076 13 1365.5 1163.7 1346.7 1220.2 0.94 87
SFIX,R 187297077
EFIX,R 187297077 187297297 221 1346.4 1266.1 3643
SSACC,R 187297298
ESACC,R 187297298 187297323 26 1345.5 1248.0 1496.0 1135.8 2.99 253
SFIX,R 187297324
EFIX,R 187297324 187297541 218 1495.9 1137.0 3668
SSACC,R 187297542
ESACC,R 187297542 187297617 76 1501.5 1150.1 1519.6 1236.5 1.38 158
SFIX,R 187297618
EFIX,R 187297618 187297734 117 1531.3 1292.8 4116
SSACC,R 187297735
ESACC,R 187297735 187297740 6 1537.9 1313.5 1540.7 1338.5 0.38 62
SFIX,R 187297741
EFIX,R 187297741 187297896 156 1542.1 1338.2 4060
SSACC,R 187297897
ESACC,R 187297897 187297926 30 1546.1 1351.7 1599.1 1356.9 0.83 82
SFIX,R 187297927
EFIX,R 187297927 187297951 25 1594.2 1345.6 3985
SSACC,R 187297952
ESACC,R 187297952 187298003 52 1594.5 1346.4 1545.4 1160.9 2.96 290
SFIX,R 187298004
EFIX,R 187298004 187298552 549 1546.5 1165.5 3328
SSACC,R 187298553
ESACC,R 187298553 187298611 59 1546.9 1174.4 2012.4 1075.8 7.38 189
SFIX,R 187298612
EFIX,R 187298612 187299043 432 2005.3 1084.2 3060
SSACC,R 187299044
ESACC,R 187299044 187299074 31 2004.4 1086.6 1615.3 1130.1 6.06 398
SFIX,R 187299075
EFIX,R 187299075 187299561 487 1591.4 1142.6 3234
SSACC,R 187299562
ESACC,R 187299562 187299573 12 1589.3 1133.6 1561.8 1106.7 0.61 65
SFIX,R 187299574
EFIX,R 187299574 187301106 1533 1529.4 1113.3 3131
SSACC,R 187301107
ESACC,R 187301107 187301166 60 1523.3 1121.9 1919.0 1022.3 6.40 142
SFIX,R 187301167
EFIX,R 187301167 187302016 850 1956.8 995.4 2910
SSACC,R 187302017
ESACC,R 187302017 187302102 86 1931.0 973.6 1080.2 1368.8 14.71 294
SFIX,R 187302103
EFIX,R 187302103 187302236 134 1071.8 1356.8 3722
SSACC,R 187302237
ESACC,R 187302237 187302908 672 1067.7 1380.2 642.2 284.0 18.99 893
SFIX,R 187302909
EFIX,R 187302909 187303369 461 622.8 317.0 3257
SSACC,R 187303370
ESACC,R 187303370 187303425 56 604.0 318.3 125.9 -61.7 10.12 324
SFIX,R 187303426
EFIX,R 187303426 187304318 893 128.8 -44.3 2888
SSACC,R 187304319
ESACC,R 187304319 187304398 80 135.9 -31.6 1206.7 1073.2 25.03 618
SFIX,R 187304399
EFIX,R 187304399 187304673 275 1201.0 1107.6 3313
SSACC,R 187304674
ESACC,R 187304674 187304762 89 1199.8 1128.2 220.5 901.8 16.22 285
SFIX,R 187304763
EFIX,R 187304763 187305455 693 244.6 835.2 3128
SSACC,R 187305456
ESACC,R 187305456 187305482 27 285.9 760.1 529.6 867.8 4.35 364
SFIX,R 187305483
EFIX,R 187305483 187305578 96 530.3 878.2 3514
SSACC,R 187305579
ESACC,R 187305579 187305583 5 534.7 880.1 540.4 860.6 0.33 62
SFIX,R 187305584
EFIX,R 187305584 187305663 80 542.5 860.2 3509
SSACC,R 187305664
ESACC,R 187305664 187305673 10 540.9 849.5 537.4 870.5 0.35 56
SFIX,R 187305674
EFIX,R 187305674 187305734 61 529.4 888.6 3590
SSACC,R 187305735
ESACC,R 187305735 187305753 19 522.6 907.4 481.5 997.3 1.60 131
SFIX,R 187305754
EFIX,R 187305754 187305901 148 467.7 971.4 3697
SSACC,R 187305902
ESACC,R 187305902 187305927 26 477.0 957.7 549.9 835.6 2.32 136
SFIX,R 187305928
EFIX,R 187305928 187305989 62 591.4 754.3 3337
SSACC,R 187305990
ESACC,R 187305990 187306107 118 607.3 693.7 -251.4 648.8 13.59 220
SFIX,R 187306108
EFIX,R 187306108 187306495 388 -260.3 652.0 3558
SSACC,R 187306496
SBLINK,R 187306547
EBLINK,R 187306547 187306866 320
ESACC,R 187306496 187306875 380 -286.6 644.9 -762.8 -531.8 19.16 362
SFIX,R 187306876
EFIX,R 187306876 187306935 60 -756.4 -519.2 2852
SSACC,R 187306936
SBLINK,R 187306946
EBLINK,R 187306946 187306949 4
ESACC,R 187306936 187307275 340 -389.5 91.1 -389.3 512.5 6.68 409
SFIX,R 187307276
EFIX,R 187307276 187307297 22 -385.7 495.6 2210
SSACC,R 187307298
SBLINK,R 187307324
EBLINK,R 187307324 187307590 267
ESACC,R 187307298 187307638 341 -387.1 473.9 708.8 742.6 17.67 1615
SFIX,R 187307639
EFIX,R 187307639 187308230 592 689.9 791.3 3157
SSACC,R 187308231
ESACC,R 187308231 187308482 252 687.7 777.6 -52.7 562.1 12.44 319
SFIX,R 187308483
EFIX,R 187308483 187308660 178 -50.7 551.7 2571
SSACC,R 187308661
ESACC,R 187308661 187308775 115 -49.1 549.9 -61.2 554.4 0.20 113
SFIX,R 187308776
EFIX,R 187308776 187308824 49 -54.4 542.3 2579
SSACC,R 187308825
ESACC,R 187308825 187308989 165 -50.7 544.9 -151.7 581.7 1.67 169
SFIX,R 187308990
EFIX,R 187308990 187309167 178 -150.8 572.2 2958
SSACC,R 187309168
ESACC,R 187309168 187309605 438 -142.0 522.4 -128.4 441.9 1.32 167
SFIX,R 187309606
EFIX,R 187309606 187309636 31 -137.9 420.9 2679
SSACC,R 187309637
ESACC,R 187309637 187309661 25 -143.4 395.7 -104.1 499.7 1.79 133
SFIX,R 187309662
EFIX,R 187309662 187309684 23 -108.0 496.1 2999
SSACC,R 187309685
ESACC,R 187309685 187309780 96 -107.3 509.1 -90.8 388.7 1.98 116
SFIX,R 187309781
EFIX,R 187309781 187309822 42 -79.9 376.9 2737
SSACC,R 187309823
ESACC,R 187309823 187310157 335 -76.9 384.3 -44.0 282.2 1.75 158
SFIX,R 187310158
EFIX,R 187310158 187310188 31 -43.6 261.0 2575
SSACC,R 187310189
ESACC,R 187310189 187310207 19 -50.6 265.5 -50.6 237.9 0.45 95
SFIX,R 187310208
EFIX,R 187310208 187310226 19 -42.0 211.5 2513
SSACC,R 187310227
ESACC,R 187310227 187310589 363 -27.0 190.4 -84.7 118.5 1.49 206
SFIX,R 187310590
EFIX,R 187310590 187310612 23 -90.6 90.8 2140
SSACC,R 187310613
ESACC,R 187310613 187310634 22 -93.2 81.3 -67.2 122.9 0.79 174
SFIX,R 187310635
EFIX,R 187310635 187310669 35 -80.6 143.5 2242
SSACC,R 187310670
ESACC,R 187310670 187310819 150 -85.9 154.3 1048.9 784.7 21.07 393
SFIX,R 187310820
EFIX,R 187310820 187311302 483 1035.2 870.1 3299
SSACC,R 187311303
ESACC,R 187311303 187311364 62 1048.8 899.6 1709.0 1200.6 11.68 297
SFIX,R 187311365
EFIX,R 187311365 187312294 930 1709.4 1197.3 3283
SSACC,R 187312295
ESACC,R 187312295 187312334 40 1712.9 1192.6 1863.4 955.0 4.39 210
SFIX,R 187312335
EFIX,R 187312335 187312707 373 1870.0 944.0 3106
SSACC,R 187312708
ESACC,R 187312708 187312725 18 1872.3 947.3 1825.1 1002.5 1.14 93
SFIX,R 187312726
EFIX,R 187312726 187313730 1005 1815.9 1008.6 3043
SSACC,R 187313731
ESACC,R 187313731 187313738 8 1787.9 1015.1 1806.3 992.2 0.46 54
SFIX,R 187313739
EFIX,R 187313739 187314954 1216 1819.2 982.8 2917
SSACC,R 187314955
ESACC,R 187314955 187314987 33 1816.9 976.5 1503.1 1175.5 5.86 369
SFIX,R 187314988
EFIX,R 187314988 187315262 275 1503.9 1186.9 3253
SSACC,R 187315263
ESACC,R 187315263 187315276 14 1509.8 1185.7 1530.4 1152.3 0.62 49
SFIX,R 187315277
EFIX,R 187315277 187316580 1304 1521.5 1146.1 3295
SSACC,R 187316581
ESACC,R 187316581 187316650 70 1512.8 1154.9 1030.3 616.7 11.81 277
SFIX,R 187316651
EFIX,R 187316651 187317111 461 1010.7 621.9 3627
SSACC,R 187317112
ESACC,R 187317112 187317170 59 1020.8 682.9 1134.0 81.3 10.38 280
SFIX,R 187317171
EFIX,R 187317171 187317287 117 1105.5 51.9 3078
SSACC,R 187317288
ESACC,R 187317288 187317370 83 1077.9 43.1 404.6 331.4 12.32 206
SFIX,R 187317371
EFIX,R 187317371 187318005 635 432.8 371.5 3111
SSACC,R 187318006
SBLINK,R 187318027
EBLINK,R 187318027 187318191 165
ESACC,R 187318006 187318215 210 465.3 333.8 679.0 661.4 6.58 1351
SFIX,R 187318216
EFIX,R 187318216 187318276 61 665.5 655.8 3640
SSACC,R 187318277
ESACC,R 187318277 187318292 16 660.9 652.0 672.0 704.9 0.91 113
SFIX,R 187318293
EFIX,R 187318293 187318318 26 667.3 708.2 3891
SSACC,R 187318319
SBLINK,R 187318340
EBLINK,R 187318340 187318850 511
ESACC,R 187318319 187318909 591 670.7 688.2 283.9 324.3 8.85 249
SFIX,R 187318910
EFIX,R 187318910 187318970 61 284.2 332.9 3071
SSACC,R 187318971
SBLINK,R 187319093
EBLINK,R 187319093 187319220 128
ESACC,R 187318971 187319229 259 285.0 328.9 332.2 264.8 1.33 90
SFIX,R 187319230
EFIX,R 187319230 187319282 53 327.9 220.4 2882
SSACC,R 187319283
SBLINK,R 187319293
EBLINK,R 187319293 187320848 1556
ESACC,R 187319283 187320885 1603 -41.5 757.1 131.3 183.7 9.76 767
SFIX,R 187320886
EFIX,R 187320886 187320981 96 124.6 211.3 2853
SSACC,R 187320982
ESACC,R 187320982 187321030 49 116.4 208.2 116.6 197.6 0.18 62
SFIX,R 187321031
EFIX,R 187321031 187322754 1724 109.2 215.6 2881
SSACC,R 187322755
ESACC,R 187322755 187322829 75 88.5 227.4 167.4 290.8 1.65 99
SFIX,R 187322830
EFIX,R 187322830 187322931 102 172.4 305.0 1775
SSACC,R 187322932
ESACC,R 187322932 187322951 20 166.2 296.8 173.3 325.6 0.49 63
SFIX,R 187322952
EFIX,R 187322952 187323024 73 156.9 316.6 1680
SSACC,R 187323025
ESACC,R 187323025 187323040 16 158.6 326.5 159.2 317.9 0.14 98
SFIX,R 187323041
EFIX,R 187323041 187323076 36 152.3 311.1 1646
SSACC,R 187323077
ESACC,R 187323077 187323147 71 161.2 338.0 167.8 316.3 0.38 63
SFIX,R 187323148
EFIX,R 187323148 187323320 173 174.4 311.5 1770
SSACC,R 187323321
ESACC,R 187323321 187323356 36 181.0 313.8 283.1 369.2 1.90 117
SFIX,R 187323357
EFIX,R 187323357 187324539 1183 318.7 377.3 2353
SSACC,R 187324540
ESACC,R 187324540 187324544 5 343.9 347.8 341.3 326.9 0.35 55
SFIX,R 187324545
EFIX,R 187324545 187324577 33 350.0 329.7 2450
SSACC,R 187324578
SBLINK,R 187324588
EBLINK,R 187324588 187324768 181
ESACC,R 187324578 187324850 273 472.6 157.9 232.3 593.8 8.31 274
SFIX,R 187324851
EFIX,R 187324851 187325263 413 227.2 595.1 3627
SSACC,R 187325264
ESACC,R 187325264 187325351 88 232.4 583.6 369.2 323.6 4.89 118
SFIX,R 187325352
EFIX,R 187325352 187325377 26 364.9 306.6 2979
SSACC,R 187325378
ESACC,R 187325378 187325535 158 377.1 293.9 362.8 323.3 0.55 164
SFIX,R 187325536
EFIX,R 187325536 187325559 24 357.1 334.6 3008
SSACC,R 187325560
ESACC,R 187325560 187325685 126 344.9 349.8 1385.2 1008.1 20.21 420
SFIX,R 187325686
EFIX,R 187325686 187326172 487 1398.4 1028.5 3474
SSACC,R 187326173
ESACC,R 187326173 187326194 22 1408.8 1017.7 1486.5 1095.2 1.76 150
SFIX,R 187326195
EFIX,R 187326195 187326554 360 1486.2 1094.1 3543
SSACC,R 187326555
ESACC,R 187326555 187326586 32 1489.6 1095.9 1496.9 1035.9 0.96 142
SFIX,R 187326587
EFIX,R 187326587 187327461 875 1491.8 1040.5 3524
SSACC,R 187327462
SBLINK,R 187327481
EBLINK,R 187327481 187327619 139
ESACC,R 187327462 187327667 206 1493.2 1052.4 1412.2 601.9 7.48 727
SFIX,R 187327668
EFIX,R 187327668 187328847 1180 1391.6 636.4 3038
SSACC,R 187328848
ESACC,R 187328848 187328866 19 1387.7 650.6 1308.3 650.0 1.32 89
SFIX,R 187328867
EFIX,R 187328867 187328984 118 1275.4 651.5 3120
SSACC,R 187328985
ESACC,R 187328985 187328996 12 1269.4 654.9 1232.8 654.0 0.61 58
SFIX,R 187328997
EFIX,R 187328997 187329671 675 1204.6 660.2 3102
SSACC,R 187329672
ESACC,R 187329672 187329722 51 1195.6 665.5 1682.1 1065.8 10.26 425
SFIX,R 187329723
EFIX,R 187329723 187330585 863 1675.9 1052.9 2963
SSACC,R 187330586
ESACC,R 187330586 187330666 81 1670.0 1028.4 519.7 725.8 19.28 372
SFIX,R 187330667
EFIX,R 187330667 187331102 436 473.6 718.8 3869
SSACC,R 187331103
ESACC,R 187331103 187331205 103 460.0 730.3 615.2 429.5 5.67 139
SFIX,R 187331206
EFIX,R 187331206 187331222 17 625.5 409.6 3554
SSACC,R 187331223
ESACC,R 187331223 187331352 130 636.8 397.0 704.4 295.4 2.08 135
SFIX,R 187331353
EFIX,R 187331353 187331394 42 696.3 318.8 3045
SSACC,R 187331395
SBLINK,R 187331405
EBLINK,R 187331405 187331410 6
ESACC,R 187331395 187331419 25 636.8 397.0 704.4 295.4 2.08 0
SFIX,R 187331420
EFIX,R 187331420 187331452 33 673.7 362.8 3075
SSACC,R 187331453
ESACC,R 187331453 187331460 8 645.1 387.6 628.5 413.5 0.52 83
SFIX,R 187331461
EFIX,R 187331461 187331490 30 598.4 448.1 3342
SSACC,R 187331491
ESACC,R 187331491 187331627 137 584.5 494.2 571.9 448.1 0.81 123
SFIX,R 187331628
EFIX,R 187331628 187332003 376 583.7 453.4 3283
SSACC,R 187332004
SBLINK,R 187332015
EBLINK,R 187332015 187332143 129
ESACC,R 187332004 187332154 151 620.0 417.4 636.5 419.2 0.28 64
SFIX,R 187332155
EFIX,R 187332155 187332193 39 611.0 428.7 3000
SSACC,R 187332194
ESACC,R 187332194 187332251 58 584.7 430.8 514.9 600.8 3.10 87
SFIX,R 187332252
EFIX,R 187332252 187332294 43 523.9 583.5 3378
SSACC,R 187332295
ESACC,R 187332295 187332316 22 541.3 566.7 573.5 479.8 1.56 89
SFIX,R 187332317
EFIX,R 187332317 187332379 63 603.9 450.7 2966
SSACC,R 187332380
ESACC,R 187332380 187332439 60 614.2 411.7 586.4 410.0 0.47 72
SFIX,R 187332440
EFIX,R 187332440 187332497 58 581.3 417.4 2911
SSACC,R 187332498
ESACC,R 187332498 187332513 16 572.3 417.6 597.3 398.8 0.53 79
SFIX,R 187332514
EFIX,R 187332514 187332563 50 602.6 403.7 2853
SSACC,R 187332564
SBLINK,R 187332619
EBLINK,R 187332619 187332839 221
ESACC,R 187332564 187332848 285 604.9 400.8 535.1 88.1 5.45 325
SFIX,R 187332849
EFIX,R 187332849 187332895 47 336.9 101.7 978
SSACC,R 187332896
ESACC,R 187332896 187332941 46 326.7 98.6 292.7 79.3 0.65 171
SFIX,R 187332942
EFIX,R 187332942 187332977 36 307.2 85.2 1036
SSACC,R 187332978
ESACC,R 187332978 187332986 9 321.1 89.4 300.2 66.0 0.52 88
SFIX,R 187332987
EFIX,R 187332987 187333027 41 306.5 76.0 1052
SSACC,R 187333028
SBLINK,R 187333048
EBLINK,R 187333048 187334728 1681
ESACC,R 187333028 187334842 1815 306.9 72.2 319.8 1574.0 23.39 194
SFIX,R 187334843
EFIX,R 187334843 187335028 186 312.1 1603.6 4040
SSACC,R 187335029
SBLINK,R 187335052
EBLINK,R 187335052 187335204 153
ESACC,R 187335029 187335252 224 311.1 1637.1 1256.1 1659.9 14.50 375
SFIX,R 187335253
EFIX,R 187335253 187335274 22 1267.2 1603.1 3587
SSACC,R 187335275
ESACC,R 187335275 187335286 12 1275.3 1552.5 1290.3 1487.3 0.99 103
SFIX,R 187335287
EFIX,R 187335287 187335651 365 1295.1 1529.6 3717
SSACC,R 187335652
ESACC,R 187335652 187335684 33 1291.3 1547.1 1513.3 1132.9 7.21 532
SFIX,R 187335685
EFIX,R 187335685 187335965 281 1507.4 1168.2 3722
SSACC,R 187335966
ESACC,R 187335966 187335986 21 1507.1 1168.9 1502.1 1065.5 1.63 155
SFIX,R 187335987
EFIX,R 187335987 187336151 165 1506.5 1078.8 3706
SSACC,R 187336152
ESACC,R 187336152 187336291 140 1515.3 1097.0 627.3 568.7 16.93 929
SFIX,R 187336292
EFIX,R 187336292 187337007 716 577.0 558.8 3262
SSACC,R 187337008
SBLINK,R 187337029
EBLINK,R 187337029 187337121 93
ESACC,R 187337008 187337163 156 575.3 567.5 93.4 366.9 8.56 1120
SFIX,R 187337164
EFIX,R 187337164 187337956 793 98.4 368.8 3048
SSACC,R 187337957
ESACC,R 187337957 187338005 49 113.6 373.2 -211.9 782.9 8.33 345
SFIX,R 187338006
EFIX,R 187338006 187339582 1577 -216.1 805.9 3301
SSACC,R 187339583
ESACC,R 187339583 187339664 82 -216.5 810.8 1121.1 917.2 21.17 487
SFIX,R 187339665
EFIX,R 187339665 187340679 1015 1106.1 938.2 3398
SSACC,R 187340680
ESACC,R 187340680 187340703 24 1081.0 895.4 975.1 892.9 1.77 95
SFIX,R 187340704
EFIX,R 187340704 187340955 252 904.4 906.0 3917
SSACC,R 187340956
ESACC,R 187340956 187341135 180 916.3 919.3 185.7 179.2 17.15 423
SFIX,R 187341136
EFIX,R 187341136 187343179 2044 112.9 179.6 2743
SSACC,R 187343180
SBLINK,R 187343215
EBLINK,R 187343215 187343364 150
ESACC,R 187343180 187343586 407 97.4 188.7 95.0 225.7 0.62 1096
SFIX,R 187343587
EFIX,R 187343587 187343773 187 114.9 223.9 1707
SSACC,R 187343774
ESACC,R 187343774 187343926 153 133.9 213.0 225.4 227.5 1.50 236
SFIX,R 187343927
EFIX,R 187343927 187343955 29 224.0 214.8 2008
SSACC,R 187343956
ESACC,R 187343956 187344028 73 219.3 194.9 234.2 183.9 0.30 101
SFIX,R 187344029
EFIX,R 187344029 187344073 45 244.6 199.8 2097
SSACC,R 187344074
ESACC,R 187344074 187344213 140 239.0 217.0 244.5 232.6 0.28 206
SFIX,R 187344214
EFIX,R 187344214 187344475 262 249.6 253.8 2049
SSACC,R 187344476
ESACC,R 187344476 187344492 17 248.3 267.3 244.8 267.0 0.06 94
SFIX,R 187344493
EFIX,R 187344493 187344529 37 235.8 249.0 1977
SSACC,R 187344530
ESACC,R 187344530 187344553 24 240.6 251.3 241.0 260.9 0.16 77
SFIX,R 187344554
EFIX,R 187344554 187344651 98 244.6 255.4 1994
SSACC,R 187344652
ESACC,R 187344652 187344735 84 241.7 236.0 239.9 238.6 0.05 72
SFIX,R 187344736
EFIX,R 187344736 187344851 116 240.5 245.3 1980
SSACC,R 187344852
ESACC,R 187344852 187345401 550 243.7 239.6 201.8 37.1 3.46 196
SFIX,R 187345402
EFIX,R 187345402 187345454 53 208.2 41.5 1646
SSACC,R 187345455
ESACC,R 187345455 187345461 7 216.3 70.5 207.0 41.2 0.51 90
SFIX,R 187345462
EFIX,R 187345462 187345497 36 203.2 36.5 1638
SSACC,R 187345498
ESACC,R 187345498 187345585 88 204.5 43.1 197.9 43.6 0.11 112
SFIX,R 187345586
EFIX,R 187345586 187345637 52 198.7 39.9 1624
SSACC,R 187345638
ESACC,R 187345638 187345729 92 214.0 57.3 189.7 30.1 0.60 176
SFIX,R 187345730
EFIX,R 187345730 187345835 106 197.3 52.1 1659
SSACC,R 187345836
SBLINK,R 187346052
EBLINK,R 187346052 187346284 233
ESACC,R 187345836 187346583 748 223.1 92.8 468.0 350.9 5.93 217
SFIX,R 187346584
EFIX,R 187346584 187347446 863 514.1 307.1 2239
SSACC,R 187347447
SBLINK,R 187347543
EBLINK,R 187347543 187348166 624
ESACC,R 187347447 187348216 770 463.6 370.7 347.9 730.3 6.30 378
SFIX,R 187348217
EFIX,R 187348217 187348558 342 344.4 753.9 3771
SSACC,R 187348559
ESACC,R 187348559 187348729 171 330.7 760.5 1063.3 1462.4 16.13 422
SFIX,R 187348730
EFIX,R 187348730 187349205 476 1116.7 1482.0 3573
SSACC,R 187349206
ESACC,R 187349206 187349247 42 1133.7 1438.7 1135.7 1427.3 0.17 63
SFIX,R 187349248
EFIX,R 187349248 187349316 69 1137.2 1436.8 3704
SSACC,R 187349317
SBLINK,R 187349410
EBLINK,R 187349410 187349659 250
ESACC,R 187349317 187349757 441 1133.3 1438.4 1541.1 1266.4 6.98 1188
SFIX,R 187349758
EFIX,R 187349758 187349824 67 1570.2 1150.7 3427
SSACC,R 187349825
ESACC,R 187349825 187349862 38 1592.5 1074.7 1514.6 1112.5 1.38 109
SFIX,R 187349863
EFIX,R 187349863 187349883 21 1519.1 1084.4 3785
SSACC,R 187349884
ESACC,R 187349884 187350209 326 1529.4 1056.5 1523.6 1152.7 1.52 517
SFIX,R 187350210
EFIX,R 187350210 187350235 26 1525.7 1151.9 3777
SSACC,R 187350236
ESACC,R 187350236 187350242 7 1527.6 1116.7 1528.0 1093.5 0.37 54
SFIX,R 187350243
EFIX,R 187350243 187350816 574 1512.1 1129.2 3754
SSACC,R 187350817
ESACC,R 187350817 187350917 101 1511.1 1192.0 1300.5 709.1 8.51 1099
SFIX,R 187350918
EFIX,R 187350918 187351333 416 1295.6 703.3 3103
SSACC,R 187351334
ESACC,R 187351334 187351378 45 1291.5 730.1 1036.8 176.2 10.30 389
SFIX,R 187351379
EFIX,R 187351379 187351944 566 1025.1 136.3 2834
SSACC,R 187351945
ESACC,R 187351945 187351992 48 1040.4 126.0 1086.1 522.8 6.82 246
SFIX,R 187351993
EFIX,R 187351993 187352246 254 1073.1 572.3 3147
SSACC,R 187352247
SBLINK,R 187352268
EBLINK,R 187352268 187352394 127
ESACC,R 187352247 187352441 195 1071.7 586.5 1545.0 914.6 9.53 1166
SFIX,R 187352442
EFIX,R 187352442 187353597 1156 1524.6 889.9 3157
SSACC,R 187353598
ESACC,R 187353598 187353633 36 1509.5 868.7 1605.9 1123.7 4.36 319
SFIX,R 187353634
EFIX,R 187353634 187353888 255 1616.8 1137.0 3329
SSACC,R 187353889
ESACC,R 187353889 187353908 20 1618.6 1146.4 1525.5 1139.9 1.48 86
SFIX,R 187353909
EFIX,R 187353909 187354814 906 1524.5 1140.8 3443
SSACC,R 187354815
SBLINK,R 187354830
EBLINK,R 187354830 187355036 207
ESACC,R 187354815 187355101 287 1520.7 1147.8 1661.0 1208.9 2.42 292
SFIX,R 187355102
EFIX,R 187355102 187355266 165 1640.4 1214.0 3067
SSACC,R 187355267
ESACC,R 187355267 187355291 25 1633.8 1221.9 1574.3 1117.7 1.88 101
SFIX,R 187355292
EFIX,R 187355292 187355633 342 1556.5 1129.3 3160
SSACC,R 187355634
ESACC,R 187355634 187355645 12 1553.0 1113.5 1514.0 1099.5 0.66 67
SFIX,R 187355646
EFIX,R 187355646 187357506 1861 1485.8 1098.4 3334
SSACC,R 187357507
ESACC,R 187357507 187357622 116 1476.1 1112.3 279.7 929.4 19.42 356
SFIX,R 187357623
EFIX,R 187357623 187357906 284 276.8 905.1 3693
SSACC,R 187357907
SBLINK,R 187357923
EBLINK,R 187357923 187358371 449
ESACC,R 187357907 187358427 521 268.1 882.0 182.1 766.1 2.33 775
SFIX,R 187358428
EFIX,R 187358428 187358548 121 176.2 730.1 3749
SSACC,R 187358549
ESACC,R 187358549 187358576 28 174.6 740.3 234.0 651.6 1.74 113
SFIX,R 187358577
EFIX,R 187358577 187358669 93 291.5 537.3 3601
SSACC,R 187358670
SBLINK,R 187358683
EBLINK,R 187358683 187358739 57
ESACC,R 187358670 187358748 79 356.1 377.1 356.1 378.0 0.02 51
SFIX,R 187358749
EFIX,R 187358749 187358777 29 343.6 398.5 3206
SSACC,R 187358778
ESACC,R 187358778 187358788 11 333.8 405.4 312.7 443.3 0.72 88
SFIX,R 187358789
EFIX,R 187358789 187358852 64 300.7 477.1 3435
SSACC,R 187358853
ESACC,R 187358853 187358999 147 287.8 498.3 281.0 467.5 0.53 136
SFIX,R 187359000
EFIX,R 187359000 187359073 74 274.4 482.3 3177
SSACC,R 187359074
ESACC,R 187359074 187359090 17 283.2 480.5 259.5 415.4 1.16 123
SFIX,R 187359091
EFIX,R 187359091 187359113 23 275.3 429.0 2892
SSACC,R 187359114
ESACC,R 187359114 187359273 160 298.6 432.7 275.0 315.4 2.01 158
SFIX,R 187359274
EFIX,R 187359274 187359337 64 305.8 306.0 2549
SSACC,R 187359338
ESACC,R 187359338 187359410 73 331.7 285.6 -53.0 -66.7 8.50 220
SFIX,R 187359411
EFIX,R 187359411 187359803 393 -48.7 -63.4 2759
SSACC,R 187359804
ESACC,R 187359804 187359880 77 -46.7 -58.7 699.2 398.5 14.31 354
SFIX,R 187359881
EFIX,R 187359881 187360042 162 687.7 408.9 3303
SSACC,R 187360043
ESACC,R 187360043 187360060 18 687.6 402.1 678.3 412.4 0.24 61
SFIX,R 187360061
EFIX,R 187360061 187360407 347 691.2 411.7 3080
SSACC,R 187360408
ESACC,R 187360408 187360425 18 704.2 390.8 701.3 400.5 0.17 47
SFIX,R 187360426
EFIX,R 187360426 187360620 195 694.9 413.5 3075
SSACC,R 187360621
ESACC,R 187360621 187360649 29 660.4 451.3 769.7 344.4 2.60 152
SFIX,R 187360650
EFIX,R 187360650 187361625 976 768.8 313.9 2993
SSACC,R 187361626
SBLINK,R 187361648
EBLINK,R 187361648 187361774 127
ESACC,R 187361626 187361835 210 776.5 311.0 1467.3 1101.0 17.31 1765
SFIX,R 187361836
EFIX,R 187361836 187362104 269 1458.6 1179.6 3515
SSACC,R 187362105
SBLINK,R 187362128
EBLINK,R 187362128 187362285 158
ESACC,R 187362105 187362429 325 1458.1 1165.3 2095.8 819.6 11.31 553
SFIX,R 187362430
EFIX,R 187362430 187362777 348 2081.7 879.7 3219
SSACC,R 187362778
ESACC,R 187362778 187362803 26 2082.8 919.9 1942.7 970.3 2.27 163
SFIX,R 187362804
EFIX,R 187362804 187363321 518 1953.8 987.8 3272
SSACC,R 187363322
SBLINK,R 187363343
EBLINK,R 187363343 187363471 129
ESACC,R 187363322 187363536 215 1946.9 975.0 1621.0 908.4 5.22 417
SFIX,R 187363537
EFIX,R 187363537 187364005 469 1614.1 978.0 3005
SSACC,R 187364006
ESACC,R 187364006 187364032 27 1617.5 983.0 1724.5 862.3 2.58 170
SFIX,R 187364033
EFIX,R 187364033 187364465 433 1750.7 844.0 3055
SSACC,R 187364466
ESACC,R 187364466 187364572 107 1744.7 848.2 548.1 340.7 21.27 320
SFIX,R 187364573
EFIX,R 187364573 187365523 951 522.9 354.9 2717
SSACC,R 187365524
ESACC,R 187365524 187365612 89 519.8 359.2 1286.5 931.7 15.91 295
SFIX,R 187365613
EFIX,R 187365613 187366646 1034 1293.0 932.0 2851
SSACC,R 187366647
SBLINK,R 187366665
EBLINK,R 187366665 187366922 258
ESACC,R 187366647 187366976 330 1293.3 927.8 1362.4 873.5 1.44 417
SFIX,R 187366977
EFIX,R 187366977 187369451 2475 1339.5 866.2 2883
SSACC,R 187369452
ESACC,R 187369452 187369500 49 1338.8 851.5 1795.3 781.6 7.47 243
SFIX,R 187369501
EFIX,R 187369501 187369775 275 1818.4 780.9 2926
SSACC,R 187369776
ESACC,R 187369776 187369862 87 1818.7 770.1 779.2 768.5 16.90 335
SFIX,R 187369863
EFIX,R 187369863 187370760 898 742.6 766.1 3786
SSACC,R 187370761
SBLINK,R 187370797
EBLINK,R 187370797 187370890 94
ESACC,R 187370761 187370996 236 742.6 755.2 133.3 694.5 10.00 667
SFIX,R 187370997
EFIX,R 187370997 187371046 50 131.2 674.0 3858
SSACC,R 187371047
ESACC,R 187371047 187371077 31 142.0 665.3 197.3 558.9 1.96 115
SFIX,R 187371078
EFIX,R 187371078 187371126 49 241.7 481.0 3533
SSACC,R 187371127
SBLINK,R 187371203
EBLINK,R 187371203 187371659 457
ESACC,R 187371127 187371668 542 263.4 414.4 295.6 332.5 1.47 131
SFIX,R 187371669
EFIX,R 187371669 187371714 46 137.8 716.0 3817
SSACC,R 187371715
ESACC,R 187371715 187371811 97 135.7 728.2 194.7 442.1 4.80 148
SFIX,R 187371812
EFIX,R 187371812 187371869 58 212.6 429.8 2983
SSACC,R 187371870
SBLINK,R 187371880
EBLINK,R 187371880 187371953 74
ESACC,R 187371870 187372003 134 64.9 130.6 -113.3 -16.5 3.70 185
SFIX,R 187372004
EFIX,R 187372004 187372268 265 -112.6 -26.7 3042
SSACC,R 187372269
ESACC,R 187372269 187372288 20 -88.9 -32.4 -38.7 -96.3 1.30 94
SFIX,R 187372289
EFIX,R 187372289 187372406 118 -40.4 -94.0 2687
SSACC,R 187372407
ESACC,R 187372407 187372448 42 -43.1 -93.5 280.3 -285.0 6.03 434
SFIX,R 187372449
EFIX,R 187372449 187373198 750 287.0 -304.4 2948
SSACC,R 187373199
ESACC,R 187373199 187373292 94 287.2 -317.8 1157.9 733.9 22.58 434
SFIX,R 187373293
EFIX,R 187373293 187373353 61 1152.1 762.3 3072
SSACC,R 187373354
ESACC,R 187373354 187373427 74 1136.8 791.4 1145.7 1022.2 3.78 128
SFIX,R 187373428
EFIX,R 187373428 187373461 34 1141.6 1005.4 4049
SSACC,R 187373462
ESACC,R 187373462 187373472 11 1142.1 1008.6 1135.1 970.4 0.63 68
SFIX,R 187373473
EFIX,R 187373473 187373660 188 1149.3 976.3 3397
SSACC,R 187373661
ESACC,R 187373661 187373707 47 1162.6 985.6 1148.4 1310.8 5.15 172
SFIX,R 187373708
EFIX,R 187373708 187373964 257 1114.0 1378.2 3543
SSACC,R 187373965
ESACC,R 187373965 187374009 45 1099.6 1373.1 554.1 1932.2 11.64 456
SFIX,R 187374010
EFIX,R 187374010 187374272 263 515.0 1989.8 3447
SSACC,R 187374273
SBLINK,R 187374340
EBLINK,R 187374340 187374814 475
ESACC,R 187374273 187374881 609 512.0 2012.5 1358.5 1250.4 16.96 364
SFIX,R 187374882
EFIX,R 187374882 187374913 32 1378.1 1243.9 3330
SSACC,R 187374914
SBLINK,R 187374924
EBLINK,R 187374924 187374988 65
ESACC,R 187374914 187374997 84 1397.6 1239.3 1404.2 1230.7 0.17 37
SFIX,R 187374998
EFIX,R 187374998 187375068 71 1401.5 1223.4 3198
SSACC,R 187375069
ESACC,R 187375069 187375091 23 1401.7 1233.4 1573.9 1203.0 2.78 256
SFIX,R 187375092
EFIX,R 187375092 187375225 134 1589.1 1206.6 3186
SSACC,R 187375226
ESACC,R 187375226 187375246 21 1590.9 1194.2 1496.1 1159.9 1.60 114
SFIX,R 187375247
EFIX,R 187375247 187375865 619 1478.8 1144.0 3399
SSACC,R 187375866
ESACC,R 187375866 187375885 20 1469.4 1146.3 1539.8 1118.5 1.21 113
SFIX,R 187375886
EFIX,R 187375886 187376413 528 1552.9 1128.1 3422
SSACC,R 187376414
ESACC,R 187376414 187376437 24 1551.6 1133.7 1643.7 1208.3 1.86 134
SFIX,R 187376438
EFIX,R 187376438 187376872 435 1674.0 1245.2 3307
SSACC,R 187376873
SBLINK,R 187376888
EBLINK,R 187376888 187377128 241
ESACC,R 187376873 187377192 320 1668.9 1251.3 1607.6 1131.8 2.09 503
SFIX,R 187377193
EFIX,R 187377193 187377562 370 1589.9 1166.1 2900
SSACC,R 187377563
ESACC,R 187377563 187377581 19 1586.5 1160.7 1520.4 1137.9 1.11 66
SFIX,R 187377582
EFIX,R 187377582 187378027 446 1505.3 1125.6 3340
SSACC,R 187378028
ESACC,R 187378028 187378042 15 1504.7 1117.0 1549.6 1098.5 0.78 68
SFIX,R 187378043
EFIX,R 187378043 187378181 139 1567.5 1102.9 3254
SSACC,R 187378182
ESACC,R 187378182 187378202 21 1565.9 1099.1 1500.7 1187.0 1.73 122
SFIX,R 187378203
EFIX,R 187378203 187378779 577 1485.9 1189.9 3292
SSACC,R 187378780
ESACC,R 187378780 187378789 10 1485.7 1196.1 1455.1 1191.3 0.50 56
SFIX,R 187378790
EFIX,R 187378790 187379331 542 1430.6 1167.8 3244
SSACC,R 187379332
ESACC,R 187379332 187379351 20 1429.0 1163.9 1452.1 1237.1 1.20 117
SFIX,R 187379352
EFIX,R 187379352 187379649 298 1447.5 1244.9 3220
SSACC,R 187379650
ESACC,R 187379650 187379659 10 1451.5 1240.9 1459.9 1214.3 0.43 54
SFIX,R 187379660
EFIX,R 187379660 187380812 1153 1467.8 1188.6 3327
SSACC,R 187380813
ESACC,R 187380813 187380819 7 1474.0 1200.0 1489.4 1186.5 0.32 47
SFIX,R 187380820
EFIX,R 187380820 187380915 96 1548.3 1177.8 3206
SSACC,R 187380916
ESACC,R 187380916 187380922 7 1587.1 1234.3 1584.2 1215.0 0.30 57
SFIX,R 187380923
EFIX,R 187380923 187381971 1049 1573.7 1180.7 3154
SSACC,R 187381972
ESACC,R 187381972 187381991 20 1568.1 1183.3 1548.5 1116.9 1.09 61
SFIX,R 187381992
EFIX,R 187381992 187386070 4079 1532.9 1113.7 3175
SSACC,R 187386071
ESACC,R 187386071 187386091 21 1531.4 1111.8 1503.6 1217.1 1.71 125
SFIX,R 187386092
EFIX,R 187386092 187386177 86 1502.9 1205.0 3247
SSACC,R 187386178
ESACC,R 187386178 187386185 8 1504.8 1203.6 1517.8 1181.6 0.40 53
SFIX,R 187386186
EFIX,R 187386186 187386685 500 1513.2 1169.6 3209
SSACC,R 187386686
ESACC,R 187386686 187386695 10 1512.5 1171.0 1493.5 1153.7 0.41 45
SFIX,R 187386696
EFIX,R 187386696 187391770 5075 1484.6 1118.1 3258
SSACC,R 187391771
SBLINK,R 187391787
EBLINK,R 187391787 187394949 3163
ESACC,R 187391771 187395075 3305 1476.7 1133.9 1581.3 825.0 5.23 333
SFIX,R 187395076
EFIX,R 187395076 187395628 553 1556.4 651.7 3671
SSACC,R 187395629
ESACC,R 187395629 187395709 81 1547.2 652.8 340.5 879.4 20.00 410
SFIX,R 187395710
EFIX,R 187395710 187396102 393 328.8 834.8 4242
SSACC,R 187396103
ESACC,R 187396103 187396164 62 332.2 795.6 411.1 647.3 2.77 154
SFIX,R 187396165
EFIX,R 187396165 187396206 42 410.7 652.9 4294
SSACC,R 187396207
ESACC,R 187396207 187396280 74 422.0 633.1 560.4 319.9 5.75 132
SFIX,R 187396281
EFIX,R 187396281 187396381 101 578.7 334.8 3542
SSACC,R 187396382
ESACC,R 187396382 187396522 141 560.9 332.4 450.1 580.5 4.58 161
SFIX,R 187396523
EFIX,R 187396523 187396604 82 439.7 578.5 4026
SSACC,R 187396605
ESACC,R 187396605 187396622 18 420.6 619.2 399.9 673.1 0.96 84
SFIX,R 187396623
EFIX,R 187396623 187396718 96 397.0 695.1 4202
SSACC,R 187396719
ESACC,R 187396719 187396774 56 401.2 659.3 316.9 816.1 2.92 166
SFIX,R 187396775
EFIX,R 187396775 187397786 1012 313.7 803.1 4171
SSACC,R 187397787
ESACC,R 187397787 187397806 20 318.4 827.4 314.4 794.2 0.55 71
SFIX,R 187397807
EFIX,R 187397807 187397886 80 320.1 828.1 4586
SSACC,R 187397887
ESACC,R 187397887 187397902 16 314.5 831.1 309.6 875.1 0.72 86
SFIX,R 187397903
EFIX,R 187397903 187397929 27 310.6 853.2 4752
SSACC,R 187397930
ESACC,R 187397930 187397945 16 311.3 853.3 311.2 873.8 0.33 72
SFIX,R 187397946
EFIX,R 187397946 187397979 34 314.1 853.1 4662
SSACC,R 187397980
ESACC,R 187397980 187398299 320 319.8 841.9 670.5 67.2 14.16 171
SFIX,R 187398300
EFIX,R 187398300 187398332 33 671.2 68.1 2620
SSACC,R 187398333
ESACC,R 187398333 187398371 39 658.7 53.4 655.2 89.5 0.62 110
SFIX,R 187398372
EFIX,R 187398372 187398417 46 642.3 142.6 2831
SSACC,R 187398418
ESACC,R 187398418 187398522 105 627.0 187.9 539.9 353.2 3.17 125
SFIX,R 187398523
EFIX,R 187398523 187398563 41 530.3 386.1 3224
SSACC,R 187398564
SBLINK,R 187398674
EBLINK,R 187398674 187398810 137
ESACC,R 187398564 187399061 498 509.3 416.7 529.1 543.5 2.17 1026
SFIX,R 187399062
EFIX,R 187399062 187400199 1138 501.1 535.7 3617
SSACC,R 187400200
ESACC,R 187400200 187400276 77 496.3 529.7 197.8 524.4 4.89 200
SFIX,R 187400277
EFIX,R 187400277 187400436 160 169.8 569.6 2508
SSACC,R 187400437
ESACC,R 187400437 187400488 52 152.2 605.5 159.9 626.8 0.37 75
SFIX,R 187400489
EFIX,R 187400489 187400540 52 156.8 624.4 2595
SSACC,R 187400541
ESACC,R 187400541 187400568 28 163.8 602.5 156.1 589.9 0.24 113
SFIX,R 187400569
EFIX,R 187400569 187400607 39 165.8 570.5 2512
SSACC,R 187400608
ESACC,R 187400608 187400886 279 167.4 560.7 209.1 537.6 0.77 160
SFIX,R 187400887
EFIX,R 187400887 187400946 60 183.6 567.0 2655
SSACC,R 187400947
ESACC,R 187400947 187401270 324 167.6 582.2 141.5 830.0 4.06 209
SFIX,R 187401271
EFIX,R 187401271 187401319 49 157.2 786.3 3724
SSACC,R 187401320
SBLINK,R 187401469
EBLINK,R 187401469 187402530 1062
ESACC,R 187401320 187402681 1362 188.6 730.4 559.9 483.0 7.34 333
SFIX,R 187402682
EFIX,R 187402682 187402715 34 550.3 516.3 3512
SSACC,R 187402716
ESACC,R 187402716 187402730 15 531.7 524.7 514.3 584.0 1.04 108
SFIX,R 187402731
EFIX,R 187402731 187402751 21 516.6 592.8 3582
SSACC,R 187402752
ESACC,R 187402752 187402769 18 521.7 581.3 559.4 519.7 1.21 126
SFIX,R 187402770
EFIX,R 187402770 187402805 36 559.7 510.2 3274
SSACC,R 187402806
ESACC,R 187402806 187402837 32 548.4 514.1 480.7 682.5 3.04 110
SFIX,R 187402838
EFIX,R 187402838 187402994 157 471.2 680.4 3440
SSACC,R 187402995
SBLINK,R 187403014
EBLINK,R 187403014 187403118 105
ESACC,R 187402995 187403164 170 499.2 622.5 -119.4 86.8 13.29 1031
SFIX,R 187403165
EFIX,R 187403165 187404305 1141 -116.8 101.9 2853
SSACC,R 187404306
ESACC,R 187404306 187404329 24 -112.9 92.5 -67.7 -42.7 2.32 174
SFIX,R 187404330
EFIX,R 187404330 187405711 1382 -76.1 -36.3 2914
SSACC,R 187405712
ESACC,R 187405712 187405818 107 -77.0 -34.3 1178.2 556.3 22.56 395
SFIX,R 187405819
EFIX,R 187405819 187405894 76 1173.5 563.3 3091
SSACC,R 187405895
ESACC,R 187405895 187405927 33 1166.2 574.9 1168.0 592.0 0.29 64
SFIX,R 187405928
EFIX,R 187405928 187405942 15 1158.3 595.2 2972
SSACC,R 187405943
ESACC,R 187405943 187405989 47 1151.6 589.1 1133.2 625.4 0.69 60
SFIX,R 187405990
EFIX,R 187405990 187406014 25 1129.1 623.7 2624
SSACC,R 187406015
ESACC,R 187406015 187406054 40 1133.8 641.8 1125.9 656.6 0.28 63
SFIX,R 187406055
EFIX,R 187406055 187406150 96 1123.0 659.3 2734
SSACC,R 187406151
SBLINK,R 187406216
EBLINK,R 187406216 187406285 70
ESACC,R 187406151 187406388 238 1119.1 615.5 290.8 977.0 14.84 476
SFIX,R 187406389
EFIX,R 187406389 187406472 84 301.2 937.6 3632
SSACC,R 187406473
ESACC,R 187406473 187406580 108 305.0 946.1 432.3 650.7 5.26 161
SFIX,R 187406581
EFIX,R 187406581 187406637 57 432.5 647.4 3714
SSACC,R 187406638
ESACC,R 187406638 187406686 49 438.1 644.1 365.2 802.4 2.87 103
SFIX,R 187406687
EFIX,R 187406687 187406785 99 361.6 817.2 4039
SSACC,R 187406786
ESACC,R 187406786 187406812 27 349.9 833.4 396.6 727.3 1.90 102
SFIX,R 187406813
EFIX,R 187406813 187406845 33 411.5 672.5 3844
SSACC,R 187406846
ESACC,R 187406846 187406891 46 433.0 624.6 497.7 495.3 2.42 130
SFIX,R 187406892
EFIX,R 187406892 187406926 35 498.8 514.5 3534
SSACC,R 187406927
SBLINK,R 187407040
EBLINK,R 187407040 187407111 72
ESACC,R 187406927 187407121 195 489.5 509.7 518.8 446.1 1.18 117
SFIX,R 187407122
EFIX,R 187407122 187407153 32 508.8 489.5 3089
SSACC,R 187407154
ESACC,R 187407154 187407176 23 495.9 523.3 471.3 591.3 1.21 91
SFIX,R 187407177
EFIX,R 187407177 187407186 10 460.4 609.3 3476
SSACC,R 187407187
ESACC,R 187407187 187407256 70 445.2 613.0 322.7 899.6 5.12 139
SFIX,R 187407257
EFIX,R 187407257 187407324 68 312.0 925.0 3772
SSACC,R 187407325
ESACC,R 187407325 187407400 76 305.4 933.6 1337.6 1248.0 17.32 352
SFIX,R 187407401
EFIX,R 187407401 187407844 444 1353.2 1225.3 3767
SSACC,R 187407845
ESACC,R 187407845 187407869 25 1354.4 1231.8 1535.2 1144.4 3.20 244
SFIX,R 187407870
EFIX,R 187407870 187408389 520 1557.7 1138.8 3675
SSACC,R 187408390
ESACC,R 187408390 187408473 84 1554.7 1137.0 1410.4 1299.9 3.42 155
SFIX,R 187408474
EFIX,R 187408474 187408639 166 1358.1 1262.0 4228
SSACC,R 187408640
ESACC,R 187408640 187408715 76 1355.4 1241.5 1327.3 1171.3 1.19 179
SFIX,R 187408716
EFIX,R 187408716 187409081 366 1334.1 1147.5 3653
SSACC,R 187409082
ESACC,R 187409082 187409113 32 1339.3 1132.8 1740.7 1183.6 6.43 434
SFIX,R 187409114
EFIX,R 187409114 187409950 837 1737.6 1187.8 3508
SSACC,R 187409951
ESACC,R 187409951 187410017 67 1733.8 1178.3 1285.0 1039.1 7.50 214
SFIX,R 187410018
EFIX,R 187410018 187410765 748 1229.0 1063.3 3656
SSACC,R 187410766
ESACC,R 187410766 187410794 29 1233.8 1064.8 1481.7 1111.7 4.09 271
SFIX,R 187410795
EFIX,R 187410795 187412577 1783 1509.0 1114.9 3558
SSACC,R 187412578
SBLINK,R 187412598
EBLINK,R 187412598 187412730 133
ESACC,R 187412578 187412793 216 1500.9 1063.1 986.3 932.7 8.68 541
SFIX,R 187412794
EFIX,R 187412794 187412938 145 994.2 897.9 4523
SSACC,R 187412939
SBLINK,R 187413007
EBLINK,R 187413007 187413153 147
ESACC,R 187412939 187413256 318 1022.3 924.6 928.0 697.0 4.09 820
SFIX,R 187413257
EFIX,R 187413257 187413326 70 932.9 680.9 4630
SSACC,R 187413327
ESACC,R 187413327 187413481 155 935.4 688.1 933.8 709.6 0.36 916
SFIX,R 187413482
EFIX,R 187413482 187413713 232 912.9 780.3 4275
SSACC,R 187413714
ESACC,R 187413714 187413735 22 911.2 779.3 917.1 770.5 0.18 68
SFIX,R 187413736
EFIX,R 187413736 187414072 337 920.4 789.4 4130
SSACC,R 187414073
ESACC,R 187414073 187414117 45 929.2 799.5 920.5 833.6 0.58 279
SFIX,R 187414118
EFIX,R 187414118 187414166 49 920.0 821.4 4027
SSACC,R 187414167
SBLINK,R 187414237
EBLINK,R 187414237 187415089 853
ESACC,R 187414167 187415146 980 920.9 826.8 1481.1 1298.5 11.82 812
SFIX,R 187415147
EFIX,R 187415147 187415168 22 1474.9 1272.0 3978
SSACC,R 187415169
ESACC,R 187415169 187415238 70 1472.7 1258.3 1471.8 1192.3 1.03 113
SFIX,R 187415239
EFIX,R 187415239 187415271 33 1464.7 1197.1 3956
SSACC,R 187415272
ESACC,R 187415272 187415357 86 1460.4 1182.9 910.5 675.9 12.21 302
SFIX,R 187415358
EFIX,R 187415358 187415614 257 880.6 668.7 3824
SSACC,R 187415615
ESACC,R 187415615 187415662 48 862.9 670.9 971.8 122.7 9.49 435
SFIX,R 187415663
EFIX,R 187415663 187415973 311 963.3 126.4 3058
SSACC,R 187415974
ESACC,R 187415974 187416035 62 955.2 132.0 1318.5 892.6 14.12 401
SFIX,R 187416036
EFIX,R 187416036 187416691 656 1342.7 926.1 3327
SSACC,R 187416692
ESACC,R 187416692 187416717 26 1338.2 918.2 1498.8 1141.5 4.43 343
SFIX,R 187416718
EFIX,R 187416718 187417008 291 1502.7 1147.6 3475
SSACC,R 187417009
ESACC,R 187417009 187417019 11 1505.0 1135.6 1514.8 1093.5 0.68 73
SFIX,R 187417020
EFIX,R 187417020 187418009 990 1514.9 1088.1 3523
SSACC,R 187418010
SBLINK,R 187418026
EBLINK,R 187418026 187418279 254
ESACC,R 187418010 187418358 349 1513.3 1093.9 1610.1 1174.1 1.99 484
SFIX,R 187418359
EFIX,R 187418359 187419179 821 1592.2 1190.1 3194
SSACC,R 187419180
ESACC,R 187419180 187419196 17 1583.6 1177.3 1546.6 1106.0 1.26 108
SFIX,R 187419197
EFIX,R 187419197 187419986 790 1538.7 1090.4 3423
SSACC,R 187419987
ESACC,R 187419987 187420008 22 1544.8 1103.1 1484.8 1038.6 1.41 90
SFIX,R 187420009
EFIX,R 187420009 187421612 1604 1442.2 1017.2 3349
SSACC,R 187421613
SBLINK,R 187421630
EBLINK,R 187421630 187421838 209
ESACC,R 187421613 187421898 286 1436.1 1027.8 1542.1 1178.8 2.93 408
SFIX,R 187421899
EFIX,R 187421899 187422066 168 1525.1 1155.4 2842
SSACC,R 187422067
SBLINK,R 187422146
EBLINK,R 187422146 187422244 99
ESACC,R 187422067 187422314 248 1520.6 1169.1 826.3 810.6 12.73 400
SFIX,R 187422315
EFIX,R 187422315 187423395 1081 812.7 777.0 3347
SSACC,R 187423396
ESACC,R 187423396 187423435 40 834.2 742.0 601.8 808.0 4.03 144
SFIX,R 187423436
EFIX,R 187423436 187423493 58 572.7 852.5 3885
SSACC,R 187423494
ESACC,R 187423494 187423511 18 556.3 855.2 557.8 924.1 1.13 103
SFIX,R 187423512
EFIX,R 187423512 187423551 40 562.3 933.1 4309
SSACC,R 187423552
ESACC,R 187423552 187423564 13 557.0 915.1 558.7 880.2 0.57 65
SFIX,R 187423565
EFIX,R 187423565 187423590 26 559.1 868.0 3911
SSACC,R 187423591
SBLINK,R 187423634
EBLINK,R 187423634 187423795 162
ESACC,R 187423591 187423854 264 562.9 845.3 568.3 834.5 0.20 229
SFIX,R 187423855
EFIX,R 187423855 187423924 70 557.7 887.5 4096
SSACC,R 187423925
ESACC,R 187423925 187423953 29 560.6 879.7 608.6 747.4 2.32 123
SFIX,R 187423954
EFIX,R 187423954 187424002 49 625.0 733.1 3805
SSACC,R 187424003
ESACC,R 187424003 187424070 68 646.0 713.8 695.2 555.5 2.79 93
SFIX,R 187424071
EFIX,R 187424071 187424103 33 691.6 552.3 3303
SSACC,R 187424104
ESACC,R 187424104 187424120 17 693.4 554.7 667.1 580.9 0.63 52
SFIX,R 187424121
EFIX,R 187424121 187424176 56 651.1 614.5 3358
SSACC,R 187424177
ESACC,R 187424177 187424187 11 643.2 628.2 644.8 592.8 0.60 85
SFIX,R 187424188
EFIX,R 187424188 187424224 37 644.1 573.6 3173
SSACC,R 187424225
SBLINK,R 187424235
EBLINK,R 187424235 187424519 285
ESACC,R 187424225 187424621 397 340.4 91.7 251.3 -85.0 3.30 226
SFIX,R 187424622
EFIX,R 187424622 187424659 38 293.6 -149.9 2461
SSACC,R 187424660
SBLINK,R 187424670
EBLINK,R 187424670 187424692 23
ESACC,R 187424660 187424755 96 252.1 -98.2 51.7 278.6 7.04 215
SFIX,R 187424756
EFIX,R 187424756 187424801 46 50.8 268.0 3373
SSACC,R 187424802
ESACC,R 187424802 187424930 129 51.0 264.0 1273.7 1194.8 24.69 547
SFIX,R 187424931
EFIX,R 187424931 187425501 571 1278.8 1211.5 3603
SSACC,R 187425502
ESACC,R 187425502 187425527 26 1283.5 1220.9 1418.3 1250.7 2.21 157
SFIX,R 187425528
EFIX,R 187425528 187426031 504 1446.6 1271.3 3732
SSACC,R 187426032
ESACC,R 187426032 187426055 24 1447.2 1271.4 1508.6 1106.2 2.76 223
SFIX,R 187426056
EFIX,R 187426056 187426292 237 1526.4 1115.0 3672
SSACC,R 187426293
SBLINK,R 187426308
EBLINK,R 187426308 187426449 142
ESACC,R 187426293 187426521 229 1523.6 1118.3 1194.7 822.0 7.20 490
SFIX,R 187426522
EFIX,R 187426522 187426672 151 1181.2 876.3 3472
SSACC,R 187426673
ESACC,R 187426673 187426877 205 1182.0 904.0 500.7 1821.3 17.47 365
SFIX,R 187426878
EFIX,R 187426878 187426972 95 483.7 1848.8 2880
SSACC,R 187426973
ESACC,R 187426973 187427176 204 483.9 1857.5 668.8 1710.2 3.49 314
SFIX,R 187427177
EFIX,R 187427177 187427250 74 655.5 1630.3 1323
SSACC,R 187427251
SBLINK,R 187427288
EBLINK,R 187427288 187427385 98
ESACC,R 187427251 187427574 324 639.6 1584.5 1632.1 1233.5 16.41 524
SFIX,R 187427575
EFIX,R 187427575 187427654 80 1625.9 1193.7 3458
SSACC,R 187427655
ESACC,R 187427655 187427675 21 1627.4 1178.1 1568.3 1079.9 1.80 178
SFIX,R 187427676
EFIX,R 187427676 187428105 430 1538.2 1091.8 3565
SSACC,R 187428106
ESACC,R 187428106 187428119 14 1536.3 1112.9 1486.0 1097.2 0.84 81
SFIX,R 187428120
EFIX,R 187428120 187428805 686 1470.0 1098.0 3607
SSACC,R 187428806
ESACC,R 187428806 187428824 19 1470.1 1108.2 1537.1 1145.8 1.23 110
SFIX,R 187428825
EFIX,R 187428825 187429153 329 1549.1 1163.5 3505
SSACC,R 187429154
ESACC,R 187429154 187429167 14 1549.3 1165.2 1589.0 1140.2 0.74 70
SFIX,R 187429168
EFIX,R 187429168 187429486 319 1614.9 1135.2 3427
SSACC,R 187429487
SBLINK,R 187429505
EBLINK,R 187429505 187429878 374
ESACC,R 187429487 187429944 458 1615.8 1124.1 1560.0 1193.8 1.40 338
SFIX,R 187429945
EFIX,R 187429945 187430103 159 1543.5 1139.4 2859
SSACC,R 187430104
ESACC,R 187430104 187430117 14 1538.5 1139.7 1504.8 1103.5 0.78 70
SFIX,R 187430118
EFIX,R 187430118 187433388 3271 1476.1 1099.8 3385
SSACC,R 187433389
SBLINK,R 187433410
EBLINK,R 187433410 187434023 614
ESACC,R 187433389 187434173 785 1468.2 1094.6 1578.0 1327.9 4.02 415
SFIX,R 187434174
EFIX,R 187434174 187434748 575 1553.8 1081.6 3536
SSACC,R 187434749
ESACC,R 187434749 187434834 86 1545.1 1059.9 483.0 984.9 17.21 334
SFIX,R 187434835
EFIX,R 187434835 187435047 213 455.9 959.8 3839
SSACC,R 187435048
ESACC,R 187435048 187435106 59 435.5 938.2 758.8 909.4 5.33 177
SFIX,R 187435107
EFIX,R 187435107 187435577 471 754.6 915.9 4109
SSACC,R 187435578
SBLINK,R 187435691
EBLINK,R 187435691 187436070 380
ESACC,R 187435578 187436154 577 746.8 907.8 1569.0 1237.9 14.31 362
SFIX,R 187436155
EFIX,R 187436155 187436206 52 1573.8 1192.8 4005
SSACC,R 187436207
ESACC,R 187436207 187436263 57 1577.9 1165.5 1175.3 1034.9 6.83 199
SFIX,R 187436264
EFIX,R 187436264 187436341 78 1166.9 1038.4 3973
SSACC,R 187436342
ESACC,R 187436342 187436391 50 1167.4 1048.7 1166.3 1118.9 1.12 60
SFIX,R 187436392
EFIX,R 187436392 187436544 153 1165.2 1103.2 4465
SSACC,R 187436545
ESACC,R 187436545 187436574 30 1162.5 1107.9 1474.6 1188.4 5.21 389
SFIX,R 187436575
EFIX,R 187436575 187436880 306 1470.7 1180.8 3944
SSACC,R 187436881
ESACC,R 187436881 187436900 20 1463.6 1204.9 1462.8 1135.3 1.09 65
SFIX,R 187436901
EFIX,R 187436901 187437188 288 1444.6 915.2 3219
SSACC,R 187437189
SBLINK,R 187437234
EBLINK,R 187437234 187437745 512
ESACC,R 187437189 187437786 598 1419.9 733.8 524.8 304.2 16.55 651
SFIX,R 187437787
EFIX,R 187437787 187438992 1206 498.5 307.9 2702
SSACC,R 187438993
SBLINK,R 187439003
EBLINK,R 187439003 187440121 1119
ESACC,R 187438993 187440184 1192 64.4 263.9 -107.2 857.2 9.97 281
SFIX,R 187440185
EFIX,R 187440185 187440278 94 -97.0 845.8 3573
SSACC,R 187440279
SBLINK,R 187440506
EBLINK,R 187440506 187440511 6
ESACC,R 187440279 187440553 275 -74.5 818.3 1038.2 1114.7 18.28 547
SFIX,R 187440554
EFIX,R 187440554 187441214 661 1055.5 1106.8 3835
SSACC,R 187441215
ESACC,R 187441215 187441501 287 1048.4 1115.3 1720.8 1238.1 10.91 495
SFIX,R 187441502
EFIX,R 187441502 187441537 36 1719.0 1219.2 4175
SSACC,R 187441538
ESACC,R 187441538 187441547 10 1719.1 1207.1 1720.6 1239.8 0.50 81
SFIX,R 187441548
EFIX,R 187441548 187441569 22 1726.5 1246.7 4266
SSACC,R 187441570
ESACC,R 187441570 187441754 185 1738.8 1249.8 1708.1 1137.2 1.80 89
SFIX,R 187441755
EFIX,R 187441755 187441955 201 1707.9 1184.4 3813
SSACC,R 187441956
ESACC,R 187441956 187442024 69 1711.1 1262.4 634.8 876.3 18.30 530
SFIX,R 187442025
EFIX,R 187442025 187442209 185 619.0 885.3 3579
SSACC,R 187442210
SBLINK,R 187442232
EBLINK,R 187442232 187442328 97
ESACC,R 187442210 187442375 166 610.5 896.0 898.7 600.6 6.88 951
SFIX,R 187442376
EFIX,R 187442376 187442650 275 886.5 600.9 3108
SSACC,R 187442651
ESACC,R 187442651 187442701 51 884.5 606.2 1264.9 303.4 8.23 277
SFIX,R 187442702
EFIX,R 187442702 187443365 664 1266.0 299.6 2945
SSACC,R 187443366
ESACC,R 187443366 187443408 43 1268.6 308.8 1618.0 661.0 8.28 457
SFIX,R 187443409
EFIX,R 187443409 187444107 699 1617.5 664.7 2611
SSACC,R 187444108
ESACC,R 187444108 187444140 33 1617.4 665.8 1588.3 982.8 5.18 393
SFIX,R 187444141
EFIX,R 187444141 187444400 260 1586.3 1006.3 2760
SSACC,R 187444401
ESACC,R 187444401 187444429 29 1586.1 1005.7 1274.1 1062.5 5.14 341
SFIX,R 187444430
EFIX,R 187444430 187444646 217 1250.6 1068.9 3018
SSACC,R 187444647
ESACC,R 187444647 187444671 25 1252.8 1059.9 1225.7 926.7 2.20 157
SFIX,R 187444672
EFIX,R 187444672 187445125 454 1212.1 877.3 3018
SSACC,R 187445126
ESACC,R 187445126 187445160 35 1202.1 874.2 1038.8 630.5 4.89 225
SFIX,R 187445161
EFIX,R 187445161 187445515 355 975.1 599.0 2748
SSACC,R 187445516
ESACC,R 187445516 187445557 42 968.2 601.6 916.8 946.3 5.80 279
SFIX,R 187445558
EFIX,R 187445558 187446364 807 912.3 956.4 3092
SSACC,R 187446365
ESACC,R 187446365 187446386 22 915.0 959.6 994.2 951.6 1.32 86
SFIX,R 187446387
EFIX,R 187446387 187447069 683 1044.4 960.8 3154
SSACC,R 187447070
ESACC,R 187447070 187447115 46 1050.6 970.9 1519.1 1159.2 8.20 424
SFIX,R 187447116
EFIX,R 187447116 187447203 88 1524.6 1155.2 2973
SSACC,R 187447204
ESACC,R 187447204 187447218 15 1524.6 1153.1 1467.6 1127.4 1.00 78
SFIX,R 187447219
EFIX,R 187447219 187447905 687 1468.6 1106.7 3088
SSACC,R 187447906
ESACC,R 187447906 187448020 115 1475.7 1104.3 1212.5 577.4 9.64 213
SFIX,R 187448021
EFIX,R 187448021 187450149 2129 1130.4 531.3 2711
SSACC,R 187450150
ESACC,R 187450150 187450172 23 1132.2 530.5 1196.5 483.6 1.35 69
SFIX,R 187450173
EFIX,R 187450173 187451670 1498 1284.5 452.1 2591
SSACC,R 187451671
SBLINK,R 187451690
EBLINK,R 187451690 187452920 1231
ESACC,R 187451671 187452975 1305 1288.0 483.0 1492.8 772.5 5.91 552
SFIX,R 187452976
EFIX,R 187452976 187453667 692 1470.7 726.3 3220
SSACC,R 187453668
ESACC,R 187453668 187453749 82 1477.6 701.8 668.9 774.3 13.45 270
SFIX,R 187453750
EFIX,R 187453750 187453983 234 624.7 770.4 4162
SSACC,R 187453984
ESACC,R 187453984 187454100 117 635.1 800.0 626.9 806.8 0.18 136
SFIX,R 187454101
EFIX,R 187454101 187454138 38 628.3 801.5 4568
SSACC,R 187454139
ESACC,R 187454139 187454212 74 633.6 804.0 752.6 513.0 5.27 135
SFIX,R 187454213
EFIX,R 187454213 187454276 64 759.7 519.9 3784
SSACC,R 187454277
ESACC,R 187454277 187454322 46 737.1 534.5 628.9 787.9 4.62 161
SFIX,R 187454323
EFIX,R 187454323 187454348 26 623.4 817.5 4222
SSACC,R 187454349
ESACC,R 187454349 187454377 29 630.2 840.9 616.1 771.2 1.18 95
SFIX,R 187454378
EFIX,R 187454378 187454460 83 622.9 773.0 4073
SSACC,R 187454461
ESACC,R 187454461 187454526 66 624.5 779.5 -18.4 744.4 10.35 218
SFIX,R 187454527
EFIX,R 187454527 187454611 85 -24.1 733.5 3760
SSACC,R 187454612
ESACC,R 187454612 187454648 37 -22.8 712.6 27.8 629.2 1.57 96
SFIX,R 187454649
EFIX,R 187454649 187454670 22 38.5 601.6 3594
SSACC,R 187454671
ESACC,R 187454671 187454692 22 54.2 599.7 61.3 574.3 0.43 152
SFIX,R 187454693
EFIX,R 187454693 187454889 197 38.1 614.9 3668
SSACC,R 187454890
ESACC,R 187454890 187454902 13 8.9 677.7 -19.8 726.2 0.90 80
SFIX,R 187454903
EFIX,R 187454903 187454971 69 -36.2 758.9 3782
SSACC,R 187454972
ESACC,R 187454972 187455752 781 -40.5 756.1 48.1 533.6 3.87 342
SFIX,R 187455753
EFIX,R 187455753 187455798 46 43.6 484.2 2960
SSACC,R 187455799
ESACC,R 187455799 187455935 137 51.0 438.5 431.8 113.0 8.23 185
SFIX,R 187455936
EFIX,R 187455936 187456290 355 409.3 108.5 2988
SSACC,R 187456291
ESACC,R 187456291 187456375 85 371.3 107.4 145.4 1407.5 20.85 390
SFIX,R 187456376
EFIX,R 187456376 187456621 246 116.2 1451.7 2609
SSACC,R 187456622
SBLINK,R 187456772
EBLINK,R 187456772 187457175 404
ESACC,R 187456622 187457270 649 112.7 1446.2 38.6 344.4 17.19 612
SFIX,R 187457271
EFIX,R 187457271 187457371 101 49.9 347.3 1306
SSACC,R 187457372
ESACC,R 187457372 187457520 149 52.0 349.8 80.5 356.9 0.47 140
SFIX,R 187457521
EFIX,R 187457521 187457603 83 71.5 355.6 1377
SSACC,R 187457604
SBLINK,R 187457622
EBLINK,R 187457622 187457853 232
ESACC,R 187457604 187457912 309 58.1 385.0 -293.6 522.9 5.86 304
SFIX,R 187457913
EFIX,R 187457913 187458151 239 -262.7 492.8 1410
SSACC,R 187458152
ESACC,R 187458152 187458220 69 -260.0 447.3 173.3 563.8 7.00 276
SFIX,R 187458221
EFIX,R 187458221 187458252 32 171.1 579.0 1354
SSACC,R 187458253
ESACC,R 187458253 187458389 137 167.1 587.4 164.9 687.1 1.64 131
SFIX,R 187458390
EFIX,R 187458390 187458677 288 124.5 638.8 1143
SSACC,R 187458678
ESACC,R 187458678 187459175 498 82.8 638.8 661.3 1334.2 14.35 463
SFIX,R 187459176
EFIX,R 187459176 187459342 167 641.4 1394.7 2027
SSACC,R 187459343
ESACC,R 187459343 187459465 123 573.8 1391.9 693.3 1370.0 1.93 568
SFIX,R 187459466
EFIX,R 187459466 187459632 167 808.2 1420.7 3036
SSACC,R 187459633
ESACC,R 187459633 187459679 47 882.6 1391.0 1495.6 1320.2 9.82 379
SFIX,R 187459680
EFIX,R 187459680 187459927 248 1535.0 1302.0 3243
SSACC,R 187459928
ESACC,R 187459928 187459948 21 1542.1 1317.8 1479.4 1213.4 1.89 170
SFIX,R 187459949
EFIX,R 187459949 187460072 124 1477.9 1214.4 3284
SSACC,R 187460073
ESACC,R 187460073 187460174 102 1479.6 1237.9 1516.9 1355.7 1.90 371
SFIX,R 187460175
EFIX,R 187460175 187460204 30 1517.0 1347.3 3682
SSACC,R 187460205
SBLINK,R 187460397
EBLINK,R 187460397 187460496 100
ESACC,R 187460205 187460535 331 1517.1 1362.3 1517.3 1168.6 2.98 1032
SFIX,R 187460536
EFIX,R 187460536 187460618 83 1512.6 1155.6 3632
SSACC,R 187460619
ESACC,R 187460619 187460637 19 1520.6 1179.1 1514.9 1134.0 0.71 135
SFIX,R 187460638
EFIX,R 187460638 187460662 25 1512.9 1125.9 3599
SSACC,R 187460663
ESACC,R 187460663 187460697 35 1505.9 1121.2 1523.8 1179.8 0.96 146
SFIX,R 187460698
EFIX,R 187460698 187460728 31 1519.6 1209.0 4226
SSACC,R 187460729
ESACC,R 187460729 187460733 5 1525.9 1237.2 1532.7 1250.4 0.23 71
SFIX,R 187460734
EFIX,R 187460734 187460792 59 1528.7 1252.0 4282
SSACC,R 187460793
ESACC,R 187460793 187460840 48 1527.3 1243.4 1496.9 1140.8 1.67 108
SFIX,R 187460841
EFIX,R 187460841 187461799 959 1491.5 1114.8 3447
SSACC,R 187461800
ESACC,R 187461800 187461857 58 1487.4 1096.8 809.4 2050.8 17.24 535
SFIX,R 187461858
EFIX,R 187461858 187462377 520 763.2 2112.1 3244
SSACC,R 187462378
ESACC,R 187462378 187462407 30 750.1 2121.0 593.6 2117.0 2.30 144
SFIX,R 187462408
EFIX,R 187462408 187462496 89 575.8 2137.3 3232
SSACC,R 187462497
SBLINK,R 187462507
EBLINK,R 187462507 187462688 182
ESACC,R 187462497 187462697 201 603.8 2140.9 604.6 2142.7 0.03 9
SFIX,R 187462698
EFIX,R 187462698 187462725 28 605.5 2139.4 3386
SSACC,R 187462726
SBLINK,R 187462736
EBLINK,R 187462736 187462801 66
ESACC,R 187462726 187462820 95 769.6 2114.0 837.2 2095.5 1.03 185
SFIX,R 187462821
EFIX,R 187462821 187463056 236 856.6 2069.3 3385
SSACC,R 187463057
ESACC,R 187463057 187463119 63 857.8 2064.6 1653.3 982.8 19.80 513
SFIX,R 187463120
EFIX,R 187463120 187463298 179 1654.2 1045.1 3253
SSACC,R 187463299
ESACC,R 187463299 187463319 21 1651.6 1058.4 1544.6 1158.8 2.32 207
SFIX,R 187463320
EFIX,R 187463320 187463712 393 1533.8 1173.3 3300
SSACC,R 187463713
ESACC,R 187463713 187463734 22 1533.0 1165.1 1567.3 1297.3 2.12 169
SFIX,R 187463735
EFIX,R 187463735 187464080 346 1559.4 1300.7 3394
SSACC,R 187464081
ESACC,R 187464081 187464099 19 1560.9 1295.1 1619.8 1267.6 1.02 72
SFIX,R 187464100
EFIX,R 187464100 187464664 565 1620.9 1264.2 3358
SSACC,R 187464665
ESACC,R 187464665 187464686 22 1619.4 1265.6 1658.8 1374.9 1.77 140
SFIX,R 187464687
EFIX,R 187464687 187464918 232 1656.8 1365.0 3250
SSACC,R 187464919
ESACC,R 187464919 187464925 7 1663.8 1365.2 1671.1 1349.6 0.26 36
SFIX,R 187464926
EFIX,R 187464926 187465458 533 1682.8 1335.9 3207
SSACC,R 187465459
ESACC,R 187465459 187465471 13 1687.5 1335.9 1708.0 1298.0 0.66 66
SFIX,R 187465472
EFIX,R 187465472 187465869 398 1723.6 1292.8 3220
SSACC,R 187465870
ESACC,R 187465870 187465885 16 1726.3 1294.2 1740.2 1231.4 0.98 74
SFIX,R 187465886
EFIX,R 187465886 187466109 224 1743.8 1208.3 3157
SSACC,R 187466110
ESACC,R 187466110 187466133 24 1746.4 1208.0 1727.8 1111.2 1.53 100
SFIX,R 187466134
EFIX,R 187466134 187470438 4305 1711.9 1097.3 3201
SSACC,R 187470439
ESACC,R 187470439 187470463 25 1705.4 1094.0 1616.0 1088.5 1.42 67
SFIX,R 187470464
EFIX,R 187470464 187471191 728 1454.4 1075.0 3258
SSACC,R 187471192
ESACC,R 187471192 187471211 20 1447.3 1067.4 1509.0 1145.6 1.59 122
SFIX,R 187471212
EFIX,R 187471212 187472599 1388 1517.5 1143.1 3342
SSACC,R 187472600
ESACC,R 187472600 187472615 16 1529.4 1143.0 1508.2 1198.3 0.93 73
SFIX,R 187472616
EFIX,R 187472616 187473121 506 1506.4 1196.5 3263
SSACC,R 187473122
ESACC,R 187473122 187473136 15 1510.2 1187.1 1516.2 1134.9 0.82 72
SFIX,R 187473137
EFIX,R 187473137 187474343 1207 1529.3 1119.6 3202
SSACC,R 187474344
ESACC,R 187474344 187474355 12 1527.0 1122.9 1494.4 1132.1 0.54 59
SFIX,R 187474356
EFIX,R 187474356 187474967 612 1440.5 1161.1 3204
SSACC,R 187474968
ESACC,R 187474968 187474998 31 1435.4 1161.4 1120.7 1167.8 5.10 294
SFIX,R 187474999
EFIX,R 187474999 187475546 548 1087.5 1163.3 3384
SSACC,R 187475547
ESACC,R 187475547 187475574 28 1082.8 1163.4 1397.7 1171.2 5.11 377
SFIX,R 187475575
EFIX,R 187475575 187475881 307 1439.7 1172.5 3339
SSACC,R 187475882
ESACC,R 187475882 187475894 13 1449.2 1164.0 1475.7 1146.4 0.51 43
SFIX,R 187475895
EFIX,R 187475895 187476544 650 1557.4 1176.8 3200
SSACC,R 187476545
SBLINK,R 187476565
EBLINK,R 187476565 187477266 702
ESACC,R 187476545 187477339 795 1563.4 1197.0 934.1 982.8 10.76 487
SFIX,R 187477340
EFIX,R 187477340 187480146 2807 924.0 902.3 3158
SSACC,R 187480147
SBLINK,R 187480169
EBLINK,R 187480169 187480440 272
ESACC,R 187480147 187480527 381 929.0 915.7 1478.3 967.9 9.07 918
SFIX,R 187480528
EFIX,R 187480528 187483791 3264 1461.9 955.7 3114
SSACC,R 187483792
SBLINK,R 187483811
EBLINK,R 187483811 187488160 4350
ESACC,R 187483792 187488337 4546 1457.1 982.2 1284.0 953.5 2.87 658
SFIX,R 187488338
EFIX,R 187488338 187491154 2817 1225.7 731.3 3333
SSACC,R 187491155
SBLINK,R 187491177
EBLINK,R 187491177 187491459 283
ESACC,R 187491155 187491530 376 1227.1 763.6 1331.3 714.8 1.92 1325
SFIX,R 187491531
EFIX,R 187491531 187494288 2758 1310.8 704.2 2843
SSACC,R 187494289
SBLINK,R 187494336
EBLINK,R 187494336 187498339 4004
ESACC,R 187494289 187498477 4189 1300.6 738.2 1375.4 841.7 2.11 487
SFIX,R 187498478
EFIX,R 187498478 187498890 413 1368.0 726.3 3858
SSACC,R 187498891
ESACC,R 187498891 187498946 56 1361.2 738.6 1617.9 484.6 5.98 158
SFIX,R 187498947
EFIX,R 187498947 187499335 389 1623.8 512.6 3609
SSACC,R 187499336
ESACC,R 187499336 187499412 77 1620.5 527.3 773.2 818.6 14.82 317
SFIX,R 187499413
EFIX,R 187499413 187499934 522 742.4 822.7 3948
SSACC,R 187499935
ESACC,R 187499935 187499976 42 739.8 813.4 734.0 219.8 9.99 506
SFIX,R 187499977
EFIX,R 187499977 187500056 80 733.9 205.1 3823
SSACC,R 187500057
ESACC,R 187500057 187500077 21 732.0 204.8 792.6 148.3 1.41 133
SFIX,R 187500078
EFIX,R 187500078 187500401 324 796.2 154.9 3656
SSACC,R 187500402
ESACC,R 187500402 187500408 7 794.9 157.8 804.4 136.0 0.41 56
SFIX,R 187500409
EFIX,R 187500409 187500778 370 798.1 148.7 3512
SSACC,R 187500779
ESACC,R 187500779 187500821 43 795.6 151.9 1124.7 570.9 9.05 387
SFIX,R 187500822
EFIX,R 187500822 187501467 646 1164.4 615.9 3294
SSACC,R 187501468
ESACC,R 187501468 187501509 42 1155.2 634.2 1163.1 133.0 8.51 414
SFIX,R 187501510
EFIX,R 187501510 187502073 564 1161.2 129.7 3017
SSACC,R 187502074
ESACC,R 187502074 187502120 47 1161.6 125.7 1105.4 712.9 9.99 371
SFIX,R 187502121
EFIX,R 187502121 187502493 373 1078.6 755.2 3041
SSACC,R 187502494
SBLINK,R 187502515
EBLINK,R 187502515 187502600 86
ESACC,R 187502494 187502658 165 1072.1 774.1 1654.6 869.5 9.68 1075
SFIX,R 187502659
EFIX,R 187502659 187502966 308 1640.5 920.3 2708
SSACC,R 187502967
ESACC,R 187502967 187502991 25 1636.6 921.5 1790.6 789.4 3.25 261
SFIX,R 187502992
EFIX,R 187502992 187504132 1141 1793.2 768.0 3003
SSACC,R 187504133
ESACC,R 187504133 187504185 53 1793.2 768.0 808.2 211.6 18.63 688
SFIX,R 187504186
EFIX,R 187504186 187504336 151 804.0 224.8 3137
SSACC,R 187504337
ESACC,R 187504337 187504346 10 793.7 234.3 789.5 199.0 0.61 72
SFIX,R 187504347
EFIX,R 187504347 187504871 525 769.9 206.0 2561
SSACC,R 187504872
ESACC,R 187504872 187504909 38 759.1 217.7 1256.4 691.9 11.60 597
SFIX,R 187504910
EFIX,R 187504910 187505043 134 1261.6 705.0 2587
SSACC,R 187505044
ESACC,R 187505044 187505056 13 1263.8 699.8 1286.9 737.4 0.74 79
SFIX,R 187505057
EFIX,R 187505057 187505319 263 1289.9 743.4 2688
SSACC,R 187505320
ESACC,R 187505320 187505374 55 1289.9 746.6 1737.4 1355.4 11.98 449
SFIX,R 187505375
EFIX,R 187505375 187505784 410 1742.2 1360.6 2852
SSACC,R 187505785
ESACC,R 187505785 187505814 30 1743.1 1353.2 1624.0 1172.0 3.33 196
SFIX,R 187505815
EFIX,R 187505815 187506398 584 1613.8 1151.3 3189
SSACC,R 187506399
SBLINK,R 187506416
EBLINK,R 187506416 187506636 221
ESACC,R 187506399 187506705 307 1609.7 1142.4 1410.0 814.8 6.17 408
SFIX,R 187506706
EFIX,R 187506706 187506890 185 1390.2 866.3 3057
SSACC,R 187506891
ESACC,R 187506891 187506922 32 1385.1 877.6 1554.4 1207.5 5.93 366
SFIX,R 187506923
EFIX,R 187506923 187507130 208 1561.2 1214.9 3022
SSACC,R 187507131
ESACC,R 187507131 187507148 18 1565.3 1205.7 1566.5 1137.4 1.07 96
SFIX,R 187507149
EFIX,R 187507149 187507563 415 1559.0 1127.5 3288
SSACC,R 187507564
ESACC,R 187507564 187507575 12 1553.4 1121.4 1536.2 1079.0 0.72 71
SFIX,R 187507576
EFIX,R 187507576 187508248 673 1521.1 1073.1 3319
SSACC,R 187508249
ESACC,R 187508249 187508271 23 1521.4 1081.9 1476.3 986.6 1.69 115
SFIX,R 187508272
EFIX,R 187508272 187510670 2399 1430.8 979.0 3131
SSACC,R 187510671
ESACC,R 187510671 187510726 56 1418.1 981.4 806.7 184.6 16.71 605
SFIX,R 187510727
EFIX,R 187510727 187513041 2315 785.4 193.4 2934
SSACC,R 187513042
ESACC,R 187513042 187513102 61 779.0 209.4 1010.4 555.1 7.08 178
SFIX,R 187513103
EFIX,R 187513103 187513501 399 1030.6 585.0 2698
SSACC,R 187513502
ESACC,R 187513502 187513535 34 1030.8 588.8 788.1 217.3 7.55 433
SFIX,R 187513536
EFIX,R 187513536 187514152 617 774.8 224.2 2567
SSACC,R 187514153
ESACC,R 187514153 187514175 23 771.1 227.2 869.8 314.4 2.25 152
SFIX,R 187514176
EFIX,R 187514176 187514457 282 870.6 319.8 2561
SSACC,R 187514458
SBLINK,R 187514484
EBLINK,R 187514484 187514595 112
ESACC,R 187514458 187514640 183 873.1 328.3 1060.6 865.6 9.57 1686
SFIX,R 187514641
EFIX,R 187514641 187516186 1546 1047.6 836.0 2969
SSACC,R 187516187
ESACC,R 187516187 187516239 53 1048.9 837.2 1304.1 1487.6 11.00 460
SFIX,R 187516240
EFIX,R 187516240 187517022 783 1311.9 1482.0 3006
SSACC,R 187517023
ESACC,R 187517023 187517038 16 1322.3 1467.5 1388.7 1432.7 1.17 93
SFIX,R 187517039
EFIX,R 187517039 187517396 358 1394.0 1428.3 3183
SSACC,R 187517397
ESACC,R 187517397 187517419 23 1394.8 1426.4 1477.3 1249.2 3.00 239
SFIX,R 187517420
EFIX,R 187517420 187517785 366 1497.5 1213.7 3234
SSACC,R 187517786
ESACC,R 187517786 187517801 16 1496.6 1212.3 1475.3 1156.6 0.93 100
SFIX,R 187517802
EFIX,R 187517802 187518016 215 1471.5 1151.7 3197
SSACC,R 187518017
ESACC,R 187518017 187518090 74 1472.2 1158.6 777.1 213.0 19.27 548
SFIX,R 187518091
EFIX,R 187518091 187518205 115 760.1 202.5 2982
SSACC,R 187518206
ESACC,R 187518206 187518214 9 754.3 209.6 784.3 207.3 0.51 64
SFIX,R 187518215
EFIX,R 187518215 187519090 876 762.3 222.9 2142
SSACC,R 187519091
ESACC,R 187519091 187519126 36 755.1 234.8 934.0 774.2 9.60 484
SFIX,R 187519127
EFIX,R 187519127 187519262 136 935.8 788.9 2314
SSACC,R 187519263
ESACC,R 187519263 187519283 21 939.3 787.9 966.3 878.1 1.56 147
SFIX,R 187519284
EFIX,R 187519284 187523145 3862 971.1 875.3 2699
SSACC,R 187523146
ESACC,R 187523146 187523194 49 974.2 873.8 805.7 364.4 9.01 289
SFIX,R 187523195
EFIX,R 187523195 187523336 142 786.8 318.1 2478
SSACC,R 187523337
ESACC,R 187523337 187523355 19 781.7 315.9 766.6 231.8 1.46 112
SFIX,R 187523356
EFIX,R 187523356 187524166 811 773.8 231.9 2487
SSACC,R 187524167
ESACC,R 187524167 187524187 21 785.1 241.4 878.7 224.3 1.62 123
SFIX,R 187524188
EFIX,R 187524188 187525207 1020 883.8 218.8 2672
SSACC,R 187525208
SBLINK,R 187525234
EBLINK,R 187525234 187525377 144
ESACC,R 187525208 187525412 205 887.8 232.2 1052.9 518.4 5.64 1508
SFIX,R 187525413
EFIX,R 187525413 187526376 964 1038.8 518.5 2575
SSACC,R 187526377
ESACC,R 187526377 187526401 25 1035.0 523.1 886.0 644.9 3.26 218
SFIX,R 187526402
EFIX,R 187526402 187527182 781 826.2 701.3 2718
SSACC,R 187527183
ESACC,R 187527183 187527204 22 825.5 702.0 817.9 814.0 1.87 169
SFIX,R 187527205
EFIX,R 187527205 187528749 1545 819.5 814.4 2795
SSACC,R 187528750
ESACC,R 187528750 187528798 49 815.5 815.2 752.7 284.9 9.00 463
SFIX,R 187528799
EFIX,R 187528799 187528912 114 749.7 291.0 2558
SSACC,R 187528913
ESACC,R 187528913 187528930 18 748.8 286.8 785.3 239.3 1.02 76
SFIX,R 187528931
EFIX,R 187528931 187529391 461 772.3 230.0 2380
SSACC,R 187529392
ESACC,R 187529392 187529442 51 769.5 240.1 1252.5 818.8 12.67 542
SFIX,R 187529443
EFIX,R 187529443 187529587 145 1249.9 824.6 2593
SSACC,R 187529588
ESACC,R 187529588 187529601 14 1253.3 823.2 1280.9 867.5 0.86 68
SFIX,R 187529602
EFIX,R 187529602 187529754 153 1284.5 875.4 2407
SSACC,R 187529755
ESACC,R 187529755 187529801 47 1280.7 878.6 1202.8 283.0 10.06 472
SFIX,R 187529802
EFIX,R 187529802 187530820 1019 1201.5 277.0 2600
SSACC,R 187530821
ESACC,R 187530821 187530850 30 1194.5 282.4 1252.6 35.3 4.33 243
SFIX,R 187530851
EFIX,R 187530851 187531433 583 1273.4 -1.6 2472
SSACC,R 187531434
ESACC,R 187531434 187531506 73 1277.5 2.3 1444.4 1030.3 17.19 526
SFIX,R 187531507
EFIX,R 187531507 187531984 478 1445.2 1039.3 2716
SSACC,R 187531985
ESACC,R 187531985 187532030 46 1445.9 1036.8 1391.1 455.8 9.60 419
SFIX,R 187532031
EFIX,R 187532031 187532517 487 1380.6 442.9 2658
SSACC,R 187532518
ESACC,R 187532518 187532575 58 1373.9 445.4 1559.8 1158.1 11.99 339
SFIX,R 187532576
EFIX,R 187532576 187532692 117 1572.3 1220.1 2578
SSACC,R 187532693
ESACC,R 187532693 187532708 16 1570.5 1219.2 1541.3 1174.9 0.83 72
SFIX,R 187532709
EFIX,R 187532709 187533051 343 1526.4 1166.0 2537
SSACC,R 187533052
ESACC,R 187533052 187533113 62 1527.4 1158.6 826.3 253.3 18.79 715
SFIX,R 187533114
EFIX,R 187533114 187533239 126 827.0 251.0 2697
SSACC,R 187533240
ESACC,R 187533240 187533251 12 827.4 245.6 792.1 223.8 0.71 75
SFIX,R 187533252
EFIX,R 187533252 187534002 751 771.9 228.2 2364
SSACC,R 187534003
ESACC,R 187534003 187534032 30 762.5 231.8 1058.2 426.2 6.02 394
SFIX,R 187534033
EFIX,R 187534033 187534702 670 1069.5 445.7 2483
SSACC,R 187534703
ESACC,R 187534703 187534761 59 1072.3 454.0 1326.2 1260.5 13.76 478
SFIX,R 187534762
EFIX,R 187534762 187535354 593 1331.9 1272.6 2721
SSACC,R 187535355
ESACC,R 187535355 187535405 51 1336.7 1266.1 1680.0 1829.9 9.74 386
SFIX,R 187535406
EFIX,R 187535406 187536368 963 1702.5 1867.4 2888
SSACC,R 187536369
ESACC,R 187536369 187536409 41 1701.8 1848.5 1563.5 1223.1 9.29 564
SFIX,R 187536410
EFIX,R 187536410 187536658 249 1547.9 1233.9 3011
SSACC,R 187536659
ESACC,R 187536659 187536671 13 1540.2 1235.7 1528.8 1181.4 0.86 86
SFIX,R 187536672
EFIX,R 187536672 187537812 1141 1523.0 1161.3 2855
SSACC,R 187537813
ESACC,R 187537813 187537885 73 1513.4 1176.3 832.7 327.9 17.82 515
SFIX,R 187537886
EFIX,R 187537886 187538039 154 797.8 302.6 2510
SSACC,R 187538040
ESACC,R 187538040 187538059 20 787.2 305.0 773.1 223.9 1.41 167
SFIX,R 187538060
EFIX,R 187538060 187538566 507 762.9 222.7 1949
SSACC,R 187538567
ESACC,R 187538567 187538604 38 764.4 226.7 962.5 739.0 9.29 500
SFIX,R 187538605
EFIX,R 187538605 187538753 149 958.3 743.6 2255
SSACC,R 187538754
ESACC,R 187538754 187538760 7 955.1 743.5 955.6 763.2 0.33 52
SFIX,R 187538761
EFIX,R 187538761 187538996 236 955.1 771.4 2236
SSACC,R 187538997
ESACC,R 187538997 187539031 35 953.6 767.0 1111.6 1322.5 9.27 518
SFIX,R 187539032
EFIX,R 187539032 187539242 211 1115.9 1350.6 2438
SSACC,R 187539243
ESACC,R 187539243 187539271 29 1119.0 1349.7 1110.9 1207.2 2.21 125
SFIX,R 187539272
EFIX,R 187539272 187539550 279 1111.5 1163.0 2823
SSACC,R 187539551
ESACC,R 187539551 187539573 23 1112.2 1153.8 1105.5 1070.3 1.34 102
SFIX,R 187539574
EFIX,R 187539574 187540120 547 1101.5 1034.9 3049
SSACC,R 187540121
ESACC,R 187540121 187540152 32 1105.7 1031.6 1437.6 1142.6 5.69 336
SFIX,R 187540153
EFIX,R 187540153 187540478 326 1477.7 1178.6 2942
SSACC,R 187540479
ESACC,R 187540479 187540563 85 1481.1 1177.1 703.0 927.1 13.28 222
SFIX,R 187540564
EFIX,R 187540564 187542119 1556 643.4 940.4 2815
SSACC,R 187542120
ESACC,R 187542120 187542151 32 691.1 971.9 715.4 860.9 1.86 89
SFIX,R 187542152
EFIX,R 187542152 187542197 46 723.5 811.1 2395
SSACC,R 187542198
ESACC,R 187542198 187542222 25 728.2 787.7 737.9 683.4 1.75 85
SFIX,R 187542223
EFIX,R 187542223 187542457 235 768.1 412.1 2128
SSACC,R 187542458
ESACC,R 187542458 187542475 18 771.1 342.8 772.7 259.9 1.42 91
SFIX,R 187542476
EFIX,R 187542476 187543288 813 771.0 239.2 2213
SSACC,R 187543289
ESACC,R 187543289 187543326 38 760.4 233.7 1154.4 731.3 10.72 562
SFIX,R 187543327
EFIX,R 187543327 187543471 145 1159.5 755.3 2355
SSACC,R 187543472
ESACC,R 187543472 187543478 7 1169.1 759.8 1184.5 770.1 0.31 46
SFIX,R 187543479
EFIX,R 187543479 187544415 937 1191.4 767.7 2608
SSACC,R 187544416
SBLINK,R 187544447
EBLINK,R 187544447 187544654 208
ESACC,R 187544416 187544724 309 1198.3 778.4 1657.4 1144.9 9.50 1213
SFIX,R 187544725
EFIX,R 187544725 187545879 1155 1635.1 1132.8 2787
SSACC,R 187545880
ESACC,R 187545880 187545905 26 1631.1 1128.1 1655.7 986.4 2.27 115
SFIX,R 187545906
EFIX,R 187545906 187547405 1500 1673.8 887.6 2632
SSACC,R 187547406
ESACC,R 187547406 187547417 12 1670.9 895.1 1656.8 859.1 0.62 59
SFIX,R 187547418
EFIX,R 187547418 187549312 1895 1636.3 806.4 2296
SSACC,R 187549313
ESACC,R 187549313 187549370 58 1484.4 800.1 1206.8 664.9 5.13 132
SFIX,R 187549371
EFIX,R 187549371 187549515 145 1054.6 712.0 1974
SSACC,R 187549516
ESACC,R 187549516 187549521 6 976.2 745.0 984.2 768.9 0.42 57
SFIX,R 187549522
EFIX,R 187549522 187549550 29 987.6 778.9 1724
SSACC,R 187549551
ESACC,R 187549551 187549561 11 981.4 788.2 990.0 808.6 0.37 71
SFIX,R 187549562
EFIX,R 187549562 187549597 36 994.5 835.0 1622
SSACC,R 187549598
ESACC,R 187549598 187549656 59 998.9 855.9 1069.7 976.5 2.30 81
SFIX,R 187549657
EFIX,R 187549657 187549696 40 1092.9 1012.2 1422
SSACC,R 187549697
SBLINK,R 187549717
EBLINK,R 187549717 187553486 3770
ESACC,R 187549697 187553545 3849 1109.0 1053.8 1537.3 520.8 11.24 170
SFIX,R 187553546
EFIX,R 187553546 187553565 20 1538.3 490.7 2422
SSACC,R 187553566
ESACC,R 187553566 187553614 49 1535.8 463.9 797.6 189.8 13.21 501
SFIX,R 187553615
EFIX,R 187553615 187553811 197 799.6 178.0 3157
SSACC,R 187553812
ESACC,R 187553812 187553818 7 813.6 149.5 798.0 156.5 0.29 45
SFIX,R 187553819
EFIX,R 187553819 187554694 876 800.1 153.8 3586
SSACC,R 187554695
ESACC,R 187554695 187554772 78 803.1 175.6 1407.2 895.7 15.71 320
SFIX,R 187554773
EFIX,R 187554773 187555228 456 1421.7 910.7 3437
SSACC,R 187555229
ESACC,R 187555229 187555256 28 1426.8 915.3 1529.1 1173.4 4.43 326
SFIX,R 187555257
EFIX,R 187555257 187555529 273 1530.6 1176.2 3623
SSACC,R 187555530
ESACC,R 187555530 187555547 18 1534.6 1174.3 1561.1 1084.1 1.48 135
SFIX,R 187555548
EFIX,R 187555548 187556232 685 1565.0 1070.6 3566
SSACC,R 187556233
ESACC,R 187556233 187556301 69 1565.9 1079.9 2037.0 604.8 10.59 273
SFIX,R 187556302
EFIX,R 187556302 187556937 636 2043.2 668.7 3100
SSACC,R 187556938
SBLINK,R 187556959
EBLINK,R 187556959 187557094 136
ESACC,R 187556938 187557162 225 2049.9 691.1 1638.6 1018.6 8.28 966
SFIX,R 187557163
EFIX,R 187557163 187557407 245 1625.6 1040.3 3323
SSACC,R 187557408
ESACC,R 187557408 187557432 25 1625.3 1059.7 1510.6 1172.7 2.55 174
SFIX,R 187557433
EFIX,R 187557433 187557768 336 1501.6 1167.3 3361
SSACC,R 187557769
ESACC,R 187557769 187557782 14 1507.8 1163.7 1543.8 1153.4 0.60 58
SFIX,R 187557783
EFIX,R 187557783 187558396 614 1564.2 1156.9 3393
SSACC,R 187558397
ESACC,R 187558397 187558409 13 1563.0 1164.6 1519.7 1195.4 0.84 81
SFIX,R 187558410
EFIX,R 187558410 187559146 737 1508.8 1194.2 3461
SSACC,R 187559147
ESACC,R 187559147 187559160 14 1511.6 1196.1 1561.3 1185.1 0.81 70
SFIX,R 187559161
EFIX,R 187559161 187559314 154 1591.5 1183.8 3358
SSACC,R 187559315
ESACC,R 187559315 187559331 17 1595.5 1183.3 1660.6 1168.3 1.05 71
SFIX,R 187559332
EFIX,R 187559332 187560050 719 1669.5 1170.1 3304
SSACC,R 187560051
SBLINK,R 187560067
EBLINK,R 187560067 187560225 159
ESACC,R 187560051 187560293 243 1673.5 1170.3 1893.3 441.8 12.14 646
SFIX,R 187560294
EFIX,R 187560294 187561265 972 1868.1 534.6 2848
SSACC,R 187561266
ESACC,R 187561266 187561293 28 1863.7 542.4 2120.7 387.8 4.71 343
SFIX,R 187561294
EFIX,R 187561294 187561740 447 2124.2 372.1 2747
SSACC,R 187561741
ESACC,R 187561741 187561793 53 2126.3 375.8 1598.3 1075.2 13.88 473
SFIX,R 187561794
EFIX,R 187561794 187562470 677 1578.0 1116.2 3132
SSACC,R 187562471
ESACC,R 187562471 187562505 35 1580.0 1119.4 1635.5 1315.4 3.15 261
SFIX,R 187562506
EFIX,R 187562506 187562872 367 1634.6 1325.9 3193
SSACC,R 187562873
ESACC,R 187562873 187562889 17 1635.4 1326.3 1715.2 1354.4 1.31 102
SFIX,R 187562890
EFIX,R 187562890 187563545 656 1722.7 1358.4 3175
SSACC,R 187563546
ESACC,R 187563546 187563591 46 1723.8 1358.7 1738.2 1048.2 4.78 204
SFIX,R 187563592
EFIX,R 187563592 187564971 1380 1737.4 1044.7 3141
SSACC,R 187564972
ESACC,R 187564972 187565058 87 1735.4 1036.2 1083.3 269.2 16.51 353
SFIX,R 187565059
EFIX,R 187565059 187566596 1538 1050.8 278.0 2723
SSACC,R 187566597
SBLINK,R 187566672
EBLINK,R 187566672 187566776 105
ESACC,R 187566597 187566814 218 1037.5 284.8 150.6 980.8 18.49 1358
SFIX,R 187566815
EFIX,R 187566815 187567285 471 155.5 950.2 2520
SSACC,R 187567286
ESACC,R 187567286 187567351 66 170.1 940.6 640.4 1676.3 13.32 366
SFIX,R 187567352
EFIX,R 187567352 187568055 704 647.2 1667.1 3196
SSACC,R 187568056
ESACC,R 187568056 187568085 30 651.0 1655.1 499.1 1803.0 3.13 203
SFIX,R 187568086
EFIX,R 187568086 187568355 270 496.5 1795.8 3394
SSACC,R 187568356
ESACC,R 187568356 187568392 37 497.7 1792.0 492.8 1440.5 5.07 217
SFIX,R 187568393
EFIX,R 187568393 187568767 375 477.0 1415.5 3468
SSACC,R 187568768
ESACC,R 187568768 187568831 64 477.5 1416.8 1394.2 1080.4 15.54 442
SFIX,R 187568832
EFIX,R 187568832 187569212 381 1390.8 1084.4 3249
SSACC,R 187569213
ESACC,R 187569213 187569238 26 1391.2 1085.9 1527.1 1183.8 2.67 206
SFIX,R 187569239
EFIX,R 187569239 187569719 481 1532.5 1189.6 3171
SSACC,R 187569720
ESACC,R 187569720 187569784 65 1529.7 1189.1 878.6 252.5 18.67 498
SFIX,R 187569785
EFIX,R 187569785 187570334 550 839.0 262.2 2589
SSACC,R 187570335
ESACC,R 187570335 187570411 77 822.9 262.0 1211.0 1091.2 15.17 358
SFIX,R 187570412
EFIX,R 187570412 187571461 1050 1241.7 1119.1 2881
SSACC,R 187571462
ESACC,R 187571462 187571489 28 1252.3 1107.0 1529.4 1140.3 4.51 296
SFIX,R 187571490
EFIX,R 187571490 187571852 363 1578.1 1160.0 3062
SSACC,R 187571853
ESACC,R 187571853 187571877 25 1584.3 1159.9 1665.6 1074.8 1.86 122
SFIX,R 187571878
EFIX,R 187571878 187573931 2054 1741.8 1070.8 3014
SSACC,R 187573932
ESACC,R 187573932 187573968 37 1745.1 1062.8 1625.4 932.2 2.81 102
SFIX,R 187573969
EFIX,R 187573969 187574068 100 1562.3 915.1 3055
SSACC,R 187574069
ESACC,R 187574069 187574087 19 1553.3 913.6 1492.0 914.1 1.00 71
SFIX,R 187574088
EFIX,R 187574088 187574906 819 1455.8 929.8 2826
SSACC,R 187574907
ESACC,R 187574907 187574929 23 1450.1 924.9 1357.0 900.9 1.57 94
SFIX,R 187574930
EFIX,R 187574930 187578735 3806 1126.9 873.3 2883
SSACC,R 187578736
ESACC,R 187578736 187578743 8 1108.0 894.3 1103.2 874.1 0.34 45
SFIX,R 187578744
EFIX,R 187578744 187578879 136 1061.8 826.4 2584
SSACC,R 187578880
ESACC,R 187578880 187578935 56 1021.8 779.3 806.2 321.2 8.55 282
SFIX,R 187578936
EFIX,R 187578936 187579066 131 777.1 296.7 2337
SSACC,R 187579067
ESACC,R 187579067 187579085 19 771.5 293.9 763.5 228.4 1.13 112
SFIX,R 187579086
EFIX,R 187579086 187579500 415 761.6 228.2 2234
SSACC,R 187579501
ESACC,R 187579501 187579522 22 773.8 232.4 775.6 336.8 1.79 151
SFIX,R 187579523
EFIX,R 187579523 187581357 1835 773.0 332.6 2716
SSACC,R 187581358
ESACC,R 187581358 187581434 77 774.2 328.0 198.3 45.3 10.68 234
SFIX,R 187581435
EFIX,R 187581435 187581860 426 132.1 61.7 2631
SSACC,R 187581861
SBLINK,R 187581898
EBLINK,R 187581898 187582042 145
ESACC,R 187581861 187582087 227 135.3 63.9 516.9 534.7 10.05 1462
SFIX,R 187582088
EFIX,R 187582088 187583113 1026 510.4 514.1 2896
SSACC,R 187583114
ESACC,R 187583114 187583143 30 505.2 515.1 764.8 211.8 6.75 483
SFIX,R 187583144
EFIX,R 187583144 187583702 559 780.5 222.5 2620
SSACC,R 187583703
ESACC,R 187583703 187583739 37 797.9 231.5 1076.9 825.7 11.06 553
SFIX,R 187583740
EFIX,R 187583740 187584048 309 1082.9 843.3 2879
SSACC,R 187584049
ESACC,R 187584049 187584103 55 1081.2 846.5 807.6 192.4 11.94 419
SFIX,R 187584104
EFIX,R 187584104 187585590 1487 802.3 179.9 2712
SSACC,R 187585591
SBLINK,R 187585626
EBLINK,R 187585626 187585760 135
ESACC,R 187585591 187585808 218 809.3 179.1 1551.4 958.8 17.86 1464
SFIX,R 187585809
EFIX,R 187585809 187586172 364 1537.1 983.5 2619
SSACC,R 187586173
ESACC,R 187586173 187586236 64 1532.2 974.7 1905.2 441.3 10.52 337
SFIX,R 187586237
EFIX,R 187586237 187586412 176 1903.4 437.7 2621
SSACC,R 187586413
ESACC,R 187586413 187586455 43 1903.7 438.9 1272.0 387.2 10.33 511
SFIX,R 187586456
EFIX,R 187586456 187586736 281 1254.6 380.2 3001
SSACC,R 187586737
ESACC,R 187586737 187586795 59 1252.9 382.5 1594.2 47.9 8.03 217
SFIX,R 187586796
EFIX,R 187586796 187587252 457 1596.2 43.6 2540
SSACC,R 187587253
ESACC,R 187587253 187587318 66 1598.8 46.5 911.4 201.6 11.79 395
SFIX,R 187587319
EFIX,R 187587319 187587383 65 899.8 197.0 2878
SSACC,R 187587384
ESACC,R 187587384 187587403 20 897.7 196.4 806.6 207.9 1.56 151
SFIX,R 187587404
EFIX,R 187587404 187588179 776 777.4 228.7 2529
SSACC,R 187588180
ESACC,R 187588180 187588216 37 763.3 235.1 1179.2 738.6 11.03 590
SFIX,R 187588217
EFIX,R 187588217 187588841 625 1194.1 758.5 2481
SSACC,R 187588842
ESACC,R 187588842 187588873 32 1187.0 754.6 1256.2 605.9 2.75 131
SFIX,R 187588874
EFIX,R 187588874 187589113 240 1293.8 546.7 2518
SSACC,R 187589114
ESACC,R 187589114 187589187 74 1297.5 538.9 1854.8 1061.2 12.34 262
SFIX,R 187589188
EFIX,R 187589188 187589660 473 1860.0 1080.3 2577
SSACC,R 187589661
ESACC,R 187589661 187589711 51 1859.1 1070.2 2164.0 904.0 5.29 140
SFIX,R 187589712
EFIX,R 187589712 187589984 273 2198.4 860.1 2558
SSACC,R 187589985
ESACC,R 187589985 187590029 45 2197.6 857.8 2051.2 505.6 6.01 192
SFIX,R 187590030
EFIX,R 187590030 187590228 199 2013.5 462.7 2670
SSACC,R 187590229
ESACC,R 187590229 187590253 25 2012.8 463.8 2142.1 424.6 2.08 112
SFIX,R 187590254
EFIX,R 187590254 187590482 229 2304.3 478.6 2537
SSACC,R 187590483
ESACC,R 187590483 187590525 43 2323.3 492.2 2064.6 210.2 5.96 272
SFIX,R 187590526
EFIX,R 187590526 187591304 779 2043.5 183.2 2455
SSACC,R 187591305
ESACC,R 187591305 187591381 77 2040.6 192.0 1042.1 545.5 17.18 437
SFIX,R 187591382
EFIX,R 187591382 187591745 364 992.9 546.5 2535
SSACC,R 187591746
ESACC,R 187591746 187591776 31 981.2 550.7 798.6 271.1 5.69 349
SFIX,R 187591777
EFIX,R 187591777 187591928 152 776.0 258.7 2258
SSACC,R 187591929
ESACC,R 187591929 187591940 12 771.4 257.4 753.3 223.6 0.66 62
SFIX,R 187591941
EFIX,R 187591941 187592425 485 764.3 226.8 2393
SSACC,R 187592426
ESACC,R 187592426 187592456 31 768.3 232.5 1151.4 320.9 6.68 463
SFIX,R 187592457
EFIX,R 187592457 187593083 627 1183.9 331.2 2467
SSACC,R 187593084
ESACC,R 187593084 187593149 66 1188.8 329.5 1053.2 1001.9 11.42 287
SFIX,R 187593150
EFIX,R 187593150 187594204 1055 1057.6 1012.4 2915
SSACC,R 187594205
ESACC,R 187594205 187594256 52 1060.3 1001.7 899.7 758.3 4.82 115
SFIX,R 187594257
EFIX,R 187594257 187594616 360 862.5 733.5 2942
SSACC,R 187594617
ESACC,R 187594617 187594698 82 855.7 736.1 184.9 609.1 11.22 203
SFIX,R 187594699
EFIX,R 187594699 187595933 1235 168.4 609.2 2802
SSACC,R 187595934
ESACC,R 187595934 187596006 73 163.8 605.7 752.2 380.1 10.41 339
SFIX,R 187596007
EFIX,R 187596007 187596099 93 747.4 371.1 2575
SSACC,R 187596100
ESACC,R 187596100 187596123 24 743.9 367.7 781.4 221.4 2.58 220
SFIX,R 187596124
EFIX,R 187596124 187597034 911 771.1 230.3 2395
SSACC,R 187597035
ESACC,R 187597035 187597068 34 773.4 231.7 1055.3 709.6 9.39 524
SFIX,R 187597069
EFIX,R 187597069 187597209 141 1058.3 717.8 2552
SSACC,R 187597210
ESACC,R 187597210 187597218 9 1058.9 720.5 1072.0 750.3 0.54 67
SFIX,R 187597219
EFIX,R 187597219 187597448 230 1079.1 758.8 2476
SSACC,R 187597449
SBLINK,R 187597474
EBLINK,R 187597474 187597653 180
ESACC,R 187597449 187597692 244 1078.9 766.9 1053.6 816.8 0.93 1077
SFIX,R 187597693
EFIX,R 187597693 187598095 403 1040.6 782.5 2613
SSACC,R 187598096
ESACC,R 187598096 187598122 27 1041.0 779.6 832.4 802.2 3.52 253
SFIX,R 187598123
EFIX,R 187598123 187599205 1083 826.9 811.6 2850
SSACC,R 187599206
ESACC,R 187599206 187599239 34 827.7 818.3 515.8 1034.3 6.23 362
SFIX,R 187599240
EFIX,R 187599240 187599616 377 492.5 1046.7 2673
SSACC,R 187599617
ESACC,R 187599617 187599627 11 497.5 1036.8 533.1 1039.4 0.58 64
SFIX,R 187599628
EFIX,R 187599628 187599925 298 539.8 1048.1 2873
SSACC,R 187599926
ESACC,R 187599926 187599952 27 543.3 1043.0 508.5 1290.6 3.93 293
SFIX,R 187599953
EFIX,R 187599953 187600231 279 512.3 1306.8 3005
SSACC,R 187600232
ESACC,R 187600232 187600256 25 514.2 1306.3 565.3 1206.3 1.75 93
SFIX,R 187600257
EFIX,R 187600257 187600681 425 590.8 1162.9 3074
SSACC,R 187600682
ESACC,R 187600682 187600734 53 593.1 1158.2 1109.2 376.0 15.43 719
SFIX,R 187600735
EFIX,R 187600735 187600871 137 1106.1 375.6 2734
SSACC,R 187600872
ESACC,R 187600872 187600883 12 1102.3 376.5 1094.7 332.3 0.77 81
SFIX,R 187600884
EFIX,R 187600884 187602563 1680 1075.6 333.1 2166
SSACC,R 187602564
ESACC,R 187602564 187602627 64 1075.2 337.4 1422.5 1138.3 14.35 411
SFIX,R 187602628
EFIX,R 187602628 187603014 387 1428.2 1147.5 2569
SSACC,R 187603015
ESACC,R 187603015 187603037 23 1436.9 1139.3 1541.5 1194.1 1.88 135
SFIX,R 187603038
EFIX,R 187603038 187603601 564 1548.5 1186.3 2808
SSACC,R 187603602
ESACC,R 187603602 187603627 26 1546.1 1181.3 1487.4 1001.6 3.00 158
SFIX,R 187603628
EFIX,R 187603628 187604615 988 1469.9 952.4 2821
SSACC,R 187604616
SBLINK,R 187604652
EBLINK,R 187604652 187604864 213
ESACC,R 187604616 187604924 309 1467.3 961.3 554.5 947.5 14.92 1216
SFIX,R 187604925
EFIX,R 187604925 187604997 73 548.0 903.2 2305
SSACC,R 187604998
ESACC,R 187604998 187605028 31 545.4 891.5 774.0 565.3 6.63 485
SFIX,R 187605029
EFIX,R 187605029 187605259 231 765.8 554.7 2329
SSACC,R 187605260
ESACC,R 187605260 187605333 74 761.5 567.1 637.8 1970.7 21.04 584
SFIX,R 187605334
EFIX,R 187605334 187605517 184 611.0 2016.3 2309
SSACC,R 187605518
ESACC,R 187605518 187605579 62 601.8 2014.5 751.4 455.7 23.32 756
SFIX,R 187605580
EFIX,R 187605580 187606134 555 753.3 462.4 2613
SSACC,R 187606135
ESACC,R 187606135 187606224 90 764.2 468.3 583.0 1726.2 19.63 439
SFIX,R 187606225
EFIX,R 187606225 187606415 191 571.5 1754.3 2878
SSACC,R 187606416
ESACC,R 187606416 187606505 90 571.9 1755.0 -58.3 1550.0 9.86 158
SFIX,R 187606506
EFIX,R 187606506 187606960 455 -78.8 1533.4 2863
SSACC,R 187606961
ESACC,R 187606961 187607050 90 -72.9 1527.1 669.4 586.8 18.63 325
SFIX,R 187607051
EFIX,R 187607051 187607548 498 648.5 581.5 2565
SSACC,R 187607549
ESACC,R 187607549 187607607 59 637.0 586.8 64.0 369.6 10.03 235
SFIX,R 187607608
EFIX,R 187607608 187608046 439 -11.7 351.0 2165
SSACC,R 187608047
ESACC,R 187608047 187608125 79 -2.8 347.8 576.4 496.0 9.72 203
SFIX,R 187608126
EFIX,R 187608126 187608174 49 667.3 559.9 2464
SSACC,R 187608175
SBLINK,R 187608274
EBLINK,R 187608274 187612878 4605
ESACC,R 187608175 187612914 4740 743.0 634.3 1103.9 632.1 6.08 188
SFIX,R 187612915
EFIX,R 187612915 187613844 930 1194.9 510.1 3232
SSACC,R 187613845
ESACC,R 187613845 187613921 77 1212.1 498.8 1700.3 369.2 8.37 155
SFIX,R 187613922
EFIX,R 187613922 187614089 168 1710.4 371.0 2946
SSACC,R 187614090
ESACC,R 187614090 187614136 47 1709.3 371.8 768.1 474.2 15.68 640
SFIX,R 187614137
EFIX,R 187614137 187614251 115 760.5 483.0 3196
SSACC,R 187614252
ESACC,R 187614252 187614260 9 758.4 480.2 784.0 482.6 0.44 52
SFIX,R 187614261
EFIX,R 187614261 187615793 1533 777.9 509.4 2939
SSACC,R 187615794
SBLINK,R 187615819
EBLINK,R 187615819 187616030 212
ESACC,R 187615794 187616074 281 780.8 521.7 1342.0 617.3 9.57 1321
SFIX,R 187616075
EFIX,R 187616075 187616623 549 1327.3 622.5 2737
SSACC,R 187616624
ESACC,R 187616624 187616678 55 1329.5 612.9 1863.7 550.5 8.75 207
SFIX,R 187616679
EFIX,R 187616679 187617592 914 1914.1 580.1 2666
SSACC,R 187617593
ESACC,R 187617593 187617619 27 1913.4 578.6 2139.6 449.3 4.07 302
SFIX,R 187617620
EFIX,R 187617620 187618093 474 2141.4 429.6 2669
SSACC,R 187618094
ESACC,R 187618094 187618136 43 2141.0 431.3 1820.5 830.6 8.11 431
SFIX,R 187618137
EFIX,R 187618137 187618609 473 1812.6 832.6 2890
SSACC,R 187618610
ESACC,R 187618610 187618636 27 1811.5 836.9 1918.9 1014.2 3.27 231
SFIX,R 187618637
EFIX,R 187618637 187619195 559 1925.0 1021.2 2893
SSACC,R 187619196
ESACC,R 187619196 187619212 17 1924.2 1020.0 1940.1 952.3 1.09 88
SFIX,R 187619213
EFIX,R 187619213 187619729 517 1939.5 931.8 2996
SSACC,R 187619730
ESACC,R 187619730 187619751 22 1935.3 922.3 1808.0 975.0 2.15 188
SFIX,R 187619752
EFIX,R 187619752 187620873 1122 1790.3 995.0 2956
SSACC,R 187620874
ESACC,R 187620874 187620901 28 1792.0 1001.6 1711.8 1235.2 3.85 245
SFIX,R 187620902
EFIX,R 187620902 187621337 436 1698.9 1238.2 3038
SSACC,R 187621338
ESACC,R 187621338 187621346 9 1702.6 1250.4 1725.3 1252.8 0.35 43
SFIX,R 187621347
EFIX,R 187621347 187621651 305 1731.1 1286.9 3099
SSACC,R 187621652
ESACC,R 187621652 187621679 28 1733.5 1280.3 1511.4 1361.2 3.68 240
SFIX,R 187621680
EFIX,R 187621680 187621808 129 1493.2 1362.1 3284
SSACC,R 187621809
ESACC,R 187621809 187621825 17 1488.5 1365.3 1535.6 1300.6 1.23 115
SFIX,R 187621826
EFIX,R 187621826 187622170 345 1550.4 1287.7 3259
SSACC,R 187622171
SBLINK,R 187622189
EBLINK,R 187622189 187622358 170
ESACC,R 187622171 187622411 241 1551.0 1298.1 1244.8 1006.2 6.73 434
SFIX,R 187622412
EFIX,R 187622412 187622524 113 1234.1 1017.7 3042
SSACC,R 187622525
ESACC,R 187622525 187622540 16 1227.1 1029.2 1248.6 1088.5 1.01 97
SFIX,R 187622541
EFIX,R 187622541 187622900 360 1252.8 1091.6 3064
SSACC,R 187622901
ESACC,R 187622901 187622917 17 1259.3 1086.1 1210.2 1010.8 1.45 103
SFIX,R 187622918
EFIX,R 187622918 187623297 380 1195.8 1002.3 3296
SSACC,R 187623298
ESACC,R 187623298 187623327 30 1191.8 1007.6 1496.5 1156.1 5.49 355
SFIX,R 187623328
EFIX,R 187623328 187623698 371 1524.4 1176.2 3110
SSACC,R 187623699
ESACC,R 187623699 187623709 11 1526.7 1170.4 1512.2 1134.3 0.61 66
SFIX,R 187623710
EFIX,R 187623710 187624206 497 1502.9 1121.5 3190
SSACC,R 187624207
ESACC,R 187624207 187624217 11 1505.4 1115.6 1528.7 1083.7 0.63 69
SFIX,R 187624218
EFIX,R 187624218 187625424 1207 1548.2 1097.0 3121
SSACC,R 187625425
ESACC,R 187625425 187625445 21 1548.3 1114.4 1623.3 1066.2 1.42 81
SFIX,R 187625446
EFIX,R 187625446 187626769 1324 1812.3 1021.2 2876
SSACC,R 187626770
ESACC,R 187626770 187626836 67 1816.7 1021.7 2124.9 1459.5 8.04 205
SFIX,R 187626837
EFIX,R 187626837 187627220 384 2146.7 1530.7 2849
SSACC,R 187627221
ESACC,R 187627221 187627249 29 2142.5 1528.8 2024.2 1554.8 1.75 118
SFIX,R 187627250
EFIX,R 187627250 187627580 331 2016.0 1543.9 2995
SSACC,R 187627581
ESACC,R 187627581 187627608 28 2015.0 1542.3 1895.4 1808.4 4.09 236
SFIX,R 187627609
EFIX,R 187627609 187628086 478 1880.0 1799.9 3228
SSACC,R 187628087
ESACC,R 187628087 187628133 47 1879.2 1787.2 1542.7 1127.2 10.93 513
SFIX,R 187628134
EFIX,R 187628134 187628530 397 1526.3 1122.3 3175
SSACC,R 187628531
ESACC,R 187628531 187628541 11 1522.7 1118.1 1496.8 1155.3 0.72 77
SFIX,R 187628542
EFIX,R 187628542 187628926 385 1482.4 1168.1 3173
SSACC,R 187628927
ESACC,R 187628927 187628957 31 1483.2 1170.0 1410.6 1022.6 2.61 111
SFIX,R 187628958
EFIX,R 187628958 187629332 375 1320.3 917.5 2933
SSACC,R 187629333
ESACC,R 187629333 187629362 30 1308.3 923.7 1517.5 1115.4 4.58 291
SFIX,R 187629363
EFIX,R 187629363 187629708 346 1523.0 1137.0 2653
SSACC,R 187629709
ESACC,R 187629709 187629756 48 1520.7 1124.3 1365.0 874.0 4.75 143
SFIX,R 187629757
EFIX,R 187629757 187629893 137 1258.6 813.8 2872
SSACC,R 187629894
ESACC,R 187629894 187629898 5 1240.0 863.0 1242.7 879.2 0.27 61
SFIX,R 187629899
EFIX,R 187629899 187629960 62 1262.7 938.4 2649
SSACC,R 187629961
ESACC,R 187629961 187630016 56 1290.1 1005.9 1386.8 1221.1 3.76 124
SFIX,R 187630017
EFIX,R 187630017 187630061 45 1438.7 1315.9 1962
SSACC,R 187630062
SBLINK,R 187630119
EBLINK,R 187630119 187630132 14
ESACC,R 187630062 187630553 492 1458.1 1412.0 1609.1 1280.5 3.10 198
SFIX,R 187630554
EFIX,R 187630554 187631304 751 1590.3 1058.1 3084
SSACC,R 187631305
ESACC,R 187631305 187631356 52 1576.4 1030.2 1721.5 783.8 4.60 133
SFIX,R 187631357
EFIX,R 187631357 187632130 774 1767.3 780.6 2925
SSACC,R 187632131
ESACC,R 187632131 187632149 19 1769.2 810.9 1820.0 769.5 1.05 74
SFIX,R 187632150
EFIX,R 187632150 187632243 94 1882.2 714.9 2581
SSACC,R 187632244
ESACC,R 187632244 187632252 9 1911.9 700.3 1935.1 701.2 0.36 45
SFIX,R 187632253
EFIX,R 187632253 187632757 505 1983.0 686.9 2570
SSACC,R 187632758
ESACC,R 187632758 187632809 52 1980.8 685.7 1690.6 909.4 5.81 202
SFIX,R 187632810
EFIX,R 187632810 187632889 80 1593.2 984.8 2865
SSACC,R 187632890
ESACC,R 187632890 187632928 39 1519.8 1033.8 1545.5 1159.0 2.02 92
SFIX,R 187632929
EFIX,R 187632929 187632953 25 1550.8 1187.6 2694
SSACC,R 187632954
SBLINK,R 187633243
EBLINK,R 187633243 187635419 2177
ESACC,R 187632954 187635464 2511 1555.3 1211.5 1200.8 727.4 9.69 239
SFIX,R 187635465
EFIX,R 187635465 187635960 496 1197.3 606.1 3085
SSACC,R 187635961
ESACC,R 187635961 187636024 64 1201.0 566.0 1717.3 393.3 9.01 203
SFIX,R 187636025
EFIX,R 187636025 187637062 1038 1756.2 449.0 3295
SSACC,R 187637063
ESACC,R 187637063 187637087 25 1756.5 464.8 1869.9 480.1 1.83 121
SFIX,R 187637088
EFIX,R 187637088 187638249 1162 1932.6 555.8 2926
SSACC,R 187638250
ESACC,R 187638250 187638392 143 1938.8 552.6 948.8 336.7 16.54 273
SFIX,R 187638393
EFIX,R 187638393 187638501 109 932.3 337.0 3120
SSACC,R 187638502
ESACC,R 187638502 187638531 30 919.7 345.9 790.6 180.6 3.58 204
SFIX,R 187638532
EFIX,R 187638532 187639371 840 775.9 200.5 2587
SSACC,R 187639372
ESACC,R 187639372 187639392 21 778.0 204.5 779.8 309.0 1.79 163
SFIX,R 187639393
EFIX,R 187639393 187639770 378 782.0 311.1 2611
SSACC,R 187639771
ESACC,R 187639771 187639781 11 777.3 309.1 740.8 321.6 0.66 69
SFIX,R 187639782
EFIX,R 187639782 187639882 101 733.0 323.9 2672
SSACC,R 187639883
SBLINK,R 187639916
EBLINK,R 187639916 187640054 139
ESACC,R 187639883 187640103 221 736.8 319.7 867.0 484.2 3.57 1657
SFIX,R 187640104
EFIX,R 187640104 187640558 455 853.7 481.3 2883
SSACC,R 187640559
ESACC,R 187640559 187640622 64 849.7 482.5 1425.9 954.3 12.38 306
SFIX,R 187640623
EFIX,R 187640623 187641261 639 1457.9 1000.6 2896
SSACC,R 187641262
ESACC,R 187641262 187641287 26 1466.2 1000.6 1449.4 1158.9 2.53 184
SFIX,R 187641288
EFIX,R 187641288 187641867 580 1445.8 1134.7 3248
SSACC,R 187641868
ESACC,R 187641868 187641881 14 1448.4 1138.3 1489.5 1154.5 0.71 60
SFIX,R 187641882
EFIX,R 187641882 187642700 819 1500.3 1156.1 3213
SSACC,R 187642701
ESACC,R 187642701 187642740 40 1498.2 1159.9 1111.9 1061.5 6.46 321
SFIX,R 187642741
EFIX,R 187642741 187642994 254 1091.3 1053.6 3245
SSACC,R 187642995
ESACC,R 187642995 187643049 55 1083.7 1055.7 808.5 211.4 14.76 505
SFIX,R 187643050
EFIX,R 187643050 187643973 924 774.1 208.3 2432
SSACC,R 187643974
ESACC,R 187643974 187644012 39 761.1 212.4 1270.3 721.3 12.15 613
SFIX,R 187644013
EFIX,R 187644013 187644791 779 1288.5 753.8 2489
SSACC,R 187644792
ESACC,R 187644792 187644838 47 1294.8 755.2 1658.8 1197.9 9.21 362
SFIX,R 187644839
EFIX,R 187644839 187645258 420 1662.3 1234.0 2768
SSACC,R 187645259
ESACC,R 187645259 187645283 25 1662.8 1226.9 1731.3 1374.2 2.48 175
SFIX,R 187645284
EFIX,R 187645284 187645660 377 1729.9 1360.8 2914
SSACC,R 187645661
ESACC,R 187645661 187645693 33 1730.1 1360.4 1553.8 1177.9 3.92 198
SFIX,R 187645694
EFIX,R 187645694 187645971 278 1538.7 1176.5 3074
SSACC,R 187645972
ESACC,R 187645972 187645982 11 1536.8 1169.5 1515.6 1130.9 0.69 72
SFIX,R 187645983
EFIX,R 187645983 187646707 725 1496.8 1094.0 3113
SSACC,R 187646708
ESACC,R 187646708 187646741 34 1492.3 1098.9 1073.5 1133.2 6.82 403
SFIX,R 187646742
EFIX,R 187646742 187646921 180 1053.3 1129.8 3305
SSACC,R 187646922
ESACC,R 187646922 187646937 16 1051.8 1130.7 1100.8 1120.1 0.82 68
SFIX,R 187646938
EFIX,R 187646938 187647922 985 1113.7 1118.9 3303
SSACC,R 187647923
ESACC,R 187647923 187647956 34 1111.5 1118.3 1464.5 1173.4 5.79 359
SFIX,R 187647957
EFIX,R 187647957 187648451 495 1506.5 1183.5 3066
SSACC,R 187648452
ESACC,R 187648452 187648458 7 1511.1 1177.5 1516.9 1160.0 0.29 45
SFIX,R 187648459
EFIX,R 187648459 187648873 415 1515.3 1158.1 2872
SSACC,R 187648874
ESACC,R 187648874 187648882 9 1516.5 1223.8 1487.8 1230.9 0.47 57
SFIX,R 187648883
EFIX,R 187648883 187649088 206 1475.5 1256.9 1642
SSACC,R 187649089
ESACC,R 187649089 187649124 36 1468.0 1263.3 1068.6 828.1 9.52 536
SFIX,R 187649125
EFIX,R 187649125 187649279 155 1053.0 821.3 1569
SSACC,R 187649280
ESACC,R 187649280 187649314 35 1050.2 818.1 938.1 548.7 4.90 284
SFIX,R 187649315
EFIX,R 187649315 187649444 130 928.2 544.3 1304
SSACC,R 187649445
ESACC,R 187649445 187649474 30 919.0 543.3 948.3 272.5 4.65 288
SFIX,R 187649475
EFIX,R 187649475 187649696 222 945.3 267.1 1009
SSACC,R 187649697
ESACC,R 187649697 187649730 34 942.7 260.4 1298.6 275.2 6.04 358
SFIX,R 187649731
EFIX,R 187649731 187649898 168 1294.3 284.3 958
SSACC,R 187649899
ESACC,R 187649899 187649920 22 1292.6 289.8 1345.4 380.4 1.78 153
SFIX,R 187649921
EFIX,R 187649921 187650052 132 1351.4 389.4 1083
SSACC,R 187650053
ESACC,R 187650053 187650084 32 1352.8 390.8 1206.9 167.2 4.54 279
SFIX,R 187650085
EFIX,R 187650085 187650224 140 1200.7 168.5 1097
SSACC,R 187650225
ESACC,R 187650225 187650231 7 1201.1 169.5 1219.0 178.0 0.34 48
SFIX,R 187650232
EFIX,R 187650232 187650444 213 1222.6 181.9 1101
SSACC,R 187650445
ESACC,R 187650445 187650475 31 1225.4 184.2 1418.4 444.3 5.49 349
SFIX,R 187650476
EFIX,R 187650476 187650950 475 1433.5 474.3 1321
SSACC,R 187650951
ESACC,R 187650951 187650986 36 1432.0 478.9 969.0 629.7 8.17 436
SFIX,R 187650987
EFIX,R 187650987 187651229 243 960.0 621.0 2166
SSACC,R 187651230
ESACC,R 187651230 187651270 41 966.4 611.5 923.9 96.3 8.80 405
SFIX,R 187651271
EFIX,R 187651271 187651551 281 915.4 82.1 2405
SSACC,R 187651552
ESACC,R 187651552 187651594 43 907.8 85.9 1019.9 626.1 9.39 467
SFIX,R 187651595
EFIX,R 187651595 187651927 333 1020.7 646.7 2551
SSACC,R 187651928
ESACC,R 187651928 187651987 60 1015.5 667.3 1557.3 1234.4 12.72 498
SFIX,R 187651988
EFIX,R 187651988 187652348 361 1563.1 1230.3 2414
SSACC,R 187652349
ESACC,R 187652349 187652363 15 1566.1 1220.4 1543.6 1154.3 1.09 92
SFIX,R 187652364
EFIX,R 187652364 187652695 332 1537.8 1157.5 2712
SSACC,R 187652696
ESACC,R 187652696 187652750 55 1537.3 1145.4 798.1 243.2 19.15 684
SFIX,R 187652751
EFIX,R 187652751 187652895 145 795.3 240.9 2920
SSACC,R 187652896
ESACC,R 187652896 187652908 13 793.0 233.2 790.7 189.8 0.74 79
SFIX,R 187652909
EFIX,R 187652909 187653352 444 764.7 198.8 2370
SSACC,R 187653353
ESACC,R 187653353 187653375 23 745.3 205.9 755.8 318.6 1.94 160
SFIX,R 187653376
EFIX,R 187653376 187653738 363 757.8 318.8 2086
SSACC,R 187653739
SBLINK,R 187653766
EBLINK,R 187653766 187653923 158
ESACC,R 187653739 187653965 227 763.1 327.4 1424.6 1079.8 16.55 1401
SFIX,R 187653966
EFIX,R 187653966 187654280 315 1418.1 1100.3 2461
SSACC,R 187654281
ESACC,R 187654281 187654304 24 1425.8 1085.5 1489.4 1196.6 2.03 145
SFIX,R 187654305
EFIX,R 187654305 187654764 460 1494.6 1182.2 2786
SSACC,R 187654765
ESACC,R 187654765 187654774 10 1492.8 1161.2 1479.5 1124.4 0.62 73
SFIX,R 187654775
EFIX,R 187654775 187655165 391 1476.4 1126.3 3008
SSACC,R 187655166
ESACC,R 187655166 187655186 21 1475.4 1121.2 1507.6 1031.0 1.52 124
SFIX,R 187655187
EFIX,R 187655187 187655575 389 1515.5 1032.3 2976
SSACC,R 187655576
ESACC,R 187655576 187655636 61 1514.6 1032.2 1265.5 255.5 13.47 420
SFIX,R 187655637
EFIX,R 187655637 187656000 364 1216.7 227.6 2378
SSACC,R 187656001
ESACC,R 187656001 187656027 27 1206.2 223.5 1165.6 -19.4 4.21 315
SFIX,R 187656028
EFIX,R 187656028 187656766 739 1157.5 -28.5 2169
SSACC,R 187656767
ESACC,R 187656767 187656860 94 1164.6 -21.2 932.5 853.2 15.19 368
SFIX,R 187656861
EFIX,R 187656861 187656994 134 892.4 888.3 2629
SSACC,R 187656995
ESACC,R 187656995 187657037 43 884.7 898.7 808.5 203.0 11.75 565
SFIX,R 187657038
EFIX,R 187657038 187657145 108 798.5 192.1 2088
SSACC,R 187657146
ESACC,R 187657146 187657155 10 793.7 190.2 770.2 202.6 0.45 54
SFIX,R 187657156
EFIX,R 187657156 187657763 608 753.6 216.8 2037
SSACC,R 187657764
ESACC,R 187657764 187657795 32 743.7 213.8 1054.8 546.4 7.75 477
SFIX,R 187657796
EFIX,R 187657796 187657990 195 1061.8 561.4 2075
SSACC,R 187657991
ESACC,R 187657991 187657995 5 1070.8 562.8 1074.7 553.6 0.17 44
SFIX,R 187657996
EFIX,R 187657996 187659133 1138 1080.0 544.5 2341
SSACC,R 187659134
ESACC,R 187659134 187659218 85 1077.1 544.3 1704.7 1027.2 12.96 268
SFIX,R 187659219
EFIX,R 187659219 187659560 342 1707.5 1028.3 2463
SSACC,R 187659561
ESACC,R 187659561 187659581 21 1708.9 1021.9 1826.3 1031.8 1.85 171
SFIX,R 187659582
EFIX,R 187659582 187660177 596 1823.8 1031.1 2659
SSACC,R 187660178
SBLINK,R 187660238
EBLINK,R 187660238 187660448 211
ESACC,R 187660178 187660517 340 1821.9 1022.4 2163.8 568.7 8.89 937
SFIX,R 187660518
EFIX,R 187660518 187661312 795 2145.6 683.0 2442
SSACC,R 187661313
ESACC,R 187661313 187661390 78 2145.9 666.6 905.1 162.7 21.49 433
SFIX,R 187661391
EFIX,R 187661391 187661517 127 888.9 162.7 2901
SSACC,R 187661518
ESACC,R 187661518 187661537 20 879.5 165.0 792.6 199.6 1.59 141
SFIX,R 187661538
EFIX,R 187661538 187662122 585 763.6 212.8 2183
SSACC,R 187662123
ESACC,R 187662123 187662155 33 757.3 216.3 765.1 419.3 3.47 302
SFIX,R 187662156
EFIX,R 187662156 187662613 458 764.1 436.0 2261
SSACC,R 187662614
ESACC,R 187662614 187662663 50 760.8 436.0 1047.1 1004.3 10.59 404
SFIX,R 187662664
EFIX,R 187662664 187663090 427 1057.2 1016.2 2486
SSACC,R 187663091
ESACC,R 187663091 187663186 96 1060.1 1006.5 159.1 614.6 16.01 248
SFIX,R 187663187
EFIX,R 187663187 187663689 503 159.9 623.5 2872
SSACC,R 187663690
SBLINK,R 187663718
EBLINK,R 187663718 187663848 131
ESACC,R 187663690 187663903 214 153.9 626.2 135.4 609.3 0.41 1444
SFIX,R 187663904
EFIX,R 187663904 187665758 1855 136.5 625.1 2627
SSACC,R 187665759
ESACC,R 187665759 187665808 50 132.3 643.5 778.5 245.6 12.55 655
SFIX,R 187665809
EFIX,R 187665809 187666076 268 769.6 242.4 2151
SSACC,R 187666077
ESACC,R 187666077 187666083 7 765.1 233.8 784.9 230.6 0.34 51
SFIX,R 187666084
EFIX,R 187666084 187666194 111 793.9 229.1 2084
SSACC,R 187666195
ESACC,R 187666195 187666201 7 793.8 226.1 779.5 215.7 0.30 43
SFIX,R 187666202
EFIX,R 187666202 187666372 171 770.1 211.5 2248
SSACC,R 187666373
ESACC,R 187666373 187666404 32 771.8 213.9 1057.6 532.0 7.28 451
SFIX,R 187666405
EFIX,R 187666405 187666825 421 1078.1 549.3 2281
SSACC,R 187666826
ESACC,R 187666826 187666872 47 1078.0 554.3 1529.4 962.9 10.06 425
SFIX,R 187666873
EFIX,R 187666873 187667359 487 1540.2 970.7 2376
SSACC,R 187667360
ESACC,R 187667360 187667394 35 1543.5 958.9 1492.9 1161.6 3.32 262
SFIX,R 187667395
EFIX,R 187667395 187667807 413 1493.7 1174.2 2766
SSACC,R 187667808
SBLINK,R 187667830
EBLINK,R 187667830 187668023 194
ESACC,R 187667808 187668070 263 1493.5 1180.3 1164.6 775.2 8.46 734
SFIX,R 187668071
EFIX,R 187668071 187669307 1237 1133.8 770.5 2705
SSACC,R 187669308
ESACC,R 187669308 187669331 24 1128.0 777.5 1022.6 771.6 1.77 92
SFIX,R 187669332
EFIX,R 187669332 187670002 671 660.9 788.7 2650
SSACC,R 187670003
ESACC,R 187670003 187670041 39 632.2 787.3 778.1 286.3 8.78 486
SFIX,R 187670042
EFIX,R 187670042 187670181 140 767.7 258.9 2380
SSACC,R 187670182
ESACC,R 187670182 187670190 9 763.5 246.0 772.2 227.3 0.35 44
SFIX,R 187670191
EFIX,R 187670191 187671058 868 759.0 214.0 2085
SSACC,R 187671059
ESACC,R 187671059 187671087 29 757.0 212.6 1024.8 202.2 4.56 293
SFIX,R 187671088
EFIX,R 187671088 187671262 175 1041.2 215.1 2087
SSACC,R 187671263
ESACC,R 187671263 187671269 7 1049.9 222.7 1066.4 219.4 0.29 42
SFIX,R 187671270
EFIX,R 187671270 187672016 747 1076.7 232.7 2248
SSACC,R 187672017
ESACC,R 187672017 187672089 73 1078.2 239.8 1268.2 1303.5 17.55 467
SFIX,R 187672090
EFIX,R 187672090 187672718 629 1276.2 1304.9 2480
SSACC,R 187672719
ESACC,R 187672719 187672744 26 1285.9 1291.6 1336.9 1523.0 3.59 274
SFIX,R 187672745
EFIX,R 187672745 187673127 383 1329.2 1510.4 2780
SSACC,R 187673128
ESACC,R 187673128 187673156 29 1330.9 1497.5 1521.7 1226.9 5.09 370
SFIX,R 187673157
EFIX,R 187673157 187673310 154 1538.2 1205.6 2869
SSACC,R 187673311
ESACC,R 187673311 187673319 9 1534.8 1195.8 1517.5 1177.9 0.39 52
SFIX,R 187673320
EFIX,R 187673320 187673735 416 1515.4 1167.4 2938
SSACC,R 187673736
SBLINK,R 187673766
EBLINK,R 187673766 187674606 841
ESACC,R 187673736 187674642 907 1518.4 1176.6 1281.2 614.0 9.91 795
SFIX,R 187674643
EFIX,R 187674643 187674666 24 1274.9 573.6 2009
SSACC,R 187674667
ESACC,R 187674667 187674702 36 1268.6 548.2 783.0 256.1 9.60 552
SFIX,R 187674703
EFIX,R 187674703 187674847 145 773.2 241.9 2201
SSACC,R 187674848
ESACC,R 187674848 187674855 8 779.2 245.2 795.8 232.0 0.36 53
SFIX,R 187674856
EFIX,R 187674856 187675431 576 789.7 209.1 2591
SSACC,R 187675432
ESACC,R 187675432 187675463 32 762.6 201.4 961.7 533.1 6.59 417
SFIX,R 187675464
EFIX,R 187675464 187677842 2379 966.2 562.0 2325
SSACC,R 187677843
SBLINK,R 187677891
EBLINK,R 187677891 187678128 238
ESACC,R 187677843 187678161 319 966.8 585.4 1602.1 1082.1 13.21 404
SFIX,R 187678162
EFIX,R 187678162 187678948 787 1582.1 1047.3 2461
SSACC,R 187678949
ESACC,R 187678949 187678975 27 1585.3 1026.2 1658.7 1187.1 2.78 173
SFIX,R 187678976
EFIX,R 187678976 187679197 222 1657.8 1178.4 2668
SSACC,R 187679198
ESACC,R 187679198 187679270 73 1656.9 1179.7 841.4 270.2 19.93 497
SFIX,R 187679271
EFIX,R 187679271 187679433 163 797.5 249.2 2653
SSACC,R 187679434
ESACC,R 187679434 187679444 11 784.5 248.5 794.0 213.4 0.62 66
SFIX,R 187679445
EFIX,R 187679445 187680212 768 761.5 226.5 2026
SSACC,R 187680213
ESACC,R 187680213 187680244 32 763.6 236.7 1116.9 411.3 6.70 377
SFIX,R 187680245
EFIX,R 187680245 187680389 145 1138.7 429.1 2016
SSACC,R 187680390
ESACC,R 187680390 187680401 12 1139.3 430.9 1182.9 437.4 0.75 78
SFIX,R 187680402
EFIX,R 187680402 187682010 1609 1182.8 448.8 2168
SSACC,R 187682011
SBLINK,R 187682053
EBLINK,R 187682053 187682375 323
ESACC,R 187682011 187682411 401 1172.4 481.6 1542.5 968.7 10.11 493
SFIX,R 187682412
EFIX,R 187682412 187684885 2474 1522.5 893.4 2549
SSACC,R 187684886
ESACC,R 187684886 187684912 27 1523.3 899.1 1461.5 1133.4 3.88 284
SFIX,R 187684913
EFIX,R 187684913 187685796 884 1454.4 1071.0 2615
SSACC,R 187685797
SBLINK,R 187685833
EBLINK,R 187685833 187686114 282
ESACC,R 187685797 187686155 359 1458.8 1025.9 1207.1 443.7 10.48 479
SFIX,R 187686156
EFIX,R 187686156 187686354 199 1190.1 452.7 2383
SSACC,R 187686355
ESACC,R 187686355 187686423 69 1181.6 455.3 1636.7 165.2 9.02 182
SFIX,R 187686424
EFIX,R 187686424 187686699 276 1638.9 140.1 2435
SSACC,R 187686700
ESACC,R 187686700 187686770 71 1635.7 130.3 2008.9 339.2 6.88 150
SFIX,R 187686771
EFIX,R 187686771 187687731 961 2005.2 370.1 2665
SSACC,R 187687732
ESACC,R 187687732 187687817 86 2004.7 371.5 2260.6 892.9 9.13 255
SFIX,R 187687818
EFIX,R 187687818 187688006 189 2262.2 899.0 2566
SSACC,R 187688007
ESACC,R 187688007 187688039 33 2260.9 881.2 1905.8 1069.1 6.06 398
SFIX,R 187688040
EFIX,R 187688040 187688556 517 1870.5 1068.2 2753
SSACC,R 187688557
ESACC,R 187688557 187688589 33 1864.3 1069.9 1749.2 1175.6 2.42 111
SFIX,R 187688590
EFIX,R 187688590 187689468 879 1744.4 1176.1 2891
SSACC,R 187689469
ESACC,R 187689469 187689550 82 1740.2 1171.7 920.9 186.9 20.85 418
SFIX,R 187689551
EFIX,R 187689551 187689667 117 897.0 187.4 2820
SSACC,R 187689668
ESACC,R 187689668 187689686 19 881.8 182.0 805.7 211.4 1.39 129
SFIX,R 187689687
EFIX,R 187689687 187690496 810 767.7 220.4 2162
SSACC,R 187690497
ESACC,R 187690497 187690534 38 767.1 218.7 792.7 792.2 9.68 437
SFIX,R 187690535
EFIX,R 187690535 187690663 129 785.6 808.9 2300
SSACC,R 187690664
ESACC,R 187690664 187690681 18 787.2 805.7 756.0 875.8 1.27 119
SFIX,R 187690682
EFIX,R 187690682 187691498 817 756.7 875.2 2424
SSACC,R 187691499
ESACC,R 187691499 187691543 45 770.3 861.7 702.3 1563.0 10.95 423
SFIX,R 187691544
EFIX,R 187691544 187691753 210 702.0 1575.3 2768
SSACC,R 187691754
ESACC,R 187691754 187691778 25 706.1 1570.1 721.0 1438.9 1.96 136
SFIX,R 187691779
EFIX,R 187691779 187693258 1480 738.0 1365.0 3124
SSACC,R 187693259
ESACC,R 187693259 187693353 95 739.5 1348.2 283.3 365.8 17.38 396
SFIX,R 187693354
EFIX,R 187693354 187694113 760 176.2 380.2 2536
SSACC,R 187694114
ESACC,R 187694114 187694150 37 169.6 384.7 714.8 265.8 9.23 566
SFIX,R 187694151
EFIX,R 187694151 187694240 90 720.6 265.8 2534
SSACC,R 187694241
ESACC,R 187694241 187694258 18 718.2 262.4 783.1 230.9 1.23 115
SFIX,R 187694259
EFIX,R 187694259 187694721 463 779.7 221.9 2348
SSACC,R 187694722
ESACC,R 187694722 187694755 34 790.5 220.9 963.6 398.4 4.23 369
SFIX,R 187694756
EFIX,R 187694756 187696392 1637 966.4 428.0 2424
SSACC,R 187696393
ESACC,R 187696393 187696413 21 963.8 444.2 952.8 357.1 1.50 129
SFIX,R 187696414
EFIX,R 187696414 187696991 578 946.9 338.1 2337
SSACC,R 187696992
SBLINK,R 187697021
EBLINK,R 187697021 187697236 216
ESACC,R 187696992 187697300 309 956.4 345.6 667.5 749.3 8.38 1693
SFIX,R 187697301
EFIX,R 187697301 187698263 963 658.3 676.0 2509
SSACC,R 187698264
ESACC,R 187698264 187698307 44 656.1 675.8 759.3 294.5 6.69 357
SFIX,R 187698308
EFIX,R 187698308 187698420 113 755.8 291.5 2262
SSACC,R 187698421
ESACC,R 187698421 187698439 19 752.6 294.8 766.1 216.6 1.36 124
SFIX,R 187698440
EFIX,R 187698440 187699185 746 766.9 217.0 2192
SSACC,R 187699186
ESACC,R 187699186 187699226 41 762.8 217.6 1194.4 752.0 11.60 566
SFIX,R 187699227
EFIX,R 187699227 187699351 125 1202.4 772.7 2202
SSACC,R 187699352
ESACC,R 187699352 187699374 23 1201.0 770.8 1282.8 874.0 2.18 161
SFIX,R 187699375
EFIX,R 187699375 187701252 1878 1287.8 871.8 2542
SSACC,R 187701253
ESACC,R 187701253 187701310 58 1283.7 868.0 843.7 1160.9 8.65 246
SFIX,R 187701311
EFIX,R 187701311 187702048 738 827.5 1174.7 2809
SSACC,R 187702049
SBLINK,R 187702069
EBLINK,R 187702069 187702275 207
ESACC,R 187702049 187702345 297 836.0 1172.5 1077.5 809.0 7.11 591
SFIX,R 187702346
EFIX,R 187702346 187702883 538 1060.1 808.6 2743
SSACC,R 187702884
ESACC,R 187702884 187702933 50 1058.1 820.9 826.2 317.0 9.35 436
SFIX,R 187702934
EFIX,R 187702934 187703044 111 814.6 296.5 2507
SSACC,R 187703045
ESACC,R 187703045 187703064 20 810.2 288.9 775.3 205.9 1.54 149
SFIX,R 187703065
EFIX,R 187703065 187703530 466 765.9 212.8 2228
SSACC,R 187703531
ESACC,R 187703531 187703559 29 774.9 227.5 1072.3 300.4 5.21 372
SFIX,R 187703560
EFIX,R 187703560 187703920 361 1092.7 313.0 2385
SSACC,R 187703921
ESACC,R 187703921 187703952 32 1093.6 315.9 1334.0 683.7 7.42 435
SFIX,R 187703953
EFIX,R 187703953 187704419 467 1338.8 714.7 2354
SSACC,R 187704420
ESACC,R 187704420 187704470 51 1336.1 707.0 1209.7 265.3 7.75 324
SFIX,R 187704471
EFIX,R 187704471 187706031 1561 1200.1 242.7 2403
SSACC,R 187706032
ESACC,R 187706032 187706099 68 1196.7 244.6 1463.2 737.6 9.42 200
SFIX,R 187706100
EFIX,R 187706100 187706552 453 1490.4 789.5 2311
SSACC,R 187706553
ESACC,R 187706553 187706596 44 1491.3 785.1 1494.1 325.8 7.66 408
SFIX,R 187706597
EFIX,R 187706597 187706970 374 1493.5 305.0 2391
SSACC,R 187706971
ESACC,R 187706971 187707021 51 1490.5 293.1 1413.0 -66.8 6.22 208
SFIX,R 187707022
EFIX,R 187707022 187707161 140 1396.3 -68.2 2350
SSACC,R 187707162
ESACC,R 187707162 187707198 37 1396.6 -62.6 831.3 234.4 10.79 556
SFIX,R 187707199
EFIX,R 187707199 187707339 141 809.2 243.5 2356
SSACC,R 187707340
ESACC,R 187707340 187707348 9 802.8 246.9 776.8 226.9 0.56 65
SFIX,R 187707349
EFIX,R 187707349 187708017 669 774.9 220.3 2346
SSACC,R 187708018
ESACC,R 187708018 187708048 31 769.5 217.2 966.8 597.7 7.29 482
SFIX,R 187708049
EFIX,R 187708049 187708565 517 978.0 639.4 2320
SSACC,R 187708566
SBLINK,R 187708585
EBLINK,R 187708585 187708769 185
ESACC,R 187708566 187708802 237 984.3 663.6 1179.5 848.8 4.50 500
SFIX,R 187708803
EFIX,R 187708803 187709474 672 1165.4 818.1 2511
SSACC,R 187709475
ESACC,R 187709475 187709496 22 1155.8 803.4 1101.9 722.6 1.62 91
SFIX,R 187709497
EFIX,R 187709497 187709550 54 1015.2 674.5 2632
SSACC,R 187709551
ESACC,R 187709551 187709595 45 900.1 649.9 648.3 674.5 4.25 114
SFIX,R 187709596
EFIX,R 187709596 187710404 809 586.3 681.9 2492
SSACC,R 187710405
SBLINK,R 187710512
EBLINK,R 187710512 187710541 30
ESACC,R 187710405 187710632 228 590.2 680.7 1252.3 640.6 11.09 412
SFIX,R 187710633
EFIX,R 187710633 187711657 1025 1254.0 571.7 2576
SSACC,R 187711658
ESACC,R 187711658 187711704 47 1247.6 571.3 802.3 243.5 9.37 485
SFIX,R 187711705
EFIX,R 187711705 187711883 179 781.1 245.5 2199
SSACC,R 187711884
ESACC,R 187711884 187711891 8 771.9 236.4 757.7 216.6 0.42 55
SFIX,R 187711892
EFIX,R 187711892 187712241 350 757.3 215.5 2067
SSACC,R 187712242
ESACC,R 187712242 187712285 44 765.6 221.5 809.2 812.1 9.98 465
SFIX,R 187712286
EFIX,R 187712286 187712411 126 807.5 820.4 2439
SSACC,R 187712412
ESACC,R 187712412 187712428 17 811.4 815.5 765.1 874.3 1.24 107
SFIX,R 187712429
EFIX,R 187712429 187712791 363 751.4 882.4 2280
SSACC,R 187712792
ESACC,R 187712792 187712811 20 754.3 876.9 833.8 831.5 1.52 98
SFIX,R 187712812
EFIX,R 187712812 187713243 432 837.9 817.4 2670
SSACC,R 187713244
ESACC,R 187713244 187713272 29 841.9 804.9 567.6 1005.8 5.61 379
SFIX,R 187713273
EFIX,R 187713273 187713843 571 545.8 1027.3 2900
SSACC,R 187713844
ESACC,R 187713844 187713897 54 549.3 1035.1 212.3 1719.8 11.50 395
SFIX,R 187713898
EFIX,R 187713898 187714645 748 182.2 1749.7 2912
SSACC,R 187714646
SBLINK,R 187714660
EBLINK,R 187714660 187714791 132
ESACC,R 187714646 187714838 193 174.3 1741.2 -191.3 1084.6 10.98 313
SFIX,R 187714839
EFIX,R 187714839 187715318 480 -179.9 1016.7 2722
SSACC,R 187715319
ESACC,R 187715319 187715393 75 -164.2 1013.3 729.3 923.4 14.14 300
SFIX,R 187715394
EFIX,R 187715394 187716029 636 728.6 928.7 2771
SSACC,R 187716030
ESACC,R 187716030 187716086 57 715.6 949.0 775.8 260.1 11.55 431
SFIX,R 187716087
EFIX,R 187716087 187716218 132 776.0 251.1 2307
SSACC,R 187716219
ESACC,R 187716219 187716229 11 773.5 246.3 774.1 213.7 0.56 52
SFIX,R 187716230
EFIX,R 187716230 187716692 463 767.8 207.5 2104
SSACC,R 187716693
ESACC,R 187716693 187716741 49 768.6 208.9 1337.4 313.9 9.78 407
SFIX,R 187716742
EFIX,R 187716742 187716865 124 1346.5 320.5 2134
SSACC,R 187716866
ESACC,R 187716866 187716881 16 1345.8 318.9 1398.3 318.7 0.88 90
SFIX,R 187716882
EFIX,R 187716882 187718790 1909 1401.4 322.5 2332
SSACC,R 187718791
ESACC,R 187718791 187718871 81 1404.0 325.9 1629.0 933.4 10.69 220
SFIX,R 187718872
EFIX,R 187718872 187719277 406 1656.9 1012.6 2384
SSACC,R 187719278
ESACC,R 187719278 187719305 28 1663.1 1012.8 1559.1 1185.1 3.17 191
SFIX,R 187719306
EFIX,R 187719306 187719783 478 1548.8 1175.8 2689
SSACC,R 187719784
SBLINK,R 187719804
EBLINK,R 187719804 187720340 537
ESACC,R 187719784 187720430 647 1545.3 1175.3 1378.9 1000.5 3.86 717
SFIX,R 187720431
EFIX,R 187720431 187720644 214 1366.8 979.9 2441
SSACC,R 187720645
ESACC,R 187720645 187720675 31 1365.0 982.8 1509.0 1166.3 3.73 243
SFIX,R 187720676
EFIX,R 187720676 187720976 301 1524.2 1138.7 3025
SSACC,R 187720977
ESACC,R 187720977 187720995 19 1524.2 1118.1 1493.2 1072.9 0.87 67
SFIX,R 187720996
EFIX,R 187720996 187722095 1100 1445.3 1091.9 2955
SSACC,R 187722096
ESACC,R 187722096 187722131 36 1440.1 1110.8 1183.9 1084.3 4.19 197
SFIX,R 187722132
EFIX,R 187722132 187724073 1942 1064.7 1076.7 2803
SSACC,R 187724074
ESACC,R 187724074 187724097 24 1063.5 1100.8 967.8 1211.2 2.35 153
SFIX,R 187724098
EFIX,R 187724098 187725800 1703 930.4 1216.0 2701
SSACC,R 187725801
ESACC,R 187725801 187725830 30 925.6 1228.1 935.1 1056.2 2.74 138
SFIX,R 187725831
EFIX,R 187725831 187725954 124 933.6 882.0 2200
SSACC,R 187725955
ESACC,R 187725955 187725962 8 947.8 829.4 947.0 851.2 0.36 69
SFIX,R 187725963
EFIX,R 187725963 187726042 80 933.7 888.2 1660
SSACC,R 187726043
SBLINK,R 187726119
EBLINK,R 187726119 187726202 84
ESACC,R 187726043 187726216 174 910.0 914.0 366.8 1422.5 11.82 396
SFIX,R 187726217
EFIX,R 187726217 187726249 33 380.9 1471.3 238
SSACC,R 187726250
SBLINK,R 187726260
EBLINK,R 187726260 187731415 5156
ESACC,R 187726250 187731528 5279 953.2 1134.7 931.9 559.4 9.45 190
SFIX,R 187731529
EFIX,R 187731529 187733392 1864 897.8 482.3 2994
SSACC,R 187733393
ESACC,R 187733393 187733416 24 901.5 495.3 974.3 460.8 1.37 91
SFIX,R 187733417
EFIX,R 187733417 187733499 83 1067.2 433.6 2804
SSACC,R 187733500
ESACC,R 187733500 187733513 14 1093.5 427.2 1110.6 405.6 0.47 45
SFIX,R 187733514
EFIX,R 187733514 187734091 578 1142.6 385.7 2896
SSACC,R 187734092
SBLINK,R 187734114
EBLINK,R 187734114 187734306 193
ESACC,R 187734092 187734347 256 1144.4 388.6 1308.7 541.4 3.80 896
SFIX,R 187734348
EFIX,R 187734348 187735058 711 1298.4 545.3 2788
SSACC,R 187735059
ESACC,R 187735059 187735150 92 1294.6 538.4 1885.0 909.7 11.30 169
SFIX,R 187735151
EFIX,R 187735151 187735519 369 1898.4 950.7 2620
SSACC,R 187735520
ESACC,R 187735520 187735539 20 1901.4 950.8 1818.2 1003.4 1.54 134
SFIX,R 187735540
EFIX,R 187735540 187736068 529 1811.4 1002.9 2849
SSACC,R 187736069
ESACC,R 187736069 187736112 44 1811.1 993.4 1976.8 769.3 4.39 182
SFIX,R 187736113
EFIX,R 187736113 187736328 216 1976.8 766.7 2860
SSACC,R 187736329
ESACC,R 187736329 187736401 73 1978.7 770.1 807.5 189.9 21.25 470
SFIX,R 187736402
EFIX,R 187736402 187737007 606 784.4 208.2 2718
SSACC,R 187737008
ESACC,R 187737008 187737032 25 781.3 213.1 987.7 196.3 3.52 291
SFIX,R 187737033
EFIX,R 187737033 187737916 884 993.4 201.3 2643
SSACC,R 187737917
ESACC,R 187737917 187738002 86 997.2 208.0 1783.3 404.8 13.41 252
SFIX,R 187738003
EFIX,R 187738003 187739148 1146 1815.1 406.2 2523
SSACC,R 187739149
ESACC,R 187739149 187739208 60 1813.5 406.9 2045.6 708.8 6.11 170
SFIX,R 187739209
EFIX,R 187739209 187740170 962 2048.4 729.6 2642
SSACC,R 187740171
ESACC,R 187740171 187740337 167 2054.1 724.9 2332.1 744.7 4.14 215
SFIX,R 187740338
EFIX,R 187740338 187740373 36 2335.7 742.2 2737
SSACC,R 187740374
ESACC,R 187740374 187740626 253 2330.2 755.7 1169.8 608.9 18.23 367
SFIX,R 187740627
EFIX,R 187740627 187740743 117 1147.9 607.8 3101
SSACC,R 187740744
ESACC,R 187740744 187740766 23 1139.4 606.1 1007.8 601.8 2.22 180
SFIX,R 187740767
EFIX,R 187740767 187741629 863 976.4 626.4 2424
SSACC,R 187741630
ESACC,R 187741630 187741674 45 966.4 632.7 1228.4 1103.6 8.86 427
SFIX,R 187741675
EFIX,R 187741675 187742165 491 1242.5 1098.0 2618
SSACC,R 187742166
ESACC,R 187742166 187742193 28 1253.6 1084.3 1569.5 1161.4 5.24 403
SFIX,R 187742194
EFIX,R 187742194 187742592 399 1597.2 1166.3 2810
SSACC,R 187742593
ESACC,R 187742593 187742610 18 1596.6 1163.3 1523.4 1141.7 1.21 76
SFIX,R 187742611
EFIX,R 187742611 187743435 825 1505.9 1141.1 3064
SSACC,R 187743436
SBLINK,R 187743497
EBLINK,R 187743497 187743702 206
ESACC,R 187743436 187743755 320 1502.4 1142.6 2197.3 1160.0 10.60 782
SFIX,R 187743756
EFIX,R 187743756 187743791 36 2198.7 1093.5 2351
SSACC,R 187743792
ESACC,R 187743792 187743806 15 2201.4 1021.2 2194.5 994.8 0.42 99
SFIX,R 187743807
EFIX,R 187743807 187744446 640 2183.5 1082.4 2655
SSACC,R 187744447
ESACC,R 187744447 187744505 59 2179.4 1089.1 2078.0 295.4 12.55 508
SFIX,R 187744506
EFIX,R 187744506 187744740 235 2085.6 342.8 2595
SSACC,R 187744741
ESACC,R 187744741 187744809 69 2091.4 348.0 1352.2 447.4 11.94 314
SFIX,R 187744810
EFIX,R 187744810 187744836 27 1330.5 443.0 2821
SSACC,R 187744837
ESACC,R 187744837 187744896 60 1323.6 438.6 949.9 253.9 7.07 242
SFIX,R 187744897
EFIX,R 187744897 187745008 112 939.3 259.2 2660
SSACC,R 187745009
ESACC,R 187745009 187745031 23 929.0 266.3 791.3 223.4 2.46 213
SFIX,R 187745032
EFIX,R 187745032 187745257 226 760.5 226.1 2192
SSACC,R 187745258
ESACC,R 187745258 187745354 97 772.9 248.1 1441.1 1218.1 19.28 348
SFIX,R 187745355
EFIX,R 187745355 187745575 221 1440.4 1219.7 2347
SSACC,R 187745576
ESACC,R 187745576 187745597 22 1442.2 1221.0 1527.7 1186.0 1.47 114
SFIX,R 187745598
EFIX,R 187745598 187745830 233 1555.0 1180.1 2347
SSACC,R 187745831
SBLINK,R 187745848
EBLINK,R 187745848 187746198 351
ESACC,R 187745831 187746254 424 1552.6 1179.7 1863.7 1067.0 5.18 328
SFIX,R 187746255
EFIX,R 187746255 187746314 60 1866.3 984.7 2546
SSACC,R 187746315
ESACC,R 187746315 187746320 6 1861.9 957.1 1862.4 981.1 0.38 56
SFIX,R 187746321
EFIX,R 187746321 187746664 344 1841.7 1026.2 2616
SSACC,R 187746665
ESACC,R 187746665 187746695 31 1838.7 1012.2 1524.8 1160.5 5.47 347
SFIX,R 187746696
EFIX,R 187746696 187746819 124 1505.4 1151.5 3199
SSACC,R 187746820
ESACC,R 187746820 187746827 8 1504.8 1143.9 1521.2 1126.0 0.38 50
SFIX,R 187746828
EFIX,R 187746828 187747179 352 1531.6 1120.6 3202
SSACC,R 187747180
ESACC,R 187747180 187747189 10 1526.2 1115.6 1505.9 1099.2 0.42 51
SFIX,R 187747190
EFIX,R 187747190 187747800 611 1488.9 1103.5 3120
SSACC,R 187747801
ESACC,R 187747801 187747814 14 1491.3 1108.4 1546.5 1121.2 0.91 84
SFIX,R 187747815
EFIX,R 187747815 187748166 352 1550.8 1137.8 3039
SSACC,R 187748167
ESACC,R 187748167 187748184 18 1550.0 1143.9 1592.4 1157.9 0.71 50
SFIX,R 187748185
EFIX,R 187748185 187748762 578 1618.3 1177.9 3000
SSACC,R 187748763
ESACC,R 187748763 187748779 17 1622.0 1171.0 1622.2 1106.4 1.01 93
SFIX,R 187748780
EFIX,R 187748780 187749695 916 1619.2 1089.4 2996
SSACC,R 187749696
SBLINK,R 187749719
EBLINK,R 187749719 187750183 465
ESACC,R 187749696 187750271 576 1609.9 1094.8 1494.9 1079.3 1.86 546
SFIX,R 187750272
EFIX,R 187750272 187751812 1541 1481.3 1064.2 3083
SSACC,R 187751813
SBLINK,R 187751958
EBLINK,R 187751958 187753737 1780
ESACC,R 187751813 187753746 1934 1482.8 1069.5 2519.3 1851.1 18.64 457
SFIX,R 187753747
EFIX,R 187753747 187753933 187 1335.8 917.6 2255
SSACC,R 187753934
ESACC,R 187753934 187753954 21 1351.5 928.0 1347.3 1005.4 1.26 93
SFIX,R 187753955
EFIX,R 187753955 187754074 120 1354.4 1043.6 2769
SSACC,R 187754075
ESACC,R 187754075 187754107 33 1354.6 1039.7 1342.4 1037.6 0.20 97
SFIX,R 187754108
EFIX,R 187754108 187754171 64 1350.8 1039.3 2970
SSACC,R 187754172
ESACC,R 187754172 187754250 79 1347.0 1050.5 1347.4 1031.4 0.31 72
SFIX,R 187754251
EFIX,R 187754251 187754393 143 1346.1 948.6 3074
SSACC,R 187754394
ESACC,R 187754394 187754402 9 1334.5 831.1 1322.2 797.6 0.59 106
SFIX,R 187754403
EFIX,R 187754403 187754431 29 1322.8 782.7 3171
SSACC,R 187754432
ESACC,R 187754432 187754442 11 1326.3 771.9 1306.9 714.4 1.01 103
SFIX,R 187754443
EFIX,R 187754443 187755743 1301 1290.6 721.1 2801
SSACC,R 187755744
SBLINK,R 187755769
EBLINK,R 187755769 187759735 3967
ESACC,R 187755744 187759816 4073 1292.0 754.8 1879.1 88.4 14.59 952
SFIX,R 187759817
EFIX,R 187759817 187761064 1248 1823.8 87.0 3082
SSACC,R 187761065
ESACC,R 187761065 187761131 67 1823.7 91.6 1888.3 658.0 9.36 224
SFIX,R 187761132
EFIX,R 187761132 187761520 389 1887.0 683.9 2933
SSACC,R 187761521
ESACC,R 187761521 187761541 21 1886.5 683.0 1813.2 743.9 1.52 119
SFIX,R 187761542
EFIX,R 187761542 187762097 556 1808.7 745.9 3010
SSACC,R 187762098
ESACC,R 187762098 187762120 23 1812.5 745.8 1884.4 611.5 2.46 203
SFIX,R 187762121
EFIX,R 187762121 187763548 1428 1881.0 611.0 2898
SSACC,R 187763549
SBLINK,R 187763571
EBLINK,R 187763571 187763701 131
ESACC,R 187763549 187763782 234 1882.6 640.1 1846.3 713.4 1.32 942
SFIX,R 187763783
EFIX,R 187763783 187764026 244 1816.8 777.9 2726
SSACC,R 187764027
ESACC,R 187764027 187764036 10 1814.9 780.2 1828.3 749.8 0.54 61
SFIX,R 187764037
EFIX,R 187764037 187764364 328 1835.3 739.9 2813
SSACC,R 187764365
ESACC,R 187764365 187764379 15 1838.3 734.3 1876.7 697.7 0.85 71
SFIX,R 187764380
EFIX,R 187764380 187764718 339 1884.3 682.7 2858
SSACC,R 187764719
ESACC,R 187764719 187764764 46 1890.1 681.9 1902.9 236.9 7.29 394
SFIX,R 187764765
EFIX,R 187764765 187765179 415 1898.8 233.1 2693
SSACC,R 187765180
ESACC,R 187765180 187765207 28 1895.8 234.6 1874.4 -46.1 4.64 304
SFIX,R 187765208
EFIX,R 187765208 187765899 692 1868.8 -74.6 2615
SSACC,R 187765900
ESACC,R 187765900 187765922 23 1864.2 -82.2 1761.9 -104.3 1.67 94
SFIX,R 187765923
EFIX,R 187765923 187765976 54 1667.0 -110.1 2746
SSACC,R 187765977
ESACC,R 187765977 187766005 29 1616.4 -111.7 1451.9 -48.9 2.91 130
SFIX,R 187766006
EFIX,R 187766006 187766459 454 1392.0 -27.7 2796
SSACC,R 187766460
ESACC,R 187766460 187766498 39 1390.1 -22.4 837.8 182.8 9.96 495
SFIX,R 187766499
EFIX,R 187766499 187767023 525 787.5 210.0 2570
SSACC,R 187767024
ESACC,R 187767024 187767049 26 763.2 219.0 960.9 202.5 3.37 258
SFIX,R 187767050
EFIX,R 187767050 187767806 757 983.6 214.3 2364
SSACC,R 187767807
SBLINK,R 187767836
EBLINK,R 187767836 187767985 150
ESACC,R 187767807 187768031 225 983.8 226.4 1306.5 893.0 12.41 1787
SFIX,R 187768032
EFIX,R 187768032 187768191 160 1293.1 903.9 2484
SSACC,R 187768192
ESACC,R 187768192 187768229 38 1287.7 900.4 706.1 1053.0 9.90 460
SFIX,R 187768230
EFIX,R 187768230 187768617 388 695.1 1071.0 2907
SSACC,R 187768618
ESACC,R 187768618 187768680 63 701.0 1070.6 1450.1 1065.5 12.20 367
SFIX,R 187768681
EFIX,R 187768681 187769551 871 1460.3 1057.8 3100
SSACC,R 187769552
ESACC,R 187769552 187769576 25 1461.4 1052.0 1499.2 1174.0 2.02 111
SFIX,R 187769577
EFIX,R 187769577 187770552 976 1509.8 1179.2 3133
SSACC,R 187770553
ESACC,R 187770553 187770566 14 1515.2 1166.2 1487.5 1124.8 0.79 79
SFIX,R 187770567
EFIX,R 187770567 187771096 530 1481.3 1125.8 3129
SSACC,R 187771097
SBLINK,R 187771116
EBLINK,R 187771116 187771338 223
ESACC,R 187771097 187771415 319 1474.2 1134.5 1561.5 1374.2 3.94 648
SFIX,R 187771416
EFIX,R 187771416 187771797 382 1561.6 1327.0 2748
SSACC,R 187771798
ESACC,R 187771798 187771832 35 1567.7 1321.6 1566.9 1115.1 3.20 249
SFIX,R 187771833
EFIX,R 187771833 187771903 71 1565.5 1118.4 3134
SSACC,R 187771904
ESACC,R 187771904 187771924 21 1561.1 1119.1 1511.9 1080.8 0.99 72
SFIX,R 187771925
EFIX,R 187771925 187772091 167 1458.8 1059.3 3294
SSACC,R 187772092
ESACC,R 187772092 187772105 14 1421.4 1053.1 1378.1 1041.9 0.73 63
SFIX,R 187772106
EFIX,R 187772106 187772637 532 1325.4 1031.5 3211
SSACC,R 187772638
ESACC,R 187772638 187772662 25 1324.0 1038.6 1501.6 1090.4 2.99 233
SFIX,R 187772663
EFIX,R 187772663 187773321 659 1520.1 1102.5 3145
SSACC,R 187773322
ESACC,R 187773322 187773331 10 1509.7 1106.5 1492.1 1130.9 0.48 54
SFIX,R 187773332
EFIX,R 187773332 187774636 1305 1492.6 1124.6 2978
SSACC,R 187774637
ESACC,R 187774637 187774678 42 1375.0 989.4 1383.8 1183.5 3.09 111
SFIX,R 187774679
EFIX,R 187774679 187774718 40 1385.2 1272.1 2446
SSACC,R 187774719
ESACC,R 187774719 187774738 20 1367.8 1361.8 1334.8 1471.3 1.73 122
SFIX,R 187774739
EFIX,R 187774739 187774763 25 1329.4 1509.4 1903
SSACC,R 187774764
SBLINK,R 187774813
EBLINK,R 187774813 187778636 3824
ESACC,R 187774764 187778755 3992 1343.0 1564.8 1242.4 615.0 14.96 243
SFIX,R 187778756
EFIX,R 187778756 187778776 21 1232.3 580.8 2920
SSACC,R 187778777
ESACC,R 187778777 187778817 41 1224.5 558.1 797.6 226.5 9.17 425
SFIX,R 187778818
EFIX,R 187778818 187779007 190 787.5 216.8 3116
SSACC,R 187779008
ESACC,R 187779008 187779015 8 798.7 197.4 793.5 178.2 0.34 48
SFIX,R 187779016
EFIX,R 187779016 187781415 2400 788.9 173.4 2936
SSACC,R 187781416
SBLINK,R 187781447
EBLINK,R 187781447 187781607 161
ESACC,R 187781416 187781658 243 790.1 205.8 816.6 252.7 0.92 1577
SFIX,R 187781659
EFIX,R 187781659 187782816 1158 812.7 233.6 2699
SSACC,R 187782817
ESACC,R 187782817 187782825 9 808.5 233.7 790.8 211.6 0.48 59
SFIX,R 187782826
EFIX,R 187782826 187783603 778 785.2 224.2 2365
SSACC,R 187783604
ESACC,R 187783604 187783640 37 782.1 236.0 1252.9 393.6 8.42 399
SFIX,R 187783641
EFIX,R 187783641 187783779 139 1261.7 412.0 2298
SSACC,R 187783780
ESACC,R 187783780 187783788 9 1265.6 411.4 1293.3 420.3 0.49 59
SFIX,R 187783789
EFIX,R 187783789 187785555 1767 1301.4 423.4 2610
SSACC,R 187785556
SBLINK,R 187785606
EBLINK,R 187785606 187785774 169
ESACC,R 187785556 187785810 255 1291.0 430.6 1850.6 449.3 9.15 395
SFIX,R 187785811
EFIX,R 187785811 187786662 852 1835.7 492.2 2399
SSACC,R 187786663
ESACC,R 187786663 187786696 34 1830.7 487.1 1987.9 352.4 3.32 137
SFIX,R 187786697
EFIX,R 187786697 187787155 459 2066.6 308.8 2386
SSACC,R 187787156
ESACC,R 187787156 187787268 113 2073.6 308.1 887.4 232.4 19.20 397
SFIX,R 187787269
EFIX,R 187787269 187787587 319 878.0 235.5 2640
SSACC,R 187787588
ESACC,R 187787588 187787605 18 869.5 243.5 791.8 230.4 1.34 112
SFIX,R 187787606
EFIX,R 187787606 187788366 761 780.0 220.4 2456
SSACC,R 187788367
ESACC,R 187788367 187788398 32 771.8 219.1 1069.0 439.4 6.30 397
SFIX,R 187788399
EFIX,R 187788399 187788891 493 1088.4 448.4 2411
SSACC,R 187788892
ESACC,R 187788892 187788957 66 1093.4 448.6 1509.5 1037.2 11.90 336
SFIX,R 187788958
EFIX,R 187788958 187789232 275 1517.3 1042.0 2591
SSACC,R 187789233
ESACC,R 187789233 187789254 22 1519.9 1037.6 1580.6 1161.9 2.19 173
SFIX,R 187789255
EFIX,R 187789255 187789803 549 1594.0 1172.8 2829
SSACC,R 187789804
ESACC,R 187789804 187789827 24 1599.9 1163.2 1690.2 1201.8 1.54 87
SFIX,R 187789828
EFIX,R 187789828 187790491 664 1702.1 1218.1 3009
SSACC,R 187790492
SBLINK,R 187790510
EBLINK,R 187790510 187790681 172
ESACC,R 187790492 187790747 256 1695.3 1227.8 1529.7 1061.4 3.69 347
SFIX,R 187790748
EFIX,R 187790748 187791575 828 1514.0 1112.0 3103
SSACC,R 187791576
ESACC,R 187791576 187791600 25 1513.9 1104.4 1407.3 1101.5 1.72 94
SFIX,R 187791601
EFIX,R 187791601 187792239 639 1285.6 1082.2 3173
SSACC,R 187792240
ESACC,R 187792240 187792263 24 1282.1 1082.0 1143.0 1072.5 2.29 179
SFIX,R 187792264
EFIX,R 187792264 187792586 323 1125.6 1075.7 3129
SSACC,R 187792587
ESACC,R 187792587 187792637 51 1117.2 1070.9 864.7 984.4 4.40 128
SFIX,R 187792638
EFIX,R 187792638 187792831 194 835.6 984.3 3156
SSACC,R 187792832
ESACC,R 187792832 187792891 60 826.4 993.4 1407.3 1151.5 9.82 292
SFIX,R 187792892
EFIX,R 187792892 187793119 228 1437.4 1172.4 2795
SSACC,R 187793120
ESACC,R 187793120 187793133 14 1436.7 1171.3 1492.8 1144.8 0.99 91
SFIX,R 187793134
EFIX,R 187793134 187793893 760 1538.7 1155.9 2925
SSACC,R 187793894
ESACC,R 187793894 187793912 19 1545.3 1154.5 1581.8 1114.2 0.86 55
SFIX,R 187793913
EFIX,R 187793913 187795365 1453 1714.3 1029.9 2581
SSACC,R 187795366
ESACC,R 187795366 187795391 26 1724.6 1034.8 1794.1 893.2 2.50 181
SFIX,R 187795392
EFIX,R 187795392 187795485 94 1854.4 955.4 2184
SSACC,R 187795486
SBLINK,R 187795754
EBLINK,R 187795754 187803888 8135
ESACC,R 187795486 187803949 8464 1882.7 1076.5 1357.0 412.0 13.70 288
SFIX,R 187803950
EFIX,R 187803950 187804018 69 1364.2 364.2 2797
SSACC,R 187804019
ESACC,R 187804019 187804056 38 1356.4 359.2 834.1 193.9 9.27 465
SFIX,R 187804057
EFIX,R 187804057 187804323 267 809.8 171.4 3096
SSACC,R 187804324
ESACC,R 187804324 187804329 6 808.4 164.9 805.7 181.0 0.28 44
SFIX,R 187804330
EFIX,R 187804330 187804708 379 807.7 185.7 3218
SSACC,R 187804709
ESACC,R 187804709 187804769 61 811.1 182.8 1165.4 492.4 8.01 244
SFIX,R 187804770
EFIX,R 187804770 187806151 1382 1176.5 525.9 2850
SSACC,R 187806152
ESACC,R 187806152 187806227 76 1192.6 546.8 1637.7 505.6 7.41 138
SFIX,R 187806228
EFIX,R 187806228 187808480 2253 1676.8 498.7 2597
SSACC,R 187808481
ESACC,R 187808481 187808522 42 1677.6 497.7 1881.1 376.8 3.83 150
SFIX,R 187808523
EFIX,R 187808523 187808912 390 1942.5 364.5 2410
SSACC,R 187808913
ESACC,R 187808913 187808985 73 1948.2 359.8 1694.4 1020.4 11.38 251
SFIX,R 187808986
EFIX,R 187808986 187809488 503 1687.7 1032.2 2847
SSACC,R 187809489
SBLINK,R 187809514
EBLINK,R 187809514 187809681 168
ESACC,R 187809489 187809762 274 1684.8 1043.4 1727.3 788.7 4.14 911
SFIX,R 187809763
EFIX,R 187809763 187810628 866 1703.6 835.7 2995
SSACC,R 187810629
ESACC,R 187810629 187810674 46 1706.1 838.9 1465.7 753.5 4.14 116
SFIX,R 187810675
EFIX,R 187810675 187810718 44 1389.9 740.0 3132
SSACC,R 187810719
ESACC,R 187810719 187810736 18 1350.0 742.2 1261.3 772.7 1.56 100
SFIX,R 187810737
EFIX,R 187810737 187813225 2489 1199.1 790.3 2998
SSACC,R 187813226
SBLINK,R 187813253
EBLINK,R 187813253 187813431 179
ESACC,R 187813226 187813492 267 1181.6 809.4 1309.3 816.1 2.13 1010
SFIX,R 187813493
EFIX,R 187813493 187813841 349 1300.9 825.2 2840
SSACC,R 187813842
ESACC,R 187813842 187813907 66 1304.2 812.6 848.2 192.6 12.95 321
SFIX,R 187813908
EFIX,R 187813908 187814174 267 820.6 175.9 3302
SSACC,R 187814175
ESACC,R 187814175 187814237 63 813.7 176.5 183.8 271.4 10.57 233
SFIX,R 187814238
EFIX,R 187814238 187815116 879 119.7 312.8 3277
SSACC,R 187815117
ESACC,R 187815117 187815180 64 119.8 320.2 -186.0 467.8 5.36 109
SFIX,R 187815181
EFIX,R 187815181 187815458 278 -198.4 520.0 3119
SSACC,R 187815459
ESACC,R 187815459 187815494 36 -202.3 522.6 43.0 828.6 6.20 365
SFIX,R 187815495
EFIX,R 187815495 187815806 312 61.1 849.4 3267
SSACC,R 187815807
ESACC,R 187815807 187815877 71 64.0 847.4 824.9 600.8 13.02 264
SFIX,R 187815878
EFIX,R 187815878 187816003 126 827.3 590.0 3277
SSACC,R 187816004
ESACC,R 187816004 187816036 33 826.1 590.2 803.4 206.3 6.55 404
SFIX,R 187816037
EFIX,R 187816037 187816289 253 792.5 193.3 2807
SSACC,R 187816290
ESACC,R 187816290 187816296 7 784.9 196.9 795.0 211.4 0.30 42
SFIX,R 187816297
EFIX,R 187816297 187816997 701 783.1 215.4 2538
SSACC,R 187816998
ESACC,R 187816998 187817021 24 775.0 219.7 880.7 311.8 2.39 196
SFIX,R 187817022
EFIX,R 187817022 187817434 413 884.7 311.3 2561
SSACC,R 187817435
SBLINK,R 187817460
EBLINK,R 187817460 187817581 122
ESACC,R 187817435 187817633 199 891.9 322.3 1459.4 844.3 12.89 1088
SFIX,R 187817634
EFIX,R 187817634 187818824 1191 1455.2 859.0 3007
SSACC,R 187818825
ESACC,R 187818825 187818885 61 1458.1 856.8 1878.9 1216.9 8.75 294
SFIX,R 187818886
EFIX,R 187818886 187819051 166 1873.6 1218.8 2955
SSACC,R 187819052
ESACC,R 187819052 187819084 33 1871.7 1208.7 1885.0 985.6 3.46 158
SFIX,R 187819085
EFIX,R 187819085 187819903 819 1889.1 929.8 2949
SSACC,R 187819904
ESACC,R 187819904 187819940 37 1888.1 922.7 1731.2 1216.3 5.19 236
SFIX,R 187819941
EFIX,R 187819941 187820494 554 1712.2 1227.5 3102
SSACC,R 187820495
ESACC,R 187820495 187820526 32 1713.8 1230.4 1489.5 1116.6 3.97 215
SFIX,R 187820527
EFIX,R 187820527 187821170 644 1475.9 1115.2 3253
SSACC,R 187821171
ESACC,R 187821171 187821234 64 1480.7 1121.5 1040.6 1473.9 8.88 251
SFIX,R 187821235
EFIX,R 187821235 187821648 414 1013.6 1468.8 3254
SSACC,R 187821649
ESACC,R 187821649 187821672 24 1001.2 1461.9 1095.2 1483.7 1.53 107
SFIX,R 187821673
EFIX,R 187821673 187821852 180 1102.2 1496.4 3274
SSACC,R 187821853
ESACC,R 187821853 187821928 76 1100.7 1496.6 801.3 140.0 22.17 683
SFIX,R 187821929
EFIX,R 187821929 187822038 110 803.6 143.5 3082
SSACC,R 187822039
ESACC,R 187822039 187822054 16 803.0 138.2 818.6 214.4 1.33 105
SFIX,R 187822055
EFIX,R 187822055 187822231 177 795.1 228.7 2476
SSACC,R 187822232
ESACC,R 187822232 187822242 11 780.2 237.9 774.2 200.3 0.65 77
SFIX,R 187822243
EFIX,R 187822243 187822660 418 774.1 210.0 2140
SSACC,R 187822661
ESACC,R 187822661 187822698 38 772.0 203.7 1335.4 616.5 11.80 585
SFIX,R 187822699
EFIX,R 187822699 187822828 130 1350.1 637.0 2280
SSACC,R 187822829
ESACC,R 187822829 187822844 16 1354.4 639.7 1407.2 631.7 0.89 87
SFIX,R 187822845
EFIX,R 187822845 187823495 651 1408.2 639.8 2377
SSACC,R 187823496
ESACC,R 187823496 187823582 87 1410.2 630.2 660.5 222.7 14.33 260
SFIX,R 187823583
EFIX,R 187823583 187823927 345 607.9 218.2 2597
SSACC,R 187823928
ESACC,R 187823928 187823988 61 602.8 218.4 35.4 84.7 9.54 320
SFIX,R 187823989
EFIX,R 187823989 187824804 816 32.6 90.4 2697
SSACC,R 187824805
ESACC,R 187824805 187824887 83 36.6 90.8 -170.4 883.2 13.14 262
SFIX,R 187824888
EFIX,R 187824888 187826125 1238 -193.5 952.4 3098
SSACC,R 187826126
ESACC,R 187826126 187826150 25 -178.3 954.7 -231.8 668.3 4.57 372
SFIX,R 187826151
EFIX,R 187826151 187826350 200 -226.5 635.0 3186
SSACC,R 187826351
ESACC,R 187826351 187826397 47 -227.4 633.8 772.3 262.9 17.09 717
SFIX,R 187826398
EFIX,R 187826398 187826535 138 787.3 265.6 3149
SSACC,R 187826536
ESACC,R 187826536 187826554 19 788.1 264.6 824.5 198.8 1.29 119
SFIX,R 187826555
EFIX,R 187826555 187827374 820 789.6 216.1 2397
SSACC,R 187827375
ESACC,R 187827375 187827407 33 786.9 234.3 1046.4 704.0 9.09 533
SFIX,R 187827408
EFIX,R 187827408 187827546 139 1050.8 715.9 2423
SSACC,R 187827547
ESACC,R 187827547 187827558 12 1052.5 716.4 1087.5 747.0 0.78 76
SFIX,R 187827559
EFIX,R 187827559 187827875 317 1086.6 749.9 2303
SSACC,R 187827876
ESACC,R 187827876 187827905 30 1086.2 745.0 1043.8 526.8 3.74 214
SFIX,R 187827906
EFIX,R 187827906 187828631 726 1031.1 473.6 2643
SSACC,R 187828632
ESACC,R 187828632 187828666 35 1033.0 469.2 1041.8 714.6 4.15 298
SFIX,R 187828667
EFIX,R 187828667 187829667 1001 1024.2 732.8 2602
SSACC,R 187829668
SBLINK,R 187829711
EBLINK,R 187829711 187829834 124
ESACC,R 187829668 187829892 225 1018.6 737.9 296.8 513.3 12.54 1140
SFIX,R 187829893
EFIX,R 187829893 187830909 1017 307.6 530.8 2579
SSACC,R 187830910
ESACC,R 187830910 187830951 42 300.9 533.9 1052.2 611.8 12.55 628
SFIX,R 187830952
EFIX,R 187830952 187831030 79 1071.1 625.7 2587
SSACC,R 187831031
ESACC,R 187831031 187831051 21 1075.1 628.9 1180.6 624.7 1.78 159
SFIX,R 187831052
EFIX,R 187831052 187832751 1700 1189.3 639.5 2509
SSACC,R 187832752
ESACC,R 187832752 187832771 20 1188.1 635.6 1236.2 590.1 1.11 75
SFIX,R 187832772
EFIX,R 187832772 187833622 851 1325.4 541.8 2543
SSACC,R 187833623
SBLINK,R 187833666
EBLINK,R 187833666 187833839 174
ESACC,R 187833623 187833915 293 1332.4 537.7 2122.3 421.0 12.73 927
SFIX,R 187833916
EFIX,R 187833916 187834504 589 2110.0 502.4 2231
SSACC,R 187834505
ESACC,R 187834505 187834583 79 2104.7 499.2 1653.1 777.7 8.39 139
SFIX,R 187834584
EFIX,R 187834584 187834906 323 1585.6 803.8 2664
SSACC,R 187834907
ESACC,R 187834907 187834936 30 1583.1 816.2 1422.1 474.6 6.26 463
SFIX,R 187834937
EFIX,R 187834937 187835068 132 1405.3 472.1 2522
SSACC,R 187835069
ESACC,R 187835069 187835087 19 1402.4 474.4 1408.8 407.3 1.14 99
SFIX,R 187835088
EFIX,R 187835088 187836502 1415 1400.6 425.8 2356
SSACC,R 187836503
ESACC,R 187836503 187836581 79 1399.3 420.4 1655.2 1368.4 15.66 373
SFIX,R 187836582
EFIX,R 187836582 187836958 377 1656.7 1375.8 2458
SSACC,R 187836959
ESACC,R 187836959 187836970 12 1663.6 1375.9 1697.8 1346.6 0.69 68
SFIX,R 187836971
EFIX,R 187836971 187837324 354 1705.1 1328.7 2687
SSACC,R 187837325
SBLINK,R 187837343
EBLINK,R 187837343 187837554 212
ESACC,R 187837325 187837634 310 1697.3 1328.3 1499.0 1093.2 4.80 405
SFIX,R 187837635
EFIX,R 187837635 187837802 168 1487.5 1118.0 3041
SSACC,R 187837803
ESACC,R 187837803 187837821 19 1485.3 1129.4 1448.1 1067.7 1.15 69
SFIX,R 187837822
EFIX,R 187837822 187838229 408 1427.5 1072.5 3025
SSACC,R 187838230
ESACC,R 187838230 187838253 24 1425.2 1079.0 1321.0 1080.6 1.69 95
SFIX,R 187838254
EFIX,R 187838254 187838346 93 1311.2 1075.7 3131
SSACC,R 187838347
ESACC,R 187838347 187838365 19 1305.5 1078.5 1242.6 1085.7 1.03 76
SFIX,R 187838366
EFIX,R 187838366 187838716 351 1216.3 1095.0 3112
SSACC,R 187838717
ESACC,R 187838717 187838759 43 1214.1 1098.1 1648.4 1104.4 6.99 308
SFIX,R 187838760
EFIX,R 187838760 187839396 637 1638.6 1115.0 2902
SSACC,R 187839397
ESACC,R 187839397 187839415 19 1638.4 1112.8 1610.4 1030.9 1.37 101
SFIX,R 187839416
EFIX,R 187839416 187840039 624 1588.0 1006.0 2922
SSACC,R 187840040
ESACC,R 187840040 187840056 17 1596.7 1008.2 1632.6 984.1 0.69 53
SFIX,R 187840057
EFIX,R 187840057 187840382 326 1682.2 965.2 2671
SSACC,R 187840383
ESACC,R 187840383 187840434 52 1682.0 980.2 1466.7 1761.9 12.11 520
SFIX,R 187840435
EFIX,R 187840435 187840677 243 1452.3 1750.3 2825
SSACC,R 187840678
ESACC,R 187840678 187840727 50 1446.1 1761.8 1342.0 1353.0 6.18 199
SFIX,R 187840728
EFIX,R 187840728 187841257 530 1336.7 1326.9 3106
SSACC,R 187841258
ESACC,R 187841258 187841284 27 1329.4 1303.8 1503.0 1168.2 3.48 227
SFIX,R 187841285
EFIX,R 187841285 187841597 313 1522.7 1145.6 3245
SSACC,R 187841598
ESACC,R 187841598 187841706 109 1525.9 1151.8 614.4 505.9 18.26 272
SFIX,R 187841707
EFIX,R 187841707 187841831 125 578.8 496.2 3222
SSACC,R 187841832
ESACC,R 187841832 187841861 30 567.6 498.4 807.9 211.2 6.36 467
SFIX,R 187841862
EFIX,R 187841862 187842238 377 803.9 202.4 2724
SSACC,R 187842239
ESACC,R 187842239 187842317 79 803.9 198.0 1470.8 1051.4 17.92 386
SFIX,R 187842318
EFIX,R 187842318 187843437 1120 1482.2 1080.6 2981
SSACC,R 187843438
ESACC,R 187843438 187843469 32 1483.4 1067.1 1097.1 1111.1 6.33 408
SFIX,R 187843470
EFIX,R 187843470 187843542 73 1083.5 1105.6 3309
SSACC,R 187843543
ESACC,R 187843543 187843562 20 1079.2 1102.7 1166.2 1070.7 1.52 123
SFIX,R 187843563
EFIX,R 187843563 187844518 956 1209.3 1060.4 3242
SSACC,R 187844519
ESACC,R 187844519 187844600 82 1208.1 1047.7 621.6 22.5 19.57 478
SFIX,R 187844601
EFIX,R 187844601 187844967 367 571.3 22.8 2605
SSACC,R 187844968
ESACC,R 187844968 187845041 74 548.2 19.5 954.9 655.4 12.75 314
SFIX,R 187845042
EFIX,R 187845042 187845492 451 961.0 678.1 2505
SSACC,R 187845493
ESACC,R 187845493 187845532 40 958.1 684.1 959.0 415.9 4.55 296
SFIX,R 187845533
EFIX,R 187845533 187845927 395 955.7 411.9 2538
SSACC,R 187845928
ESACC,R 187845928 187845954 27 955.2 405.5 808.0 240.7 3.77 296
SFIX,R 187845955
EFIX,R 187845955 187846572 618 783.9 221.1 2504
SSACC,R 187846573
ESACC,R 187846573 187846599 27 777.1 212.3 877.2 420.0 3.94 293
SFIX,R 187846600
EFIX,R 187846600 187847597 998 882.1 430.4 2481
SSACC,R 187847598
SBLINK,R 187847630
EBLINK,R 187847630 187847782 153
ESACC,R 187847598 187847837 240 880.2 438.8 1548.0 1073.4 15.17 1494
SFIX,R 187847838
EFIX,R 187847838 187848339 502 1532.8 1104.3 2503
SSACC,R 187848340
ESACC,R 187848340 187848423 84 1533.6 1094.7 2040.9 413.8 13.52 254
SFIX,R 187848424
EFIX,R 187848424 187848448 25 2033.3 403.9 2763
SSACC,R 187848449
ESACC,R 187848449 187848454 6 2028.5 412.2 2028.7 436.5 0.40 70
SFIX,R 187848455
EFIX,R 187848455 187848852 398 2024.8 473.3 2584
SSACC,R 187848853
ESACC,R 187848853 187848913 61 2017.9 473.8 1596.2 1155.1 12.71 400
SFIX,R 187848914
EFIX,R 187848914 187849076 163 1570.0 1160.3 2873
SSACC,R 187849077
ESACC,R 187849077 187849091 15 1566.6 1161.5 1582.6 1107.4 0.89 79
SFIX,R 187849092
EFIX,R 187849092 187849727 636 1605.9 1089.4 2865
SSACC,R 187849728
ESACC,R 187849728 187849790 63 1608.9 1084.2 1846.4 1785.2 10.90 371
SFIX,R 187849791
EFIX,R 187849791 187850071 281 1846.0 1810.6 3119
SSACC,R 187850072
ESACC,R 187850072 187850122 51 1844.8 1807.4 1576.2 1139.9 10.56 454
SFIX,R 187850123
EFIX,R 187850123 187850418 296 1564.2 1123.1 2997
SSACC,R 187850419
ESACC,R 187850419 187850444 26 1559.6 1119.1 1467.2 983.5 2.62 143
SFIX,R 187850445
EFIX,R 187850445 187850523 79 1431.1 946.4 3087
SSACC,R 187850524
ESACC,R 187850524 187850538 15 1420.7 944.3 1391.4 979.3 0.74 61
SFIX,R 187850539
EFIX,R 187850539 187850852 314 1370.0 1006.3 2937
SSACC,R 187850853
ESACC,R 187850853 187850882 30 1368.5 1015.5 1495.4 1096.9 2.43 115
SFIX,R 187850883
EFIX,R 187850883 187851201 319 1504.4 1135.6 2874
SSACC,R 187851202
ESACC,R 187851202 187851333 132 1505.8 1139.9 811.4 288.3 18.06 231
SFIX,R 187851334
EFIX,R 187851334 187851464 131 757.1 286.5 2747
SSACC,R 187851465
ESACC,R 187851465 187851485 21 742.9 288.7 793.8 220.6 1.45 140
SFIX,R 187851486
EFIX,R 187851486 187851955 470 774.2 220.2 2101
SSACC,R 187851956
ESACC,R 187851956 187852001 46 767.9 221.5 942.3 799.4 10.18 536
SFIX,R 187852002
EFIX,R 187852002 187852140 139 944.6 794.6 2459
SSACC,R 187852141
ESACC,R 187852141 187852158 18 949.1 788.5 981.5 851.5 1.18 101
SFIX,R 187852159
EFIX,R 187852159 187853531 1373 980.0 844.5 2680
SSACC,R 187853532
ESACC,R 187853532 187853549 18 974.4 843.0 936.7 807.6 0.86 57
SFIX,R 187853550
EFIX,R 187853550 187853747 198 891.7 776.3 2644
SSACC,R 187853748
ESACC,R 187853748 187853805 58 889.9 772.6 1520.0 1159.4 12.07 431
SFIX,R 187853806
EFIX,R 187853806 187854079 274 1523.7 1156.8 2616
SSACC,R 187854080
ESACC,R 187854080 187854102 23 1528.5 1154.8 1488.4 1055.5 1.70 122
SFIX,R 187854103
EFIX,R 187854103 187855414 1312 1453.0 1008.1 2860
SSACC,R 187855415
ESACC,R 187855415 187855486 72 1449.6 1016.6 1456.3 1284.8 4.22 139
SFIX,R 187855487
EFIX,R 187855487 187855509 23 1462.1 1289.6 2395
SSACC,R 187855510
ESACC,R 187855510 187855599 90 1453.8 1314.4 849.8 347.8 18.51 446
SFIX,R 187855600
EFIX,R 187855600 187855717 118 838.5 307.0 2625
SSACC,R 187855718
ESACC,R 187855718 187855736 19 840.3 295.6 783.9 208.9 1.77 173
SFIX,R 187855737
EFIX,R 187855737 187856710 974 775.7 220.0 2208
SSACC,R 187856711
ESACC,R 187856711 187856747 37 770.2 228.5 1233.3 520.8 9.28 503
SFIX,R 187856748
EFIX,R 187856748 187856889 142 1248.4 547.2 2224
SSACC,R 187856890
ESACC,R 187856890 187856900 11 1254.6 548.4 1292.4 546.4 0.64 68
SFIX,R 187856901
EFIX,R 187856901 187858980 2080 1298.8 540.8 2415
SSACC,R 187858981
SBLINK,R 187859060
EBLINK,R 187859060 187859169 110
ESACC,R 187858981 187859223 243 1293.4 534.2 58.9 779.0 20.44 1376
SFIX,R 187859224
EFIX,R 187859224 187860221 998 72.6 754.0 2684
SSACC,R 187860222
ESACC,R 187860222 187860284 63 82.2 759.9 102.9 270.1 8.04 291
SFIX,R 187860285
EFIX,R 187860285 187860354 70 100.6 274.2 2706
SSACC,R 187860355
ESACC,R 187860355 187860394 40 103.6 273.5 748.8 232.6 10.65 495
SFIX,R 187860395
EFIX,R 187860395 187860650 256 766.6 241.8 2530
SSACC,R 187860651
ESACC,R 187860651 187860660 10 775.3 241.4 794.0 227.6 0.40 46
SFIX,R 187860661
EFIX,R 187860661 187860917 257 793.7 226.9 2482
SSACC,R 187860918
ESACC,R 187860918 187860946 29 789.9 224.9 783.6 522.1 5.07 366
SFIX,R 187860947
EFIX,R 187860947 187862239 1293 783.4 528.2 2608
SSACC,R 187862240
ESACC,R 187862240 187862260 21 786.4 528.3 859.3 467.0 1.62 93
SFIX,R 187862261
EFIX,R 187862261 187862283 23 887.4 460.3 2653
SSACC,R 187862284
ESACC,R 187862284 187862299 16 927.4 459.3 987.9 472.7 1.05 91
SFIX,R 187862300
EFIX,R 187862300 187863595 1296 1032.1 496.0 2613
SSACC,R 187863596
SBLINK,R 187863639
EBLINK,R 187863639 187863803 165
ESACC,R 187863596 187863854 259 1025.6 497.1 1555.4 995.0 12.01 543
SFIX,R 187863855
EFIX,R 187863855 187864303 449 1544.3 1023.2 2468
SSACC,R 187864304
ESACC,R 187864304 187864332 29 1549.1 1008.8 1491.3 1175.0 2.79 140
SFIX,R 187864333
EFIX,R 187864333 187865057 725 1487.2 1152.5 3039
SSACC,R 187865058
ESACC,R 187865058 187865065 8 1486.2 1137.8 1490.0 1114.0 0.38 52
SFIX,R 187865066
EFIX,R 187865066 187865878 813 1497.5 1110.5 3033
SSACC,R 187865879
ESACC,R 187865879 187865931 53 1500.2 1135.4 1336.3 782.2 6.30 169
SFIX,R 187865932
EFIX,R 187865932 187866118 187 1324.8 765.8 2888
SSACC,R 187866119
ESACC,R 187866119 187866176 58 1318.5 761.0 660.5 264.2 13.85 402
SFIX,R 187866177
EFIX,R 187866177 187866374 198 643.1 257.4 2888
SSACC,R 187866375
ESACC,R 187866375 187866432 58 640.7 249.7 79.3 940.1 14.56 450
SFIX,R 187866433
EFIX,R 187866433 187866893 461 74.3 944.4 3288
SSACC,R 187866894
ESACC,R 187866894 187866959 66 69.4 951.6 825.4 242.4 16.97 430
SFIX,R 187866960
EFIX,R 187866960 187867801 842 820.6 227.5 2998
SSACC,R 187867802
ESACC,R 187867802 187867854 53 827.6 230.0 1025.9 526.8 6.09 164
SFIX,R 187867855
EFIX,R 187867855 187868385 531 1032.0 553.8 2787
SSACC,R 187868386
ESACC,R 187868386 187868457 72 1036.4 556.3 1421.2 568.6 6.47 123
SFIX,R 187868458
EFIX,R 187868458 187869110 653 1418.5 570.2 2820
SSACC,R 187869111
ESACC,R 187869111 187869188 78 1418.7 570.9 1931.3 1025.7 11.00 256
SFIX,R 187869189
EFIX,R 187869189 187869465 277 1926.8 1031.7 2562
SSACC,R 187869466
ESACC,R 187869466 187869528 63 1922.0 1026.2 2233.6 269.2 12.87 360
SFIX,R 187869529
EFIX,R 187869529 187869937 409 2233.3 279.1 2464
SSACC,R 187869938
ESACC,R 187869938 187870012 75 2232.4 292.8 2424.5 885.0 9.65 332
SFIX,R 187870013
EFIX,R 187870013 187870090 78 2418.3 893.2 2658
SSACC,R 187870091
ESACC,R 187870091 187870186 96 2414.0 891.4 1014.8 210.1 24.25 416
SFIX,R 187870187
EFIX,R 187870187 187870304 118 998.8 209.2 2885
SSACC,R 187870305
ESACC,R 187870305 187870328 24 990.3 210.3 794.8 213.4 3.33 301
SFIX,R 187870329
EFIX,R 187870329 187870494 166 769.5 213.7 2478
SSACC,R 187870495
ESACC,R 187870495 187870500 6 766.3 215.5 782.4 217.7 0.28 42
SFIX,R 187870501
EFIX,R 187870501 187870954 454 781.4 221.6 2394
SSACC,R 187870955
ESACC,R 187870955 187870991 37 784.7 224.0 1394.7 405.0 10.74 552
SFIX,R 187870992
EFIX,R 187870992 187871881 890 1407.8 414.2 2445
SSACC,R 187871882
ESACC,R 187871882 187871972 91 1412.2 406.2 823.2 226.1 10.40 186
SFIX,R 187871973
EFIX,R 187871973 187872385 413 779.7 236.8 2668
SSACC,R 187872386
ESACC,R 187872386 187872437 52 777.5 229.2 484.9 278.7 5.01 139
SFIX,R 187872438
EFIX,R 187872438 187873363 926 433.5 301.9 2751
SSACC,R 187873364
ESACC,R 187873364 187873434 71 425.1 298.0 -56.7 965.0 13.29 358
SFIX,R 187873435
EFIX,R 187873435 187873828 394 -70.8 977.4 2767
SSACC,R 187873829
ESACC,R 187873829 187873906 78 -69.4 970.8 673.1 1369.6 13.12 311
SFIX,R 187873907
EFIX,R 187873907 187874281 375 675.7 1360.6 3094
SSACC,R 187874282
ESACC,R 187874282 187874333 52 678.7 1353.1 503.1 990.8 6.35 232
SFIX,R 187874334
EFIX,R 187874334 187874628 295 495.0 985.5 3166
SSACC,R 187874629
ESACC,R 187874629 187874677 49 497.8 979.4 842.5 210.8 14.01 646
SFIX,R 187874678
EFIX,R 187874678 187874796 119 837.6 204.8 2961
SSACC,R 187874797
ESACC,R 187874797 187874803 7 834.6 203.4 817.3 204.4 0.29 43
SFIX,R 187874804
EFIX,R 187874804 187875339 536 786.4 217.9 2353
SSACC,R 187875340
ESACC,R 187875340 187875374 35 787.0 229.8 1153.5 413.4 6.97 387
SFIX,R 187875375
EFIX,R 187875375 187875540 166 1168.2 425.0 2317
SSACC,R 187875541
ESACC,R 187875541 187875547 7 1173.7 425.1 1192.4 419.0 0.33 47
SFIX,R 187875548
EFIX,R 187875548 187876369 822 1196.5 424.9 2546
SSACC,R 187876370
ESACC,R 187876370 187876461 92 1191.4 423.0 498.1 951.0 14.48 257
SFIX,R 187876462
EFIX,R 187876462 187876777 316 462.8 961.8 2863
SSACC,R 187876778
ESACC,R 187876778 187876833 56 458.9 961.4 769.0 216.3 13.42 561
SFIX,R 187876834
EFIX,R 187876834 187878412 1579 772.7 195.6 2661
SSACC,R 187878413
SBLINK,R 187878459
EBLINK,R 187878459 187878589 131
ESACC,R 187878413 187878642 230 761.9 200.2 1545.9 836.7 16.82 1384
SFIX,R 187878643
EFIX,R 187878643 187878987 345 1532.0 868.0 2470
SSACC,R 187878988
ESACC,R 187878988 187879027 40 1529.0 868.3 826.1 644.8 12.21 697
SFIX,R 187879028
EFIX,R 187879028 187879178 151 809.6 643.0 2791
SSACC,R 187879179
ESACC,R 187879179 187879185 7 809.9 639.8 795.9 621.4 0.39 52
SFIX,R 187879186
EFIX,R 187879186 187879954 769 782.8 624.2 2543
SSACC,R 187879955
ESACC,R 187879955 187880019 65 784.5 628.7 780.0 1591.1 15.06 417
SFIX,R 187880020
EFIX,R 187880020 187880738 719 780.1 1606.1 2947
SSACC,R 187880739
ESACC,R 187880739 187880822 84 784.8 1584.3 949.7 664.4 14.64 275
SFIX,R 187880823
EFIX,R 187880823 187881331 509 943.9 659.5 2832
SSACC,R 187881332
ESACC,R 187881332 187881409 78 934.8 672.6 1448.2 1284.1 12.93 415
SFIX,R 187881410
EFIX,R 187881410 187882149 740 1460.8 1277.6 2634
SSACC,R 187882150
ESACC,R 187882150 187882207 58 1466.6 1257.1 1508.3 963.7 4.68 131
SFIX,R 187882208
EFIX,R 187882208 187882454 247 1561.9 886.6 2799
SSACC,R 187882455
SBLINK,R 187882482
EBLINK,R 187882482 187882690 209
ESACC,R 187882455 187882765 311 1559.9 885.7 2130.3 415.0 11.75 962
SFIX,R 187882766
EFIX,R 187882766 187882892 127 2111.9 485.6 2238
SSACC,R 187882893
ESACC,R 187882893 187882947 55 2106.6 513.3 1116.8 266.4 16.42 570
SFIX,R 187882948
EFIX,R 187882948 187883059 112 1106.9 269.2 2541
SSACC,R 187883060
ESACC,R 187883060 187883085 26 1103.5 274.2 824.5 222.9 4.83 425
SFIX,R 187883086
EFIX,R 187883086 187883670 585 785.6 220.9 2501
SSACC,R 187883671
ESACC,R 187883671 187883701 31 776.4 214.0 1156.3 426.2 7.40 536
SFIX,R 187883702
EFIX,R 187883702 187884775 1074 1186.9 427.6 2486
SSACC,R 187884776
ESACC,R 187884776 187884836 61 1189.6 428.6 1649.3 780.5 9.60 240
SFIX,R 187884837
EFIX,R 187884837 187885531 695 1675.3 807.4 2514
SSACC,R 187885532
ESACC,R 187885532 187885554 23 1673.0 804.6 1761.0 770.2 1.52 105
SFIX,R 187885555
EFIX,R 187885555 187886029 475 1791.4 759.0 2683
SSACC,R 187886030
ESACC,R 187886030 187886056 27 1794.9 762.9 1930.3 1005.0 4.40 341
SFIX,R 187886057
EFIX,R 187886057 187886410 354 1928.3 1011.9 2708
SSACC,R 187886411
SBLINK,R 187886432
EBLINK,R 187886432 187886585 154
ESACC,R 187886411 187886652 242 1927.4 1020.3 1833.8 682.3 5.58 771
SFIX,R 187886653
EFIX,R 187886653 187887325 673 1813.1 756.4 2760
SSACC,R 187887326
ESACC,R 187887326 187887385 60 1818.1 762.4 2073.1 111.0 11.30 285
SFIX,R 187887386
EFIX,R 187887386 187888034 649 2068.7 85.4 2502
SSACC,R 187888035
ESACC,R 187888035 187888102 68 2063.2 84.4 1883.5 509.7 7.50 162
SFIX,R 187888103
EFIX,R 187888103 187888316 214 1878.4 511.3 2829
SSACC,R 187888317
ESACC,R 187888317 187888370 54 1876.4 509.9 2182.4 -18.5 9.79 339
SFIX,R 187888371
EFIX,R 187888371 187888747 377 2183.7 -31.3 2733
SSACC,R 187888748
ESACC,R 187888748 187888810 63 2181.4 -34.1 2104.3 659.3 11.16 303
SFIX,R 187888811
EFIX,R 187888811 187889026 216 2092.7 685.8 2931
SSACC,R 187889027
ESACC,R 187889027 187889050 24 2090.4 693.6 1884.9 688.7 3.17 246
SFIX,R 187889051
EFIX,R 187889051 187889486 436 1863.9 689.4 2894
SSACC,R 187889487
ESACC,R 187889487 187889541 55 1860.0 682.7 1920.2 177.5 8.33 273
SFIX,R 187889542
EFIX,R 187889542 187890109 568 1914.4 175.2 2662
SSACC,R 187890110
ESACC,R 187890110 187890167 58 1914.1 184.3 883.3 188.4 16.88 619
SFIX,R 187890168
EFIX,R 187890168 187890297 130 878.4 192.0 2916
SSACC,R 187890298
ESACC,R 187890298 187890314 17 871.0 195.2 805.3 197.0 1.12 109
SFIX,R 187890315
EFIX,R 187890315 187891088 774 783.0 207.5 2373
SSACC,R 187891089
ESACC,R 187891089 187891124 36 773.4 214.1 1092.9 756.8 10.64 568
SFIX,R 187891125
EFIX,R 187891125 187892169 1045 1096.9 760.2 2456
SSACC,R 187892170
ESACC,R 187892170 187892244 75 1092.8 739.4 162.6 825.1 15.26 314
SFIX,R 187892245
EFIX,R 187892245 187892626 382 115.1 828.8 2740
SSACC,R 187892627
SBLINK,R 187892707
EBLINK,R 187892707 187892809 103
ESACC,R 187892627 187892855 229 116.0 826.9 -322.9 444.7 9.09 1035
SFIX,R 187892856
EFIX,R 187892856 187893117 262 -335.4 407.2 2488
SSACC,R 187893118
ESACC,R 187893118 187893188 71 -330.4 409.1 91.3 680.1 7.80 190
SFIX,R 187893189
EFIX,R 187893189 187893583 395 91.0 692.9 2805
SSACC,R 187893584
ESACC,R 187893584 187893612 29 89.2 697.1 128.3 382.2 5.21 410
SFIX,R 187893613
EFIX,R 187893613 187894028 416 129.5 371.9 2717
SSACC,R 187894029
ESACC,R 187894029 187894061 33 134.3 368.7 144.6 894.1 8.57 498
SFIX,R 187894062
EFIX,R 187894062 187894253 192 142.6 926.6 3143
SSACC,R 187894254
ESACC,R 187894254 187894264 11 139.6 926.5 138.1 968.8 0.67 68
SFIX,R 187894265
EFIX,R 187894265 187894632 368 129.0 972.6 2846
SSACC,R 187894633
ESACC,R 187894633 187894687 55 123.7 975.9 559.0 307.9 13.04 550
SFIX,R 187894688
EFIX,R 187894688 187894756 69 593.2 306.5 2621
SSACC,R 187894757
ESACC,R 187894757 187894778 22 591.6 306.1 738.1 246.9 2.68 239
SFIX,R 187894779
EFIX,R 187894779 187894993 215 734.5 238.1 2263
SSACC,R 187894994
ESACC,R 187894994 187895050 57 721.7 236.7 95.9 930.6 15.32 544
SFIX,R 187895051
EFIX,R 187895051 187895227 177 104.5 933.3 2427
SSACC,R 187895228
ESACC,R 187895228 187895243 16 106.6 931.9 105.8 982.4 0.80 103
SFIX,R 187895244
EFIX,R 187895244 187895689 446 112.4 980.5 2542
SSACC,R 187895690
ESACC,R 187895690 187895731 42 122.2 973.3 153.0 373.7 9.75 515
SFIX,R 187895732
EFIX,R 187895732 187896057 326 149.9 367.2 2519
SSACC,R 187896058
SBLINK,R 187896096
EBLINK,R 187896096 187896210 115
ESACC,R 187896058 187896258 201 152.3 364.8 1335.0 1075.5 22.38 1449
SFIX,R 187896259
EFIX,R 187896259 187896598 340 1321.4 1107.6 2772
SSACC,R 187896599
ESACC,R 187896599 187896623 25 1323.1 1104.5 1376.2 1318.5 3.45 277
SFIX,R 187896624
EFIX,R 187896624 187896894 271 1374.0 1309.9 2943
SSACC,R 187896895
ESACC,R 187896895 187896933 39 1376.1 1306.3 1755.0 1203.1 6.17 399
SFIX,R 187896934
EFIX,R 187896934 187897263 330 1750.7 1197.0 3019
SSACC,R 187897264
ESACC,R 187897264 187897274 11 1750.7 1188.1 1774.9 1155.6 0.63 70
SFIX,R 187897275
EFIX,R 187897275 187897709 435 1775.5 1144.1 2974
SSACC,R 187897710
ESACC,R 187897710 187897736 27 1773.6 1148.4 1501.1 1113.3 4.34 338
SFIX,R 187897737
EFIX,R 187897737 187897952 216 1474.6 1113.1 3117
SSACC,R 187897953
ESACC,R 187897953 187897976 24 1472.6 1112.7 1398.4 972.3 2.55 181
SFIX,R 187897977
EFIX,R 187897977 187898836 860 1378.7 977.4 3051
SSACC,R 187898837
ESACC,R 187898837 187898868 32 1377.3 977.5 1420.4 1124.7 2.45 274
SFIX,R 187898869
EFIX,R 187898869 187899125 257 1418.1 1135.4 3044
SSACC,R 187899126
ESACC,R 187899126 187899138 13 1411.7 1131.2 1402.4 1079.9 0.83 72
SFIX,R 187899139
EFIX,R 187899139 187899402 264 1397.3 1075.6 3076
SSACC,R 187899403
ESACC,R 187899403 187899466 64 1397.2 1078.7 858.7 272.5 16.04 485
SFIX,R 187899467
EFIX,R 187899467 187899594 128 838.3 263.8 2971
SSACC,R 187899595
ESACC,R 187899595 187899613 19 832.0 263.9 798.9 205.9 1.14 109
SFIX,R 187899614
EFIX,R 187899614 187900137 524 783.6 215.7 2218
SSACC,R 187900138
ESACC,R 187900138 187900168 31 777.4 220.8 985.1 614.8 7.57 485
SFIX,R 187900169
EFIX,R 187900169 187900504 336 991.8 634.9 2362
SSACC,R 187900505
ESACC,R 187900505 187900536 32 988.6 641.1 1165.9 1093.1 7.98 513
SFIX,R 187900537
EFIX,R 187900537 187900751 215 1171.6 1099.1 2464
SSACC,R 187900752
ESACC,R 187900752 187900770 19 1168.7 1096.0 1243.3 1109.6 1.24 109
SFIX,R 187900771
EFIX,R 187900771 187901131 361 1244.1 1102.6 2774
SSACC,R 187901132
ESACC,R 187901132 187901191 60 1250.8 1104.0 1698.2 1176.7 7.24 199
SFIX,R 187901192
EFIX,R 187901192 187901727 536 1710.6 1207.4 2796
SSACC,R 187901728
ESACC,R 187901728 187901752 25 1707.8 1208.0 1533.7 1118.7 3.08 227
SFIX,R 187901753
EFIX,R 187901753 187902648 896 1511.7 1124.8 2999
SSACC,R 187902649
ESACC,R 187902649 187902729 81 1509.7 1137.6 1502.5 136.3 16.32 391
SFIX,R 187902730
EFIX,R 187902730 187903076 347 1484.5 103.4 2322
SSACC,R 187903077
ESACC,R 187903077 187903098 22 1470.7 105.7 1474.9 -39.2 2.45 211
SFIX,R 187903099
EFIX,R 187903099 187903425 327 1479.5 -48.2 2239
SSACC,R 187903426
ESACC,R 187903426 187903486 61 1478.3 -50.3 1677.2 -255.9 4.73 129
SFIX,R 187903487
EFIX,R 187903487 187903749 263 1676.0 -237.8 2380
SSACC,R 187903750
ESACC,R 187903750 187903792 43 1672.0 -224.5 840.5 190.5 15.47 678
SFIX,R 187903793
EFIX,R 187903793 187903940 148 823.1 207.6 2815
SSACC,R 187903941
ESACC,R 187903941 187903949 9 820.8 215.1 794.3 211.4 0.46 51
SFIX,R 187903950
EFIX,R 187903950 187904796 847 771.8 225.5 2204
SSACC,R 187904797
ESACC,R 187904797 187904834 38 760.6 225.5 1335.7 509.3 10.83 523
SFIX,R 187904835
EFIX,R 187904835 187904989 155 1367.4 550.9 2099
SSACC,R 187904990
ESACC,R 187904990 187904996 7 1373.1 553.7 1392.2 539.1 0.40 53
SFIX,R 187904997
EFIX,R 187904997 187905228 232 1396.2 543.8 2168
SSACC,R 187905229
ESACC,R 187905229 187905288 60 1393.7 542.7 996.7 151.6 9.43 289
SFIX,R 187905289
EFIX,R 187905289 187905514 226 990.8 153.2 2361
SSACC,R 187905515
ESACC,R 187905515 187905542 28 991.1 155.2 1132.1 2.7 3.54 267
SFIX,R 187905543
EFIX,R 187905543 187906111 569 1139.7 -18.4 2537
SSACC,R 187906112
ESACC,R 187906112 187906166 55 1144.7 -25.8 1158.4 -527.4 8.38 246
SFIX,R 187906167
EFIX,R 187906167 187906612 446 1161.1 -542.7 2318
SSACC,R 187906613
SBLINK,R 187906643
EBLINK,R 187906643 187906781 139
ESACC,R 187906613 187906833 221 1161.7 -536.3 1474.3 839.1 23.07 852
SFIX,R 187906834
EFIX,R 187906834 187907843 1010 1447.0 872.3 2837
SSACC,R 187907844
ESACC,R 187907844 187907878 35 1447.7 876.5 1433.9 1098.5 3.58 354
SFIX,R 187907879
EFIX,R 187907879 187907939 61 1434.8 1109.0 2838
SSACC,R 187907940
ESACC,R 187907940 187907950 11 1440.3 1113.8 1460.3 1075.0 0.69 80
SFIX,R 187907951
EFIX,R 187907951 187908477 527 1474.6 1076.8 2827
SSACC,R 187908478
ESACC,R 187908478 187908537 60 1475.7 1073.1 839.8 249.5 17.20 620
SFIX,R 187908538
EFIX,R 187908538 187908668 131 833.0 243.0 2847
SSACC,R 187908669
ESACC,R 187908669 187908677 9 828.8 237.8 809.9 221.9 0.42 51
SFIX,R 187908678
EFIX,R 187908678 187909362 685 779.5 222.5 2170
SSACC,R 187909363
ESACC,R 187909363 187909400 38 770.1 222.6 1187.8 242.2 7.10 322
SFIX,R 187909401
EFIX,R 187909401 187909489 89 1204.7 249.6 2057
SSACC,R 187909490
ESACC,R 187909490 187909508 19 1205.5 246.4 1276.6 229.4 1.24 119
SFIX,R 187909509
EFIX,R 187909509 187910495 987 1291.9 226.9 2426
SSACC,R 187910496
ESACC,R 187910496 187910577 82 1289.6 232.7 1701.5 727.6 10.70 186
SFIX,R 187910578
EFIX,R 187910578 187910897 320 1722.9 781.7 2260
SSACC,R 187910898
ESACC,R 187910898 187910954 57 1725.4 778.4 1918.8 127.6 11.09 313
SFIX,R 187910955
EFIX,R 187910955 187911554 600 1921.3 93.5 2281
SSACC,R 187911555
ESACC,R 187911555 187911583 29 1921.6 85.1 2133.6 -154.6 5.09 371
SFIX,R 187911584
EFIX,R 187911584 187912039 456 2141.9 -159.3 2162
SSACC,R 187912040
ESACC,R 187912040 187912102 63 2142.4 -156.0 2144.0 583.5 11.84 353
SFIX,R 187912103
EFIX,R 187912103 187912424 322 2138.3 608.8 2662
SSACC,R 187912425
ESACC,R 187912425 187912439 15 2138.4 628.0 2137.9 606.1 0.35 63
SFIX,R 187912440
EFIX,R 187912440 187912926 487 2134.5 608.4 2634
SSACC,R 187912927
ESACC,R 187912927 187913028 102 2132.7 606.9 1353.5 237.1 13.82 224
SFIX,R 187913029
EFIX,R 187913029 187913162 134 1346.8 239.9 2705
SSACC,R 187913163
ESACC,R 187913163 187913197 35 1341.1 243.4 831.6 211.1 8.65 479
SFIX,R 187913198
EFIX,R 187913198 187914138 941 783.8 217.4 2253
SSACC,R 187914139
ESACC,R 187914139 187914165 27 766.8 214.0 961.4 418.3 4.81 349
SFIX,R 187914166
EFIX,R 187914166 187915361 1196 970.4 434.4 2327
SSACC,R 187915362
ESACC,R 187915362 187915461 100 975.8 438.9 1563.5 383.3 9.88 142
SFIX,R 187915462
EFIX,R 187915462 187916088 627 1639.7 381.7 2161
SSACC,R 187916089
ESACC,R 187916089 187916148 60 1636.7 376.7 2065.7 0.2 9.21 215
SFIX,R 187916149
EFIX,R 187916149 187916425 277 2110.4 -23.3 1940
SSACC,R 187916426
ESACC,R 187916426 187916496 71 2108.8 -29.8 1745.0 62.1 5.90 135
SFIX,R 187916497
EFIX,R 187916497 187916740 244 1719.3 58.9 2195
SSACC,R 187916741
ESACC,R 187916741 187916804 64 1718.1 59.5 769.1 -365.5 17.17 477
SFIX,R 187916805
EFIX,R 187916805 187916950 146 736.6 -364.6 2313
SSACC,R 187916951
ESACC,R 187916951 187916983 33 722.8 -368.7 411.6 -755.7 8.06 633
SFIX,R 187916984
EFIX,R 187916984 187917191 208 381.3 -751.8 1991
SSACC,R 187917192
ESACC,R 187917192 187917272 81 388.1 -739.0 303.6 399.7 18.54 614
SFIX,R 187917273
EFIX,R 187917273 187917444 172 286.3 451.5 2464
SSACC,R 187917445
ESACC,R 187917445 187917466 22 289.5 446.5 148.7 366.4 2.65 234
SFIX,R 187917467
EFIX,R 187917467 187917823 357 132.5 360.7 2297
SSACC,R 187917824
ESACC,R 187917824 187917863 40 153.1 362.9 771.2 223.3 10.49 656
SFIX,R 187917864
EFIX,R 187917864 187918828 965 774.5 223.0 2256
SSACC,R 187918829
ESACC,R 187918829 187918858 30 765.7 224.3 977.1 489.5 5.78 385
SFIX,R 187918859
EFIX,R 187918859 187919015 157 990.7 517.4 2229
SSACC,R 187919016
ESACC,R 187919016 187919023 8 990.8 524.9 984.7 545.7 0.37 48
SFIX,R 187919024
EFIX,R 187919024 187919842 819 985.6 545.8 2414
SSACC,R 187919843
SBLINK,R 187919881
EBLINK,R 187919881 187920026 146
ESACC,R 187919843 187920084 242 990.1 549.4 300.3 1144.2 14.88 554
SFIX,R 187920085
EFIX,R 187920085 187920184 100 293.9 1098.0 2457
SSACC,R 187920185
ESACC,R 187920185 187920209 25 294.5 1100.0 123.2 988.4 3.22 260
SFIX,R 187920210
EFIX,R 187920210 187920516 307 122.6 979.9 2580
SSACC,R 187920517
ESACC,R 187920517 187920590 74 125.5 968.2 1127.2 1229.8 16.52 412
SFIX,R 187920591
EFIX,R 187920591 187921119 529 1128.0 1223.0 2919
SSACC,R 187921120
ESACC,R 187921120 187921153 34 1128.1 1224.5 828.9 1657.6 8.06 460
SFIX,R 187921154
EFIX,R 187921154 187921453 300 812.3 1673.0 3085
SSACC,R 187921454
ESACC,R 187921454 187921487 34 807.9 1671.3 1171.8 1762.5 5.78 367
SFIX,R 187921488
EFIX,R 187921488 187921899 412 1184.4 1767.4 3181
SSACC,R 187921900
ESACC,R 187921900 187921930 31 1182.2 1765.1 1469.7 1973.6 5.19 328
SFIX,R 187921931
EFIX,R 187921931 187922132 202 1491.8 1971.8 3206
SSACC,R 187922133
ESACC,R 187922133 187922204 72 1493.8 1977.9 1154.4 878.2 17.01 505
SFIX,R 187922205
EFIX,R 187922205 187922493 289 1141.2 872.8 2904
SSACC,R 187922494
ESACC,R 187922494 187922549 56 1135.4 891.0 734.9 179.8 13.69 551
SFIX,R 187922550
EFIX,R 187922550 187922644 95 726.3 185.4 2365
SSACC,R 187922645
ESACC,R 187922645 187922655 11 723.7 186.9 756.8 200.8 0.61 64
SFIX,R 187922656
EFIX,R 187922656 187923319 664 762.9 218.6 1969
SSACC,R 187923320
ESACC,R 187923320 187923356 37 763.0 210.3 1255.6 327.6 8.58 482
SFIX,R 187923357
EFIX,R 187923357 187924707 1351 1276.9 351.8 2258
SSACC,R 187924708
ESACC,R 187924708 187924786 79 1280.1 366.8 1023.9 1148.6 13.54 299
SFIX,R 187924787
EFIX,R 187924787 187925198 412 1010.2 1168.0 2509
SSACC,R 187925199
ESACC,R 187925199 187925237 39 1013.3 1157.1 1525.6 1291.1 8.50 447
SFIX,R 187925238
EFIX,R 187925238 187925801 564 1530.0 1283.0 2746
SSACC,R 187925802
ESACC,R 187925802 187925827 26 1532.5 1275.4 1476.0 1133.1 2.39 185
SFIX,R 187925828
EFIX,R 187925828 187926689 862 1478.6 1129.0 2998
SSACC,R 187926690
ESACC,R 187926690 187926726 37 1472.7 1132.6 1938.8 1299.3 7.68 391
SFIX,R 187926727
EFIX,R 187926727 187926890 164 1974.5 1344.2 2728
SSACC,R 187926891
ESACC,R 187926891 187926920 30 1975.1 1350.2 1837.2 1240.0 2.66 117
SFIX,R 187926921
EFIX,R 187926921 187927161 241 1820.4 1221.6 2733
SSACC,R 187927162
ESACC,R 187927162 187927249 88 1818.7 1227.9 855.3 209.5 22.65 590
SFIX,R 187927250
EFIX,R 187927250 187927396 147 838.3 210.2 2704
SSACC,R 187927397
ESACC,R 187927397 187927409 13 830.4 211.2 787.1 208.3 0.74 67
SFIX,R 187927410
EFIX,R 187927410 187928219 810 770.1 217.7 2034
SSACC,R 187928220
ESACC,R 187928220 187928253 34 756.7 224.3 938.2 709.5 8.78 494
SFIX,R 187928254
EFIX,R 187928254 187929246 993 972.7 743.1 2458
SSACC,R 187929247
ESACC,R 187929247 187929324 78 983.6 741.7 1430.8 755.2 7.46 179
SFIX,R 187929325
EFIX,R 187929325 187931666 2342 1481.0 766.2 2517
SSACC,R 187931667
ESACC,R 187931667 187931695 29 1482.6 772.6 1481.6 1096.3 5.23 384
SFIX,R 187931696
EFIX,R 187931696 187931929 234 1478.7 1118.4 2504
SSACC,R 187931930
ESACC,R 187931930 187931998 69 1477.3 1114.8 865.1 331.5 16.37 417
SFIX,R 187931999
EFIX,R 187931999 187932157 159 820.8 307.0 2513
SSACC,R 187932158
ESACC,R 187932158 187932176 19 818.7 300.5 798.3 228.7 1.28 118
SFIX,R 187932177
EFIX,R 187932177 187932924 748 784.2 233.4 2283
SSACC,R 187932925
ESACC,R 187932925 187932944 20 774.1 234.9 876.9 218.7 1.77 155
SFIX,R 187932945
EFIX,R 187932945 187933452 508 882.9 223.7 2396
SSACC,R 187933453
ESACC,R 187933453 187933547 95 892.6 231.2 1335.9 976.8 14.46 277
SFIX,R 187933548
EFIX,R 187933548 187933946 399 1339.1 988.0 2525
SSACC,R 187933947
ESACC,R 187933947 187933974 28 1338.8 984.2 1502.5 1161.2 3.87 268
SFIX,R 187933975
EFIX,R 187933975 187934360 386 1526.2 1180.1 2734
SSACC,R 187934361
ESACC,R 187934361 187934376 16 1529.7 1164.9 1507.3 1120.8 0.78 84
SFIX,R 187934377
EFIX,R 187934377 187935356 980 1514.0 1090.5 3014
SSACC,R 187935357
ESACC,R 187935357 187935374 18 1540.9 1088.6 1497.5 1126.0 0.91 73
SFIX,R 187935375
EFIX,R 187935375 187935620 246 1490.7 1133.8 2996
SSACC,R 187935621
ESACC,R 187935621 187935642 22 1488.6 1142.6 1424.1 1093.3 1.30 79
SFIX,R 187935643
EFIX,R 187935643 187935735 93 1364.5 1077.8 2969
SSACC,R 187935736
ESACC,R 187935736 187935748 13 1343.8 1079.3 1297.4 1077.0 0.76 70
SFIX,R 187935749
EFIX,R 187935749 187936076 328 1229.5 1061.5 2987
SSACC,R 187936077
ESACC,R 187936077 187936107 31 1224.3 1060.2 1469.0 1109.0 4.05 211
SFIX,R 187936108
EFIX,R 187936108 187936356 249 1480.8 1129.4 2902
SSACC,R 187936357
SBLINK,R 187936409
EBLINK,R 187936409 187936799 391
ESACC,R 187936357 187936878 522 1485.3 1124.4 1563.5 1039.3 1.84 816
SFIX,R 187936879
EFIX,R 187936879 187939241 2363 1556.8 1050.5 2883
SSACC,R 187939242
ESACC,R 187939242 187939266 25 1559.7 1055.7 1599.1 965.0 1.58 116
SFIX,R 187939267
EFIX,R 187939267 187939392 126 1724.3 869.1 2916
SSACC,R 187939393
ESACC,R 187939393 187939411 19 1773.6 837.1 1830.0 823.3 0.92 58
SFIX,R 187939412
EFIX,R 187939412 187940450 1039 1871.1 814.3 2699
SSACC,R 187940451
ESACC,R 187940451 187940510 60 1871.7 808.9 2142.6 883.6 4.30 100
SFIX,R 187940511
EFIX,R 187940511 187940586 76 2202.9 834.3 2660
SSACC,R 187940587
ESACC,R 187940587 187940725 139 2211.3 830.4 1676.6 1200.8 9.96 269
SFIX,R 187940726
EFIX,R 187940726 187940882 157 1667.6 1201.5 2837
SSACC,R 187940883
ESACC,R 187940883 187940896 14 1668.5 1201.8 1673.7 1150.9 0.79 88
SFIX,R 187940897
EFIX,R 187940897 187940976 80 1702.3 1104.4 2869
SSACC,R 187940977
ESACC,R 187940977 187940995 19 1719.3 1093.2 1779.2 1112.6 0.99 65
SFIX,R 187940996
EFIX,R 187940996 187941637 642 1849.1 1144.1 2846
SSACC,R 187941638
ESACC,R 187941638 187941652 15 1848.8 1141.0 1795.9 1166.8 0.91 87
SFIX,R 187941653
EFIX,R 187941653 187941987 335 1780.7 1178.1 2965
SSACC,R 187941988
ESACC,R 187941988 187942013 26 1781.1 1180.2 1640.7 1343.3 3.31 256
SFIX,R 187942014
EFIX,R 187942014 187942462 449 1624.0 1355.5 3072
SSACC,R 187942463
ESACC,R 187942463 187942484 22 1623.2 1357.6 1568.6 1264.9 1.65 112
SFIX,R 187942485
EFIX,R 187942485 187942527 43 1543.6 1247.6 3118
SSACC,R 187942528
ESACC,R 187942528 187942545 18 1532.3 1242.1 1469.7 1270.5 1.09 78
SFIX,R 187942546
EFIX,R 187942546 187943334 789 1440.7 1271.4 3138
SSACC,R 187943335
ESACC,R 187943335 187943362 28 1437.8 1271.0 1182.3 1351.2 4.27 291
SFIX,R 187943363
EFIX,R 187943363 187943451 89 1130.9 1341.9 3148
SSACC,R 187943452
ESACC,R 187943452 187943474 23 1123.4 1339.3 1171.1 1293.1 1.05 82
SFIX,R 187943475
EFIX,R 187943475 187943517 43 1181.4 1258.0 3088
SSACC,R 187943518
SBLINK,R 187943540
EBLINK,R 187943540 187943886 347
ESACC,R 187943518 187943938 421 1184.9 1227.6 1128.8 1492.6 4.14 834
SFIX,R 187943939
EFIX,R 187943939 187944011 73 1121.8 1446.1 2172
SSACC,R 187944012
ESACC,R 187944012 187944210 199 1124.7 1397.7 1544.0 1122.5 7.94 436
SFIX,R 187944211
EFIX,R 187944211 187944383 173 1538.7 1080.6 2998
SSACC,R 187944384
ESACC,R 187944384 187944398 15 1529.9 1077.4 1516.6 1040.5 0.62 57
SFIX,R 187944399
EFIX,R 187944399 187945619 1221 1499.5 1063.5 3071
SSACC,R 187945620
ESACC,R 187945620 187945638 19 1500.2 1058.7 1495.0 974.8 1.35 110
SFIX,R 187945639
EFIX,R 187945639 187945682 44 1496.6 937.6 2764
SSACC,R 187945683
SBLINK,R 187945877
EBLINK,R 187945877 187951689 5813
ESACC,R 187945683 187951725 6043 1503.4 917.3 1407.5 819.9 2.23 218
SFIX,R 187951726
EFIX,R 187951726 187954301 2576 1419.0 542.6 3004
SSACC,R 187954302
SBLINK,R 187954319
EBLINK,R 187954319 187954564 246
ESACC,R 187954302 187954613 312 1406.9 568.2 1803.3 487.6 6.60 402
SFIX,R 187954614
EFIX,R 187954614 187955672 1059 1795.6 505.3 2670
SSACC,R 187955673
ESACC,R 187955673 187955730 58 1790.9 493.0 2004.3 -75.1 9.91 352
SFIX,R 187955731
EFIX,R 187955731 187956210 480 2009.1 -91.8 2391
SSACC,R 187956211
ESACC,R 187956211 187956231 21 2011.9 -90.4 1885.6 -31.7 2.20 199
SFIX,R 187956232
EFIX,R 187956232 187957140 909 1861.0 -13.2 2638
SSACC,R 187957141
ESACC,R 187957141 187957199 59 1866.5 -4.5 2062.8 580.3 10.01 355
SFIX,R 187957200
EFIX,R 187957200 187957516 317 2063.8 595.6 2695
SSACC,R 187957517
ESACC,R 187957517 187957538 22 2063.4 593.8 1914.7 640.3 2.42 202
SFIX,R 187957539
EFIX,R 187957539 187957815 277 1885.4 643.6 2748
SSACC,R 187957816
SBLINK,R 187957847
EBLINK,R 187957847 187958017 171
ESACC,R 187957816 187958092 277 1878.8 677.3 1904.5 855.8 2.90 693
SFIX,R 187958093
EFIX,R 187958093 187958210 118 1901.6 764.5 2851
SSACC,R 187958211
ESACC,R 187958211 187958237 27 1893.3 790.1 1817.9 945.1 2.74 187
SFIX,R 187958238
EFIX,R 187958238 187958938 701 1805.1 949.6 2962
SSACC,R 187958939
ESACC,R 187958939 187958974 36 1811.3 949.6 1914.0 1175.4 3.86 185
SFIX,R 187958975
EFIX,R 187958975 187959358 384 1919.6 1210.3 3044
SSACC,R 187959359
ESACC,R 187959359 187959378 20 1923.1 1206.8 1898.6 1075.1 2.06 164
SFIX,R 187959379
EFIX,R 187959379 187959881 503 1893.6 1046.6 3062
SSACC,R 187959882
ESACC,R 187959882 187959896 15 1893.0 1040.4 1938.9 1070.9 0.85 64
SFIX,R 187959897
EFIX,R 187959897 187960108 212 1934.1 1083.9 3121
SSACC,R 187960109
ESACC,R 187960109 187960119 11 1934.0 1079.1 1932.5 1081.4 0.04 43
SFIX,R 187960120
EFIX,R 187960120 187960241 122 1932.3 1084.9 3081
SSACC,R 187960242
ESACC,R 187960242 187960256 15 1934.3 1079.3 1938.9 1001.8 1.21 102
SFIX,R 187960257
EFIX,R 187960257 187961194 938 1935.6 989.2 3058
SSACC,R 187961195
ESACC,R 187961195 187961226 32 1936.3 988.2 1858.5 753.1 3.93 209
SFIX,R 187961227
EFIX,R 187961227 187961440 214 1856.1 757.5 2842
SSACC,R 187961441
ESACC,R 187961441 187961638 198 1854.0 765.2 2281.1 941.7 7.01 272
SFIX,R 187961639
EFIX,R 187961639 187961870 232 2279.9 944.5 2987
SSACC,R 187961871
ESACC,R 187961871 187961945 75 2280.7 949.6 1613.7 671.2 11.14 241
SFIX,R 187961946
EFIX,R 187961946 187963098 1153 1577.7 666.8 2782
SSACC,R 187963099
ESACC,R 187963099 187963169 71 1575.7 659.8 1342.3 91.2 10.31 228
SFIX,R 187963170
EFIX,R 187963170 187963582 413 1306.8 93.5 2775
SSACC,R 187963583
ESACC,R 187963583 187963664 82 1298.3 95.7 1734.1 522.3 10.15 197
SFIX,R 187963665
EFIX,R 187963665 187964277 613 1731.3 540.8 2683
SSACC,R 187964278
ESACC,R 187964278 187964328 51 1733.0 547.2 871.0 205.2 15.39 554
SFIX,R 187964329
EFIX,R 187964329 187964470 142 844.5 205.7 2832
SSACC,R 187964471
ESACC,R 187964471 187964479 9 839.0 207.8 813.7 210.3 0.43 52
SFIX,R 187964480
EFIX,R 187964480 187965243 764 796.3 223.2 2535
SSACC,R 187965244
ESACC,R 187965244 187965283 40 791.2 228.4 1354.6 566.4 11.10 514
SFIX,R 187965284
EFIX,R 187965284 187965421 138 1361.8 581.6 2483
SSACC,R 187965422
ESACC,R 187965422 187965434 13 1366.0 588.9 1398.5 618.1 0.73 70
SFIX,R 187965435
EFIX,R 187965435 187966387 953 1403.4 619.2 2553
SSACC,R 187966388
SBLINK,R 187966412
EBLINK,R 187966412 187966558 147
ESACC,R 187966388 187966618 231 1385.3 647.7 1232.1 1085.9 7.59 1294
SFIX,R 187966619
EFIX,R 187966619 187966890 272 1225.1 1099.0 2540
SSACC,R 187966891
ESACC,R 187966891 187966920 30 1229.7 1099.0 1559.4 1170.2 5.44 384
SFIX,R 187966921
EFIX,R 187966921 187967126 206 1572.0 1169.4 2714
SSACC,R 187967127
ESACC,R 187967127 187967146 20 1573.8 1156.4 1489.5 1127.2 1.42 108
SFIX,R 187967147
EFIX,R 187967147 187967507 361 1481.6 1114.9 3098
SSACC,R 187967508
ESACC,R 187967508 187967566 59 1481.4 1109.5 1393.8 530.3 9.56 377
SFIX,R 187967567
EFIX,R 187967567 187968402 836 1377.8 533.3 2703
SSACC,R 187968403
ESACC,R 187968403 187968471 69 1370.8 551.0 292.2 538.2 17.80 479
SFIX,R 187968472
EFIX,R 187968472 187968591 120 285.1 539.4 2550
SSACC,R 187968592
ESACC,R 187968592 187968618 27 276.1 533.1 148.9 382.1 3.25 232
SFIX,R 187968619
EFIX,R 187968619 187968806 188 141.7 381.3 2419
SSACC,R 187968807
ESACC,R 187968807 187968865 59 144.5 375.7 727.8 268.1 9.80 475
SFIX,R 187968866
EFIX,R 187968866 187968978 113 730.1 265.6 2599
SSACC,R 187968979
ESACC,R 187968979 187968997 19 735.5 267.0 799.6 224.1 1.31 136
SFIX,R 187968998
EFIX,R 187968998 187969696 699 784.0 221.2 2418
SSACC,R 187969697
ESACC,R 187969697 187969727 31 779.7 222.3 975.2 617.6 7.50 474
SFIX,R 187969728
EFIX,R 187969728 187970145 418 977.1 625.8 2403
SSACC,R 187970146
ESACC,R 187970146 187970186 41 973.8 626.8 1154.4 1062.9 7.79 388
SFIX,R 187970187
EFIX,R 187970187 187970434 248 1160.5 1078.6 2587
SSACC,R 187970435
ESACC,R 187970435 187970453 19 1157.9 1067.9 1233.5 1109.0 1.40 124
SFIX,R 187970454
EFIX,R 187970454 187970849 396 1236.9 1101.2 2860
SSACC,R 187970850
ESACC,R 187970850 187970904 55 1239.7 1089.0 1013.2 552.9 9.60 341
SFIX,R 187970905
EFIX,R 187970905 187971218 314 962.6 545.5 2788
SSACC,R 187971219
ESACC,R 187971219 187971273 55 957.6 554.5 1148.6 182.8 7.12 214
SFIX,R 187971274
EFIX,R 187971274 187971641 368 1171.3 158.5 2292
SSACC,R 187971642
ESACC,R 187971642 187971667 26 1168.2 153.9 1188.3 -17.0 2.94 193
SFIX,R 187971668
EFIX,R 187971668 187972415 748 1194.1 -39.9 2614
SSACC,R 187972416
ESACC,R 187972416 187972484 69 1193.5 -46.7 1344.4 781.4 14.13 469
SFIX,R 187972485
EFIX,R 187972485 187973369 885 1329.7 809.6 2624
SSACC,R 187973370
ESACC,R 187973370 187973416 47 1322.8 816.6 804.8 242.9 12.99 633
SFIX,R 187973417
EFIX,R 187973417 187973556 140 803.5 242.3 2520
SSACC,R 187973557
ESACC,R 187973557 187973565 9 800.8 242.2 782.8 216.5 0.54 62
SFIX,R 187973566
EFIX,R 187973566 187974278 713 777.7 222.0 2297
SSACC,R 187974279
ESACC,R 187974279 187974301 23 778.3 216.6 875.4 308.3 2.28 192
SFIX,R 187974302
EFIX,R 187974302 187975158 857 878.1 308.9 2524
SSACC,R 187975159
ESACC,R 187975159 187975218 60 877.4 315.5 142.3 913.9 15.58 514
SFIX,R 187975219
EFIX,R 187975219 187975522 304 128.7 934.7 2602
SSACC,R 187975523
ESACC,R 187975523 187975539 17 123.0 939.2 105.3 991.9 0.88 80
SFIX,R 187975540
EFIX,R 187975540 187976055 516 121.2 985.4 2772
SSACC,R 187976056
ESACC,R 187976056 187976068 13 125.9 985.9 156.5 956.0 0.68 69
SFIX,R 187976069
EFIX,R 187976069 187976599 531 151.5 953.7 2894
SSACC,R 187976600
ESACC,R 187976600 187976651 52 152.2 954.2 -130.2 1420.3 8.29 255
SFIX,R 187976652
EFIX,R 187976652 187976820 169 -156.1 1464.5 2775
SSACC,R 187976821
SBLINK,R 187976878
EBLINK,R 187976878 187977005 128
ESACC,R 187976821 187977071 251 -162.0 1467.5 -312.3 516.9 14.55 1059
SFIX,R 187977072
EFIX,R 187977072 187977141 70 -315.1 530.1 2651
SSACC,R 187977142
ESACC,R 187977142 187977172 31 -316.6 532.1 102.8 373.1 6.95 527
SFIX,R 187977173
EFIX,R 187977173 187977563 391 103.0 370.0 2610
SSACC,R 187977564
ESACC,R 187977564 187977606 43 109.0 377.6 -91.9 -6.6 7.07 376
SFIX,R 187977607
EFIX,R 187977607 187977820 214 -86.4 4.0 2574
SSACC,R 187977821
ESACC,R 187977821 187977892 72 -83.5 4.6 1278.0 299.8 22.58 593
SFIX,R 187977893
EFIX,R 187977893 187978008 116 1277.0 302.7 2800
SSACC,R 187978009
ESACC,R 187978009 187978031 23 1278.4 298.4 1413.0 294.0 2.26 208
SFIX,R 187978032
EFIX,R 187978032 187980226 2195 1409.1 320.2 2333
SSACC,R 187980227
ESACC,R 187980227 187980299 73 1406.1 317.6 996.1 49.1 8.30 159
SFIX,R 187980300
EFIX,R 187980300 187981142 843 906.4 54.4 2549
SSACC,R 187981143
SBLINK,R 187981182
EBLINK,R 187981182 187981308 127
ESACC,R 187981143 187981358 216 916.8 51.8 999.2 706.5 11.18 1601
SFIX,R 187981359
EFIX,R 187981359 187982170 812 971.3 669.3 2588
SSACC,R 187982171
ESACC,R 187982171 187982217 47 961.0 663.6 797.8 242.9 7.66 358
SFIX,R 187982218
EFIX,R 187982218 187982355 138 794.3 239.7 2531
SSACC,R 187982356
ESACC,R 187982356 187982367 12 798.0 233.7 781.7 207.4 0.53 52
SFIX,R 187982368
EFIX,R 187982368 187983189 822 780.2 203.0 2446
SSACC,R 187983190
ESACC,R 187983190 187983226 37 783.8 199.2 807.1 567.2 6.28 410
SFIX,R 187983227
EFIX,R 187983227 187983366 140 804.9 593.3 2591
SSACC,R 187983367
ESACC,R 187983367 187983374 8 800.6 599.9 782.2 622.6 0.49 63
SFIX,R 187983375
EFIX,R 187983375 187983697 323 771.1 629.1 2406
SSACC,R 187983698
ESACC,R 187983698 187983763 66 770.3 624.5 1322.0 832.1 9.85 241
SFIX,R 187983764
EFIX,R 187983764 187984401 638 1347.8 835.9 2692
SSACC,R 187984402
ESACC,R 187984402 187984431 30 1351.2 835.3 1388.2 1208.0 6.00 391
SFIX,R 187984432
EFIX,R 187984432 187984985 554 1389.3 1243.0 2915
SSACC,R 187984986
ESACC,R 187984986 187985017 32 1395.0 1236.2 1739.8 1159.6 5.58 321
SFIX,R 187985018
EFIX,R 187985018 187985526 509 1764.0 1141.8 2924
SSACC,R 187985527
ESACC,R 187985527 187985563 37 1763.6 1140.2 1490.2 1080.5 4.43 249
SFIX,R 187985564
EFIX,R 187985564 187986354 791 1417.7 1076.4 2962
SSACC,R 187986355
SBLINK,R 187986381
EBLINK,R 187986381 187987257 877
ESACC,R 187986355 187987305 951 1410.5 1093.4 1870.4 457.6 12.65 544
SFIX,R 187987306
EFIX,R 187987306 187987406 101 1854.5 479.7 1954
SSACC,R 187987407
ESACC,R 187987407 187987452 46 1848.2 522.5 927.3 285.1 15.65 638
SFIX,R 187987453
EFIX,R 187987453 187987577 125 906.9 261.6 2467
SSACC,R 187987578
ESACC,R 187987578 187987598 21 909.1 251.0 815.9 204.3 1.78 164
SFIX,R 187987599
EFIX,R 187987599 187988477 879 794.5 200.5 2681
SSACC,R 187988478
ESACC,R 187988478 187988512 35 777.5 210.2 1261.4 491.7 9.49 570
SFIX,R 187988513
EFIX,R 187988513 187989458 946 1303.1 522.4 2517
SSACC,R 187989459
ESACC,R 187989459 187989487 29 1310.0 534.6 1396.1 438.6 2.17 111
SFIX,R 187989488
EFIX,R 187989488 187990634 1147 1470.8 385.4 2533
SSACC,R 187990635
SBLINK,R 187990652
EBLINK,R 187990652 187990929 278
ESACC,R 187990635 187990972 338 1473.4 401.5 1627.7 485.7 2.91 415
SFIX,R 187990973
EFIX,R 187990973 187991169 197 1610.4 523.8 2352
SSACC,R 187991170
ESACC,R 187991170 187991218 49 1609.8 534.3 2006.2 800.6 7.63 264
SFIX,R 187991219
EFIX,R 187991219 187991817 599 2108.8 854.4 2572
SSACC,R 187991818
ESACC,R 187991818 187991862 45 2112.4 853.0 1786.6 1004.2 5.54 205
SFIX,R 187991863
EFIX,R 187991863 187992501 639 1763.8 1015.1 2849
SSACC,R 187992502
ESACC,R 187992502 187992529 28 1763.4 1014.5 1786.3 1137.5 1.96 130
SFIX,R 187992530
EFIX,R 187992530 187992873 344 1786.9 1140.8 2857
SSACC,R 187992874
ESACC,R 187992874 187992895 22 1790.6 1141.4 1837.4 1043.4 1.69 129
SFIX,R 187992896
EFIX,R 187992896 187993332 437 1859.8 1009.9 2801
SSACC,R 187993333
ESACC,R 187993333 187993356 24 1861.8 1007.1 1970.4 1030.5 1.71 112
SFIX,R 187993357
EFIX,R 187993357 187993980 624 2033.6 1068.8 2897
SSACC,R 187993981
ESACC,R 187993981 187994059 79 2038.1 1068.4 867.6 261.2 22.83 548
SFIX,R 187994060
EFIX,R 187994060 187994204 145 842.5 251.3 2817
SSACC,R 187994205
ESACC,R 187994205 187994218 14 828.8 253.9 796.5 215.3 0.86 77
SFIX,R 187994219
EFIX,R 187994219 187994656 438 776.8 212.1 2193
SSACC,R 187994657
ESACC,R 187994657 187994694 38 777.2 206.4 802.9 816.0 10.28 520
SFIX,R 187994695
EFIX,R 187994695 187995219 525 804.3 837.5 2511
SSACC,R 187995220
ESACC,R 187995220 187995252 33 804.8 835.9 885.8 683.5 2.88 121
SFIX,R 187995253
EFIX,R 187995253 187996112 860 880.7 668.6 2751
SSACC,R 187996113
ESACC,R 187996113 187996189 77 872.1 677.2 1552.2 615.7 11.36 204
SFIX,R 187996190
EFIX,R 187996190 187998532 2343 1606.9 616.2 2444
SSACC,R 187998533
SBLINK,R 187998580
EBLINK,R 187998580 187998891 312
ESACC,R 187998533 187999042 510 1608.9 627.6 2142.0 558.8 8.44 909
SFIX,R 187999043
EFIX,R 187999043 187999248 206 2133.3 602.2 2272
SSACC,R 187999249
ESACC,R 187999249 187999335 87 2129.0 605.7 923.1 241.2 20.23 368
SFIX,R 187999336
EFIX,R 187999336 187999456 121 913.9 239.1 2797
SSACC,R 187999457
ESACC,R 187999457 187999477 21 908.7 237.2 804.2 205.7 1.86 158
SFIX,R 187999478
EFIX,R 187999478 188000391 914 786.5 203.6 2541
SSACC,R 188000392
ESACC,R 188000392 188000425 34 785.5 202.2 1088.9 616.2 8.72 497
SFIX,R 188000426
EFIX,R 188000426 188001972 1547 1093.9 635.1 2529
SSACC,R 188001973
SBLINK,R 188001995
EBLINK,R 188001995 188002177 183
ESACC,R 188001973 188002217 245 1089.5 644.6 1266.8 590.5 3.12 1085
SFIX,R 188002218
EFIX,R 188002218 188002408 191 1256.8 603.1 2673
SSACC,R 188002409
ESACC,R 188002409 188002465 57 1259.1 596.3 242.1 900.0 17.39 556
SFIX,R 188002466
EFIX,R 188002466 188002652 187 239.4 904.7 3056
SSACC,R 188002653
ESACC,R 188002653 188002673 21 236.9 902.6 132.2 939.9 1.76 154
SFIX,R 188002674
EFIX,R 188002674 188002961 288 128.8 939.7 3280
SSACC,R 188002962
ESACC,R 188002962 188002971 10 130.9 942.7 165.2 942.4 0.54 62
SFIX,R 188002972
EFIX,R 188002972 188003956 985 136.4 946.1 3171
SSACC,R 188003957
ESACC,R 188003957 188004009 53 119.7 948.3 719.8 301.4 14.47 626
SFIX,R 188004010
EFIX,R 188004010 188004085 76 720.0 291.6 2858
SSACC,R 188004086
ESACC,R 188004086 188004106 21 719.6 287.9 774.0 221.9 1.46 160
SFIX,R 188004107
EFIX,R 188004107 188004286 180 767.2 216.9 2597
SSACC,R 188004287
ESACC,R 188004287 188004292 6 765.3 214.7 780.7 213.5 0.26 49
SFIX,R 188004293
EFIX,R 188004293 188004723 431 779.5 211.5 2614
SSACC,R 188004724
ESACC,R 188004724 188004767 44 781.9 209.7 877.8 508.6 5.35 405
SFIX,R 188004768
EFIX,R 188004768 188006563 1796 874.9 512.5 2765
SSACC,R 188006564
ESACC,R 188006564 188006639 76 866.4 511.1 1454.1 883.1 11.58 241
SFIX,R 188006640
EFIX,R 188006640 188007310 671 1481.5 907.3 2696
SSACC,R 188007311
ESACC,R 188007311 188007336 26 1490.5 900.8 1581.7 1132.5 3.98 330
SFIX,R 188007337
EFIX,R 188007337 188007704 368 1587.6 1154.3 2940
SSACC,R 188007705
ESACC,R 188007705 188007722 18 1588.4 1142.4 1508.0 1142.8 1.28 108
SFIX,R 188007723
EFIX,R 188007723 188008503 781 1495.7 1125.4 3264
SSACC,R 188008504
ESACC,R 188008504 188008529 26 1496.2 1126.3 1578.5 1276.1 2.67 146
SFIX,R 188008530
EFIX,R 188008530 188008896 367 1589.1 1323.1 3076
SSACC,R 188008897
ESACC,R 188008897 188008922 26 1587.9 1326.6 1512.2 1162.9 2.80 229
SFIX,R 188008923
EFIX,R 188008923 188009089 167 1505.6 1147.0 3046
SSACC,R 188009090
SBLINK,R 188009109
EBLINK,R 188009109 188009299 191
ESACC,R 188009090 188009361 272 1507.8 1147.5 1725.0 1054.6 3.74 624
SFIX,R 188009362
EFIX,R 188009362 188010130 769 1709.4 1075.2 2989
SSACC,R 188010131
ESACC,R 188010131 188010157 27 1712.5 1068.7 1505.9 1146.9 3.50 260
SFIX,R 188010158
EFIX,R 188010158 188010264 107 1491.7 1150.8 3249
SSACC,R 188010265
ESACC,R 188010265 188010276 12 1494.7 1151.5 1534.7 1136.5 0.68 69
SFIX,R 188010277
EFIX,R 188010277 188011070 794 1536.5 1137.8 3135
SSACC,R 188011071
ESACC,R 188011071 188011078 8 1533.1 1135.4 1511.9 1119.9 0.42 52
SFIX,R 188011079
EFIX,R 188011079 188011403 325 1490.7 1122.5 3086
SSACC,R 188011404
ESACC,R 188011404 188011434 31 1490.4 1126.5 1094.1 1171.1 6.46 423
SFIX,R 188011435
EFIX,R 188011435 188011864 430 1050.7 1177.5 3158
SSACC,R 188011865
ESACC,R 188011865 188011904 40 1043.0 1176.9 1489.1 1160.5 7.22 388
SFIX,R 188011905
EFIX,R 188011905 188012203 299 1507.0 1160.5 3057
SSACC,R 188012204
ESACC,R 188012204 188012221 18 1511.6 1161.5 1508.1 1089.8 1.13 95
SFIX,R 188012222
EFIX,R 188012222 188012280 59 1513.4 1053.6 3118
SSACC,R 188012281
ESACC,R 188012281 188012318 38 1533.9 1047.9 1572.2 1182.2 2.20 93
SFIX,R 188012319
EFIX,R 188012319 188013734 1416 1559.7 1133.5 3006
SSACC,R 188013735
ESACC,R 188013735 188013757 23 1561.8 1132.6 1604.9 1063.0 1.29 91
SFIX,R 188013758
EFIX,R 188013758 188013867 110 1673.6 1043.0 3001
SSACC,R 188013868
ESACC,R 188013868 188013890 23 1694.5 1044.7 1789.4 1022.0 1.54 94
SFIX,R 188013891
EFIX,R 188013891 188014389 499 1839.7 1013.6 2815
SSACC,R 188014390
ESACC,R 188014390 188014423 34 1840.6 1008.9 1555.1 1153.3 5.03 265
SFIX,R 188014424
EFIX,R 188014424 188014599 176 1544.7 1158.2 3101
SSACC,R 188014600
ESACC,R 188014600 188014614 15 1546.1 1164.9 1584.6 1128.0 0.84 64
SFIX,R 188014615
EFIX,R 188014615 188014750 136 1611.5 1117.7 3091
SSACC,R 188014751
ESACC,R 188014751 188014758 8 1621.8 1115.9 1639.3 1110.8 0.29 41
SFIX,R 188014759
EFIX,R 188014759 188015508 750 1665.1 1100.6 3070
SSACC,R 188015509
ESACC,R 188015509 188015532 24 1669.4 1097.7 1537.7 1089.0 2.10 129
SFIX,R 188015533
EFIX,R 188015533 188016643 1111 1488.2 1093.2 3133
SSACC,R 188016644
ESACC,R 188016644 188016697 54 1489.8 1098.5 1367.4 932.8 3.32 95
SFIX,R 188016698
EFIX,R 188016698 188017203 506 1317.2 892.0 2920
SSACC,R 188017204
ESACC,R 188017204 188017213 10 1314.1 887.9 1328.9 863.2 0.47 54
SFIX,R 188017214
EFIX,R 188017214 188018791 1578 1328.8 837.4 3017
SSACC,R 188018792
ESACC,R 188018792 188018821 30 1330.3 843.4 1534.6 1100.1 5.31 346
SFIX,R 188018822
EFIX,R 188018822 188019135 314 1547.3 1133.1 2786
SSACC,R 188019136
ESACC,R 188019136 188019141 6 1542.5 1123.1 1544.6 1099.2 0.38 53
SFIX,R 188019142
EFIX,R 188019142 188021282 2141 1545.4 1076.5 3038
SSACC,R 188021283
ESACC,R 188021283 188021337 55 1551.0 1081.0 1857.6 1598.8 9.09 302
SFIX,R 188021338
EFIX,R 188021338 188022133 796 1870.4 1686.3 3005
SSACC,R 188022134
ESACC,R 188022134 188022167 34 1867.2 1684.6 1651.6 1278.4 6.77 384
SFIX,R 188022168
EFIX,R 188022168 188023497 1330 1626.9 1240.8 3104
SSACC,R 188023498
ESACC,R 188023498 188023517 20 1627.1 1237.5 1602.6 1337.0 1.57 97
SFIX,R 188023518
EFIX,R 188023518 188024160 643 1590.8 1333.5 3088
SSACC,R 188024161
ESACC,R 188024161 188024196 36 1589.6 1328.8 1542.6 1679.4 5.20 400
SFIX,R 188024197
EFIX,R 188024197 188024595 399 1521.2 1713.6 2958
SSACC,R 188024596
ESACC,R 188024596 188024645 50 1512.6 1719.4 1454.1 1434.3 4.24 159
SFIX,R 188024646
EFIX,R 188024646 188025153 508 1450.4 1408.9 3075
SSACC,R 188025154
ESACC,R 188025154 188025177 24 1451.1 1400.0 1507.8 1208.9 3.06 253
SFIX,R 188025178
EFIX,R 188025178 188025558 381 1523.4 1181.7 3261
SSACC,R 188025559
SBLINK,R 188025579
EBLINK,R 188025579 188025819 241
ESACC,R 188025559 188025893 335 1525.5 1177.8 1555.5 965.2 3.40 764
SFIX,R 188025894
EFIX,R 188025894 188028629 2736 1533.4 995.3 2893
SSACC,R 188028630
SBLINK,R 188028648
EBLINK,R 188028648 188028967 320
ESACC,R 188028630 188029074 445 1533.2 996.4 2032.0 868.9 8.07 558
SFIX,R 188029075
EFIX,R 188029075 188029231 157 2023.6 825.0 2433
SSACC,R 188029232
ESACC,R 188029232 188029255 24 2022.3 841.1 1871.6 945.3 2.85 234
SFIX,R 188029256
EFIX,R 188029256 188029673 418 1842.5 944.5 2890
SSACC,R 188029674
ESACC,R 188029674 188029718 45 1833.6 922.5 2067.0 1080.1 4.34 149
SFIX,R 188029719
EFIX,R 188029719 188030082 364 2087.7 1090.1 3092
SSACC,R 188030083
ESACC,R 188030083 188030140 58 2088.4 1090.0 2167.2 670.9 6.63 183
SFIX,R 188030141
EFIX,R 188030141 188030388 248 2161.1 664.7 3124
SSACC,R 188030389
ESACC,R 188030389 188030402 14 2159.4 674.6 2157.6 681.9 0.12 54
SFIX,R 188030403
EFIX,R 188030403 188031108 706 2157.9 715.0 3058
SSACC,R 188031109
ESACC,R 188031109 188031150 42 2157.2 736.6 1775.7 921.3 6.55 258
SFIX,R 188031151
EFIX,R 188031151 188032818 1668 1716.1 941.7 2900
SSACC,R 188032819
ESACC,R 188032819 188032856 38 1704.9 955.3 1602.3 960.8 1.64 64
SFIX,R 188032857
EFIX,R 188032857 188032880 24 1562.8 945.6 2950
SSACC,R 188032881
SBLINK,R 188032912
EBLINK,R 188032912 188033318 407
ESACC,R 188032881 188033424 544 1525.1 931.6 1500.9 1065.0 2.17 639
SFIX,R 188033425
EFIX,R 188033425 188035089 1665 1487.1 1017.8 2972
SSACC,R 188035090
ESACC,R 188035090 188035105 16 1398.4 976.9 1355.4 929.1 1.05 71
SFIX,R 188035106
EFIX,R 188035106 188035226 121 1241.8 905.3 2478
SSACC,R 188035227
ESACC,R 188035227 188035237 11 1170.9 946.6 1162.2 972.2 0.44 60
SFIX,R 188035238
EFIX,R 188035238 188035305 68 1140.8 1013.4 2035
SSACC,R 188035306
ESACC,R 188035306 188035406 101 1101.2 1055.1 1123.3 1133.8 1.31 93
SFIX,R 188035407
EFIX,R 188035407 188035447 41 1128.5 1158.1 1443
SSACC,R 188035448
SBLINK,R 188035460
EBLINK,R 188035460 188042469 7010
ESACC,R 188035448 188042520 7073 1145.8 1178.1 1391.6 446.3 12.62 204
SFIX,R 188042521
EFIX,R 188042521 188042653 133 1369.4 411.5 2588
SSACC,R 188042654
ESACC,R 188042654 188042692 39 1360.0 419.6 808.6 196.9 10.06 522
SFIX,R 188042693
EFIX,R 188042693 188043405 713 795.6 170.8 3150
SSACC,R 188043406
ESACC,R 188043406 188043467 62 791.9 169.4 1232.3 496.1 9.31 238
SFIX,R 188043468
EFIX,R 188043468 188044989 1522 1256.7 537.6 2905
SSACC,R 188044990
ESACC,R 188044990 188045033 44 1266.5 542.4 1456.7 487.8 3.31 99
SFIX,R 188045034
EFIX,R 188045034 188045106 73 1515.9 471.2 2674
SSACC,R 188045107
ESACC,R 188045107 188045133 27 1525.6 469.4 1642.7 436.7 2.00 97
SFIX,R 188045134
EFIX,R 188045134 188045730 597 1685.7 407.5 2668
SSACC,R 188045731
SBLINK,R 188045750
EBLINK,R 188045750 188045915 166
ESACC,R 188045731 188045984 254 1679.9 423.6 1740.8 684.6 4.43 764
SFIX,R 188045985
EFIX,R 188045985 188046158 174 1726.3 735.5 2575
SSACC,R 188046159
ESACC,R 188046159 188046185 27 1720.8 746.8 1808.7 982.7 4.04 308
SFIX,R 188046186
EFIX,R 188046186 188047029 844 1807.3 980.7 2880
SSACC,R 188047030
ESACC,R 188047030 188047080 51 1805.4 974.7 2023.3 634.3 6.40 184
SFIX,R 188047081
EFIX,R 188047081 188048279 1199 2032.1 612.2 2819
SSACC,R 188048280
ESACC,R 188048280 188048369 90 2029.6 610.3 2269.8 1654.5 15.87 435
SFIX,R 188048370
EFIX,R 188048370 188048528 159 2261.7 1679.6 2902
SSACC,R 188048529
ESACC,R 188048529 188048535 7 2264.4 1678.5 2260.7 1702.9 0.34 46
SFIX,R 188048536
EFIX,R 188048536 188048675 140 2257.8 1693.7 2736
SSACC,R 188048676
ESACC,R 188048676 188048726 51 2254.7 1693.6 1982.5 1531.4 4.49 180
SFIX,R 188048727
EFIX,R 188048727 188049264 538 1895.3 1518.2 2963
SSACC,R 188049265
ESACC,R 188049265 188049294 30 1894.0 1515.6 1967.3 1069.7 6.76 499
SFIX,R 188049295
EFIX,R 188049295 188050557 1263 1985.4 1051.4 2911
SSACC,R 188050558
ESACC,R 188050558 188050611 54 1980.8 1058.2 2318.7 1617.4 9.50 355
SFIX,R 188050612
EFIX,R 188050612 188050646 35 2325.6 1689.9 3083
SSACC,R 188050647
ESACC,R 188050647 188050663 17 2322.5 1694.3 2320.6 1727.5 0.45 102
SFIX,R 188050664
EFIX,R 188050664 188050925 262 2332.0 1727.4 2868
SSACC,R 188050926
ESACC,R 188050926 188050972 47 2335.8 1743.1 2115.0 1471.5 4.87 196
SFIX,R 188050973
EFIX,R 188050973 188051209 237 1942.9 1503.2 2925
SSACC,R 188051210
ESACC,R 188051210 188051243 34 1933.1 1502.1 1687.1 1874.1 6.34 340
SFIX,R 188051244
EFIX,R 188051244 188052150 907 1661.9 1869.1 3243
SSACC,R 188052151
ESACC,R 188052151 188052178 28 1660.7 1859.8 1650.7 1675.6 2.56 127
SFIX,R 188052179
EFIX,R 188052179 188052523 345 1642.5 1609.8 3252
SSACC,R 188052524
ESACC,R 188052524 188052551 28 1641.4 1603.9 1783.3 1265.8 5.45 425
SFIX,R 188052552
EFIX,R 188052552 188053404 853 1778.9 1251.2 3171
SSACC,R 188053405
ESACC,R 188053405 188053428 24 1787.6 1258.5 1741.4 1351.3 1.57 98
SFIX,R 188053429
EFIX,R 188053429 188053808 380 1737.2 1352.1 3171
SSACC,R 188053809
ESACC,R 188053809 188053843 35 1738.4 1356.0 1520.4 1153.0 4.62 230
SFIX,R 188053844
EFIX,R 188053844 188054582 739 1497.4 1121.8 3308
SSACC,R 188054583
ESACC,R 188054583 188054596 14 1494.1 1112.5 1463.4 1070.6 0.83 78
SFIX,R 188054597
EFIX,R 188054597 188055587 991 1427.0 1044.7 3201
SSACC,R 188055588
ESACC,R 188055588 188055610 23 1421.7 1059.8 1488.9 1125.1 1.50 117
SFIX,R 188055611
EFIX,R 188055611 188055853 243 1486.7 1121.0 3153
SSACC,R 188055854
SBLINK,R 188055875
EBLINK,R 188055875 188056197 323
ESACC,R 188055854 188056260 407 1486.2 1129.7 1596.6 1072.6 1.98 886
SFIX,R 188056261
EFIX,R 188056261 188056827 567 1583.2 1076.9 3084
SSACC,R 188056828
ESACC,R 188056828 188056893 66 1587.0 1060.6 1973.3 639.7 9.08 183
SFIX,R 188056894
EFIX,R 188056894 188057279 386 1980.4 698.7 3214
SSACC,R 188057280
ESACC,R 188057280 188057346 67 1978.4 732.0 1589.2 1106.6 8.53 214
SFIX,R 188057347
EFIX,R 188057347 188057634 288 1580.8 1122.7 3341
SSACC,R 188057635
ESACC,R 188057635 188057648 14 1586.0 1125.8 1613.9 1100.1 0.60 50
SFIX,R 188057649
EFIX,R 188057649 188058632 984 1635.4 1099.1 3291
SSACC,R 188058633
ESACC,R 188058633 188058697 65 1635.8 1099.1 1971.5 557.0 10.14 318
SFIX,R 188058698
EFIX,R 188058698 188059669 972 1969.8 602.8 2873
SSACC,R 188059670
ESACC,R 188059670 188059772 103 1966.2 593.1 2235.0 1268.6 11.18 234
SFIX,R 188059773
EFIX,R 188059773 188060087 315 2223.9 1312.6 2863
SSACC,R 188060088
ESACC,R 188060088 188060136 49 2228.3 1302.2 2379.9 1269.6 2.20 119
SFIX,R 188060137
EFIX,R 188060137 188060177 41 2405.4 1264.5 2746
SSACC,R 188060178
ESACC,R 188060178 188060300 123 2430.5 1275.1 2462.2 1029.8 3.63 145
SFIX,R 188060301
EFIX,R 188060301 188060422 122 2459.2 906.9 2767
SSACC,R 188060423
SBLINK,R 188060615
EBLINK,R 188060615 188060839 225
ESACC,R 188060423 188060917 495 2453.9 856.0 2033.0 1236.0 8.37 951
SFIX,R 188060918
EFIX,R 188060918 188061438 521 2034.9 1092.7 2905
SSACC,R 188061439
ESACC,R 188061439 188061474 36 2025.5 1080.6 2076.6 841.3 3.80 182
SFIX,R 188061475
EFIX,R 188061475 188062122 648 2069.3 879.7 3111
SSACC,R 188062123
ESACC,R 188062123 188062163 41 2069.4 897.7 2280.4 771.9 3.70 262
SFIX,R 188062164
EFIX,R 188062164 188062419 256 2279.2 793.1 3172
SSACC,R 188062420
ESACC,R 188062420 188062466 47 2282.1 796.5 1601.0 990.1 10.84 403
SFIX,R 188062467
EFIX,R 188062467 188062872 406 1556.7 1012.4 3275
SSACC,R 188062873
ESACC,R 188062873 188062894 22 1551.2 1018.3 1500.0 1117.5 1.78 131
SFIX,R 188062895
EFIX,R 188062895 188063363 469 1494.0 1120.2 3269
SSACC,R 188063364
ESACC,R 188063364 188063379 16 1495.4 1119.0 1486.0 1065.6 0.86 80
SFIX,R 188063380
EFIX,R 188063380 188063926 547 1472.4 1057.2 3332
SSACC,R 188063927
ESACC,R 188063927 188063946 20 1474.2 1069.2 1535.4 1133.1 1.41 101
SFIX,R 188063947
EFIX,R 188063947 188064238 292 1551.2 1176.7 3207
SSACC,R 188064239
ESACC,R 188064239 188064244 6 1553.7 1173.2 1558.4 1159.3 0.23 46
SFIX,R 188064245
EFIX,R 188064245 188064633 389 1568.7 1134.0 3194
SSACC,R 188064634
ESACC,R 188064634 188064652 19 1569.8 1128.9 1520.6 1197.9 1.33 98
SFIX,R 188064653
EFIX,R 188064653 188065651 999 1516.5 1193.7 3285
SSACC,R 188065652
ESACC,R 188065652 188065670 19 1515.1 1199.6 1486.2 1289.3 1.46 121
SFIX,R 188065671
EFIX,R 188065671 188065897 227 1481.9 1279.9 3230
SSACC,R 188065898
ESACC,R 188065898 188065933 36 1481.6 1272.3 1210.9 1239.7 4.37 228
SFIX,R 188065934
EFIX,R 188065934 188066114 181 1179.9 1222.5 3306
SSACC,R 188066115
SBLINK,R 188066158
EBLINK,R 188066158 188066441 284
ESACC,R 188066115 188066519 405 1179.9 1216.4 1183.6 1050.2 2.64 563
SFIX,R 188066520
EFIX,R 188066520 188067493 974 1167.4 972.7 3162
SSACC,R 188067494
ESACC,R 188067494 188067511 18 1164.4 963.2 1097.5 1009.1 1.33 111
SFIX,R 188067512
EFIX,R 188067512 188070419 2908 1072.8 1011.0 3285
SSACC,R 188070420
SBLINK,R 188070440
EBLINK,R 188070440 188071226 787
ESACC,R 188070420 188071271 852 1056.7 1027.5 1475.5 825.8 7.63 693
SFIX,R 188071272
EFIX,R 188071272 188071581 310 1460.3 777.9 2570
SSACC,R 188071582
ESACC,R 188071582 188071715 134 1461.9 725.6 1473.5 773.1 0.81 243
SFIX,R 188071716
EFIX,R 188071716 188074116 2401 1447.9 749.4 3048
SSACC,R 188074117
SBLINK,R 188074141
EBLINK,R 188074141 188074360 220
ESACC,R 188074117 188074432 316 1439.3 777.6 1508.5 866.3 1.84 1336
SFIX,R 188074433
EFIX,R 188074433 188075532 1100 1493.9 853.1 2912
SSACC,R 188075533
ESACC,R 188075533 188075562 30 1490.8 851.7 1441.4 1118.5 4.36 309
SFIX,R 188075563
EFIX,R 188075563 188075678 116 1424.9 1121.3 2921
SSACC,R 188075679
ESACC,R 188075679 188075837 159 1416.3 1134.2 220.3 1155.2 19.03 201
SFIX,R 188075838
EFIX,R 188075838 188076009 172 203.0 1162.1 3058
SSACC,R 188076010
ESACC,R 188076010 188076093 84 200.0 1163.5 1390.3 1204.2 18.89 453
SFIX,R 188076094
EFIX,R 188076094 188076287 194 1394.5 1194.1 3079
SSACC,R 188076288
ESACC,R 188076288 188076307 20 1394.6 1185.0 1489.7 1162.4 1.57 127
SFIX,R 188076308
EFIX,R 188076308 188076535 228 1495.4 1162.2 3186
SSACC,R 188076536
ESACC,R 188076536 188076545 10 1496.8 1157.4 1517.1 1121.9 0.65 73
SFIX,R 188076546
EFIX,R 188076546 188077088 543 1530.0 1122.0 3213
SSACC,R 188077089
ESACC,R 188077089 188077137 49 1527.8 1120.1 1222.1 1619.7 8.95 395
SFIX,R 188077138
EFIX,R 188077138 188077432 295 1206.2 1629.3 3339
SSACC,R 188077433
ESACC,R 188077433 188077482 50 1204.6 1623.9 1555.5 1032.8 10.55 424
SFIX,R 188077483
EFIX,R 188077483 188077621 139 1557.4 1038.5 3200
SSACC,R 188077622
ESACC,R 188077622 188077643 22 1551.3 1041.4 1508.5 1101.1 1.17 71
SFIX,R 188077644
EFIX,R 188077644 188077982 339 1498.8 1106.3 3282
SSACC,R 188077983
ESACC,R 188077983 188077993 11 1502.2 1104.4 1533.0 1087.1 0.56 64
SFIX,R 188077994
EFIX,R 188077994 188078072 79 1547.9 1066.3 3211
SSACC,R 188078073
ESACC,R 188078073 188078079 7 1561.2 1051.0 1577.3 1052.5 0.26 42
SFIX,R 188078080
EFIX,R 188078080 188078593 514 1604.6 1089.7 3122
SSACC,R 188078594
SBLINK,R 188078614
EBLINK,R 188078614 188079093 480
ESACC,R 188078594 188079162 569 1605.7 1087.6 1531.0 981.2 2.07 802
SFIX,R 188079163
EFIX,R 188079163 188080415 1253 1511.2 911.5 3193
SSACC,R 188080416
ESACC,R 188080416 188080436 21 1511.8 924.4 1505.3 835.7 1.45 97
SFIX,R 188080437
EFIX,R 188080437 188082193 1757 1490.4 789.9 2828
SSACC,R 188082194
SBLINK,R 188082280
EBLINK,R 188082280 188097479 15200
ESACC,R 188082194 188097592 15399 1469.1 840.5 1253.5 677.2 4.48 351
SFIX,R 188097593
EFIX,R 188097593 188099397 1805 1230.0 442.5 3081
SSACC,R 188099398
ESACC,R 188099398 188099471 74 1226.4 452.9 1792.4 491.8 9.32 200
SFIX,R 188099472
EFIX,R 188099472 188100943 1472 1827.4 485.2 2735
SSACC,R 188100944
ESACC,R 188100944 188101054 111 1830.9 478.4 844.2 450.1 16.22 239
SFIX,R 188101055
EFIX,R 188101055 188101492 438 813.1 447.1 3164
SSACC,R 188101493
SBLINK,R 188101521
EBLINK,R 188101521 188101639 119
ESACC,R 188101493 188101694 202 810.7 442.3 136.9 821.2 12.71 1265
SFIX,R 188101695
EFIX,R 188101695 188101836 142 133.7 801.0 3122
SSACC,R 188101837
ESACC,R 188101837 188101858 22 132.5 799.6 136.7 915.8 1.87 186
SFIX,R 188101859
EFIX,R 188101859 188102149 291 136.5 908.4 3275
SSACC,R 188102150
ESACC,R 188102150 188102182 33 140.1 912.4 195.3 418.9 8.10 568
SFIX,R 188102183
EFIX,R 188102183 188102365 183 205.0 383.2 3268
SSACC,R 188102366
ESACC,R 188102366 188102383 18 202.3 384.6 136.9 342.4 1.27 113
SFIX,R 188102384
EFIX,R 188102384 188102801 418 132.0 335.3 3232
SSACC,R 188102802
ESACC,R 188102802 188102817 16 133.1 336.2 186.4 365.9 0.99 99
SFIX,R 188102818
EFIX,R 188102818 188103169 352 179.4 358.6 3254
SSACC,R 188103170
ESACC,R 188103170 188103260 91 177.1 358.0 1198.8 841.9 18.58 351
SFIX,R 188103261
EFIX,R 188103261 188103871 611 1204.8 854.5 3017
SSACC,R 188103872
ESACC,R 188103872 188103904 33 1204.9 853.2 1515.7 1116.5 6.61 410
SFIX,R 188103905
EFIX,R 188103905 188104615 711 1523.1 1120.2 3170
SSACC,R 188104616
ESACC,R 188104616 188104651 36 1522.0 1100.4 1437.7 1775.2 10.08 594
SFIX,R 188104652
EFIX,R 188104652 188104999 348 1424.3 1780.8 3490
SSACC,R 188105000
SBLINK,R 188105020
EBLINK,R 188105020 188105188 169
ESACC,R 188105000 188105256 257 1417.8 1787.9 1569.3 960.5 12.56 336
SFIX,R 188105257
EFIX,R 188105257 188106320 1064 1550.9 1016.8 3270
SSACC,R 188106321
ESACC,R 188106321 188106407 87 1550.1 1027.3 842.8 657.5 13.12 215
SFIX,R 188106408
EFIX,R 188106408 188106952 545 791.8 665.6 3054
SSACC,R 188106953
ESACC,R 188106953 188107017 65 789.2 660.1 306.9 204.3 11.09 260
SFIX,R 188107018
EFIX,R 188107018 188107426 409 244.6 197.0 3030
SSACC,R 188107427
ESACC,R 188107427 188107525 99 233.6 201.8 1192.6 710.2 17.99 264
SFIX,R 188107526
EFIX,R 188107526 188107949 424 1191.8 723.5 3116
SSACC,R 188107950
ESACC,R 188107950 188108004 55 1186.3 726.9 1150.7 36.3 11.68 383
SFIX,R 188108005
EFIX,R 188108005 188108435 431 1145.1 18.0 2768
SSACC,R 188108436
ESACC,R 188108436 188108525 90 1143.8 6.4 1697.4 524.4 12.66 224
SFIX,R 188108526
EFIX,R 188108526 188109493 968 1701.0 546.5 2959
SSACC,R 188109494
SBLINK,R 188109533
EBLINK,R 188109533 188109698 166
ESACC,R 188109494 188109776 283 1696.3 551.9 2166.6 711.3 7.76 712
SFIX,R 188109777
EFIX,R 188109777 188110312 536 2149.3 846.0 2674
SSACC,R 188110313
ESACC,R 188110313 188110350 38 2147.9 847.7 2086.3 522.7 5.25 242
SFIX,R 188110351
EFIX,R 188110351 188110599 249 2075.2 481.5 2989
SSACC,R 188110600
ESACC,R 188110600 188110665 66 2072.1 488.4 1590.9 1098.3 12.30 360
SFIX,R 188110666
EFIX,R 188110666 188111253 588 1588.2 1126.6 3115
SSACC,R 188111254
ESACC,R 188111254 188111278 25 1589.9 1132.0 1531.1 1006.6 2.20 134
SFIX,R 188111279
EFIX,R 188111279 188111524 246 1499.7 966.5 3210
SSACC,R 188111525
ESACC,R 188111525 188111583 59 1495.8 960.4 769.9 188.0 17.60 567
SFIX,R 188111584
EFIX,R 188111584 188111673 90 759.3 187.1 3157
SSACC,R 188111674
ESACC,R 188111674 188111690 17 756.0 186.4 816.0 188.5 1.02 106
SFIX,R 188111691
EFIX,R 188111691 188112487 797 773.6 208.8 2311
SSACC,R 188112488
ESACC,R 188112488 188112520 33 758.8 209.5 1077.0 604.1 8.61 521
SFIX,R 188112521
EFIX,R 188112521 188112884 364 1084.5 624.0 2398
SSACC,R 188112885
ESACC,R 188112885 188112919 35 1085.2 628.1 1349.1 1092.5 8.77 523
SFIX,R 188112920
EFIX,R 188112920 188113766 847 1368.5 1076.7 2955
SSACC,R 188113767
SBLINK,R 188113784
EBLINK,R 188113784 188113915 132
ESACC,R 188113767 188113971 205 1374.6 1073.2 1591.5 578.1 8.81 562
SFIX,R 188113972
EFIX,R 188113972 188114647 676 1569.4 633.6 2919
SSACC,R 188114648
ESACC,R 188114648 188114687 40 1566.1 628.4 1841.9 1012.2 7.60 365
SFIX,R 188114688
EFIX,R 188114688 188115093 406 1839.9 1046.5 2812
SSACC,R 188115094
ESACC,R 188115094 188115172 79 1844.4 1042.6 1235.1 397.5 14.42 330
SFIX,R 188115173
EFIX,R 188115173 188115871 699 1218.1 395.7 2797
SSACC,R 188115872
ESACC,R 188115872 188115957 86 1215.9 403.6 647.9 545.4 9.88 154
SFIX,R 188115958
EFIX,R 188115958 188116098 141 591.1 575.1 2842
SSACC,R 188116099
ESACC,R 188116099 188116128 30 581.4 579.7 797.0 241.4 6.80 478
SFIX,R 188116129
EFIX,R 188116129 188116636 508 787.5 222.4 2590
SSACC,R 188116637
ESACC,R 188116637 188116666 30 787.2 219.2 974.7 568.1 6.74 443
SFIX,R 188116667
EFIX,R 188116667 188117470 804 983.8 621.3 2664
SSACC,R 188117471
ESACC,R 188117471 188117527 57 990.1 625.1 181.9 906.7 14.03 500
SFIX,R 188117528
EFIX,R 188117528 188117713 186 170.5 918.4 2795
SSACC,R 188117714
ESACC,R 188117714 188117729 16 164.4 918.9 116.0 969.0 1.10 93
SFIX,R 188117730
EFIX,R 188117730 188118214 485 117.9 970.5 2886
SSACC,R 188118215
ESACC,R 188118215 188118256 42 128.2 958.1 319.6 1464.2 8.31 478
SFIX,R 188118257
EFIX,R 188118257 188118470 214 320.7 1485.8 3189
SSACC,R 188118471
ESACC,R 188118471 188118518 48 321.0 1483.4 822.6 1111.1 9.81 437
SFIX,R 188118519
EFIX,R 188118519 188119252 734 832.8 1095.7 3313
SSACC,R 188119253
ESACC,R 188119253 188119279 27 835.0 1094.8 585.3 1004.2 4.35 327
SFIX,R 188119280
EFIX,R 188119280 188119913 634 553.4 1007.2 3151
SSACC,R 188119914
SBLINK,R 188119935
EBLINK,R 188119935 188120097 163
ESACC,R 188119914 188120153 240 553.4 1028.1 1345.3 1013.9 12.94 687
SFIX,R 188120154
EFIX,R 188120154 188120304 151 1329.2 1016.7 2782
SSACC,R 188120305
ESACC,R 188120305 188120351 47 1324.0 1014.5 855.7 303.0 14.16 543
SFIX,R 188120352
EFIX,R 188120352 188120469 118 840.5 286.2 2789
SSACC,R 188120470
ESACC,R 188120470 188120491 22 839.9 283.5 789.1 198.9 1.69 162
SFIX,R 188120492
EFIX,R 188120492 188121204 713 780.6 205.4 2378
SSACC,R 188121205
ESACC,R 188121205 188121236 32 779.7 210.2 1162.7 301.8 6.69 432
SFIX,R 188121237
EFIX,R 188121237 188122094 858 1171.7 318.5 2601
SSACC,R 188122095
ESACC,R 188122095 188122163 69 1173.1 333.4 1521.3 1015.3 12.66 277
SFIX,R 188122164
EFIX,R 188122164 188122591 428 1534.5 1047.3 2651
SSACC,R 188122592
ESACC,R 188122592 188122618 27 1542.8 1046.3 1483.3 1167.2 2.14 121
SFIX,R 188122619
EFIX,R 188122619 188122905 287 1484.9 1154.7 2962
SSACC,R 188122906
ESACC,R 188122906 188122923 18 1486.3 1150.3 1480.7 1073.8 1.21 93
SFIX,R 188122924
EFIX,R 188122924 188123331 408 1477.1 1055.2 3146
SSACC,R 188123332
ESACC,R 188123332 188123355 24 1476.9 1057.1 1383.0 1007.5 1.72 115
SFIX,R 188123356
EFIX,R 188123356 188123799 444 1340.5 996.0 3178
SSACC,R 188123800
ESACC,R 188123800 188123822 23 1342.7 1000.1 1253.9 952.3 1.65 112
SFIX,R 188123823
EFIX,R 188123823 188124738 916 1218.6 939.0 3119
SSACC,R 188124739
ESACC,R 188124739 188124786 48 1215.8 943.1 878.9 354.1 11.35 509
SFIX,R 188124787
EFIX,R 188124787 188124908 122 860.1 353.4 2921
SSACC,R 188124909
ESACC,R 188124909 188124930 22 849.6 351.0 805.1 202.8 2.65 277
SFIX,R 188124931
EFIX,R 188124931 188125900 970 778.0 212.4 2352
SSACC,R 188125901
ESACC,R 188125901 188125937 37 773.4 208.8 1261.1 408.8 8.94 455
SFIX,R 188125938
EFIX,R 188125938 188126087 150 1269.9 415.9 2385
SSACC,R 188126088
ESACC,R 188126088 188126094 7 1278.4 420.0 1296.1 415.3 0.31 48
SFIX,R 188126095
EFIX,R 188126095 188127663 1569 1300.5 419.7 2574
SSACC,R 188127664
ESACC,R 188127664 188127752 89 1296.9 429.9 1259.8 1504.8 17.05 351
SFIX,R 188127753
EFIX,R 188127753 188128115 363 1229.4 1548.0 2730
SSACC,R 188128116
ESACC,R 188128116 188128141 26 1234.7 1545.7 1465.5 1382.8 4.37 342
SFIX,R 188128142
EFIX,R 188128142 188128328 187 1491.8 1366.5 2836
SSACC,R 188128329
ESACC,R 188128329 188128352 24 1494.5 1363.5 1475.5 1172.3 2.96 273
SFIX,R 188128353
EFIX,R 188128353 188129803 1451 1485.1 1148.6 3127
SSACC,R 188129804
ESACC,R 188129804 188129865 62 1483.8 1152.1 1807.6 1745.3 10.04 263
SFIX,R 188129866
EFIX,R 188129866 188130263 398 1809.6 1772.1 3045
SSACC,R 188130264
SBLINK,R 188130292
EBLINK,R 188130292 188130484 193
ESACC,R 188130264 188130605 342 1803.4 1771.1 2139.3 825.0 14.75 342
SFIX,R 188130606
EFIX,R 188130606 188130852 247 2120.7 871.7 2821
SSACC,R 188130853
ESACC,R 188130853 188130942 90 2109.3 913.8 2235.2 1735.6 12.05 618
SFIX,R 188130943
EFIX,R 188130943 188131006 64 2234.4 1739.2 3227
SSACC,R 188131007
ESACC,R 188131007 188131054 48 2236.9 1737.1 2236.2 1726.0 0.15 79
SFIX,R 188131055
EFIX,R 188131055 188131088 34 2238.3 1713.9 3297
SSACC,R 188131089
ESACC,R 188131089 188131148 60 2237.2 1716.2 1897.3 642.4 16.66 611
SFIX,R 188131149
EFIX,R 188131149 188131473 325 1859.6 693.3 2923
SSACC,R 188131474
ESACC,R 188131474 188131538 65 1856.7 704.4 859.2 216.8 18.24 547
SFIX,R 188131539
EFIX,R 188131539 188131666 128 857.2 218.4 2949
SSACC,R 188131667
ESACC,R 188131667 188131685 19 856.6 215.1 789.2 195.8 1.19 109
SFIX,R 188131686
EFIX,R 188131686 188132276 591 776.8 202.9 2309
SSACC,R 188132277
ESACC,R 188132277 188132308 32 780.7 209.2 1187.9 194.6 6.92 438
SFIX,R 188132309
EFIX,R 188132309 188133923 1615 1194.3 208.5 2524
SSACC,R 188133924
ESACC,R 188133924 188133996 73 1195.1 214.1 1703.2 489.4 9.61 182
SFIX,R 188133997
EFIX,R 188133997 188134686 690 1739.9 533.6 2475
SSACC,R 188134687
ESACC,R 188134687 188134743 57 1741.8 532.1 1802.5 -45.8 9.62 314
SFIX,R 188134744
EFIX,R 188134744 188135329 586 1798.0 -55.3 2396
SSACC,R 188135330
ESACC,R 188135330 188135360 31 1793.4 -61.8 1502.2 -31.5 4.77 269
SFIX,R 188135361
EFIX,R 188135361 188135581 221 1449.5 -45.7 2722
SSACC,R 188135582
SBLINK,R 188135610
EBLINK,R 188135610 188135801 192
ESACC,R 188135582 188135874 293 1441.2 -35.5 1568.0 944.1 16.28 1844
SFIX,R 188135875
EFIX,R 188135875 188136071 197 1554.0 974.5 2843
SSACC,R 188136072
ESACC,R 188136072 188136099 28 1549.0 985.9 1291.2 1092.8 4.52 304
SFIX,R 188136100
EFIX,R 188136100 188136263 164 1269.2 1107.1 2907
SSACC,R 188136264
ESACC,R 188136264 188136314 51 1269.1 1105.2 796.0 240.8 16.30 653
SFIX,R 188136315
EFIX,R 188136315 188136437 123 792.2 237.2 2974
SSACC,R 188136438
ESACC,R 188136438 188136447 10 792.5 231.7 802.8 194.8 0.66 74
SFIX,R 188136448
EFIX,R 188136448 188136837 390 782.5 206.8 2483
SSACC,R 188136838
ESACC,R 188136838 188136867 30 769.9 216.1 978.5 414.8 4.91 330
SFIX,R 188136868
EFIX,R 188136868 188138395 1528 986.2 424.0 2585
SSACC,R 188138396
ESACC,R 188138396 188138479 84 979.1 427.6 670.0 1522.8 18.09 341
SFIX,R 188138480
EFIX,R 188138480 188140105 1626 639.7 1560.6 3146
SSACC,R 188140106
ESACC,R 188140106 188140176 71 647.1 1543.5 1385.4 1118.6 13.44 401
SFIX,R 188140177
EFIX,R 188140177 188140850 674 1385.1 1117.0 3098
SSACC,R 188140851
ESACC,R 188140851 188140873 23 1383.8 1114.7 1259.4 1072.7 2.13 135
SFIX,R 188140874
EFIX,R 188140874 188141176 303 1219.4 1051.2 3204
SSACC,R 188141177
ESACC,R 188141177 188141234 58 1218.1 1046.8 850.7 217.1 15.08 439
SFIX,R 188141235
EFIX,R 188141235 188141387 153 833.5 212.7 2932
SSACC,R 188141388
ESACC,R 188141388 188141394 7 822.3 209.4 805.5 211.6 0.29 42
SFIX,R 188141395
EFIX,R 188141395 188142223 829 779.7 217.2 2203
SSACC,R 188142224
ESACC,R 188142224 188142276 53 773.5 225.6 978.8 912.9 12.03 464
SFIX,R 188142277
EFIX,R 188142277 188142813 537 988.8 910.2 2658
SSACC,R 188142814
ESACC,R 188142814 188142847 34 993.7 906.4 1088.6 596.9 5.40 294
SFIX,R 188142848
EFIX,R 188142848 188143510 663 1096.4 582.8 2671
SSACC,R 188143511
ESACC,R 188143511 188143577 67 1100.4 586.6 1722.0 871.1 11.22 397
SFIX,R 188143578
EFIX,R 188143578 188143858 281 1722.0 878.8 2510
SSACC,R 188143859
ESACC,R 188143859 188143882 24 1721.9 870.6 1809.6 953.3 1.92 121
SFIX,R 188143883
EFIX,R 188143883 188144965 1083 1809.1 972.9 2791
SSACC,R 188144966
ESACC,R 188144966 188145008 43 1805.0 961.5 1947.4 1367.1 6.58 267
SFIX,R 188145009
EFIX,R 188145009 188145307 299 1951.4 1384.6 2928
SSACC,R 188145308
ESACC,R 188145308 188145397 90 1952.5 1382.7 1067.5 419.5 20.73 425
SFIX,R 188145398
EFIX,R 188145398 188145503 106 1054.1 419.2 3063
SSACC,R 188145504
ESACC,R 188145504 188145533 30 1046.0 415.7 808.5 217.2 5.28 375
SFIX,R 188145534
EFIX,R 188145534 188146130 597 791.3 219.1 2464
SSACC,R 188146131
ESACC,R 188146131 188146167 37 789.5 213.4 1054.2 806.6 10.96 559
SFIX,R 188146168
EFIX,R 188146168 188146329 162 1061.9 839.7 2771
SSACC,R 188146330
ESACC,R 188146330 188146337 8 1067.8 843.1 1085.8 847.8 0.31 42
SFIX,R 188146338
EFIX,R 188146338 188147612 1275 1092.1 852.2 2843
SSACC,R 188147613
ESACC,R 188147613 188147662 50 1092.2 861.7 1613.2 1185.2 9.92 471
SFIX,R 188147663
EFIX,R 188147663 188147969 307 1612.9 1204.2 2745
SSACC,R 188147970
ESACC,R 188147970 188147983 14 1615.9 1202.5 1564.3 1186.5 0.85 75
SFIX,R 188147984
EFIX,R 188147984 188148263 280 1550.1 1176.7 2947
SSACC,R 188148264
ESACC,R 188148264 188148281 18 1546.6 1169.1 1526.3 1110.5 0.98 65
SFIX,R 188148282
EFIX,R 188148282 188148673 392 1522.5 1090.2 3087
SSACC,R 188148674
ESACC,R 188148674 188148696 23 1523.2 1086.1 1532.3 1010.7 1.21 92
SFIX,R 188148697
EFIX,R 188148697 188149938 1242 1525.2 992.4 2969
SSACC,R 188149939
ESACC,R 188149939 188149974 36 1512.8 1000.6 1361.6 1019.4 2.48 131
SFIX,R 188149975
EFIX,R 188149975 188150799 825 1347.1 1037.7 3028
SSACC,R 188150800
ESACC,R 188150800 188150828 29 1343.8 1037.6 1519.9 1165.8 3.50 232
SFIX,R 188150829
EFIX,R 188150829 188151172 344 1538.1 1180.0 3006
SSACC,R 188151173
ESACC,R 188151173 188151193 21 1538.3 1175.5 1516.2 1104.4 1.17 85
SFIX,R 188151194
EFIX,R 188151194 188152420 1227 1498.1 1082.1 3131
SSACC,R 188152421
ESACC,R 188152421 188152438 18 1504.9 1085.3 1570.5 1083.6 1.05 79
SFIX,R 188152439
EFIX,R 188152439 188153181 743 1643.4 1130.0 3019
SSACC,R 188153182
SBLINK,R 188153236
EBLINK,R 188153236 188153421 186
ESACC,R 188153182 188153500 319 1646.8 1134.2 2057.5 572.0 10.97 1015
SFIX,R 188153501
EFIX,R 188153501 188153575 75 2049.1 593.5 2427
SSACC,R 188153576
ESACC,R 188153576 188153633 58 2046.6 641.0 1545.8 1133.8 11.07 357
SFIX,R 188153634
EFIX,R 188153634 188154032 399 1545.5 1122.4 2810
SSACC,R 188154033
ESACC,R 188154033 188154086 54 1577.4 1085.8 1767.0 1185.1 3.36 94
SFIX,R 188154087
EFIX,R 188154087 188154393 307 2016.3 1257.6 2927
SSACC,R 188154394
ESACC,R 188154394 188154447 54 2047.5 1290.5 1658.5 1117.5 6.50 249
SFIX,R 188154448
EFIX,R 188154448 188155187 740 1636.8 1098.2 3054
SSACC,R 188155188
ESACC,R 188155188 188155210 23 1639.0 1095.7 1649.4 1190.8 1.49 132
SFIX,R 188155211
EFIX,R 188155211 188155897 687 1645.4 1176.4 3106
SSACC,R 188155898
ESACC,R 188155898 188155918 21 1642.6 1174.9 1730.4 1227.6 1.60 114
SFIX,R 188155919
EFIX,R 188155919 188156264 346 1734.4 1243.2 3057
SSACC,R 188156265
ESACC,R 188156265 188156289 25 1733.9 1242.6 1563.2 1179.3 2.85 202
SFIX,R 188156290
EFIX,R 188156290 188156530 241 1537.9 1172.4 3178
SSACC,R 188156531
ESACC,R 188156531 188156543 13 1537.4 1161.6 1537.1 1112.3 0.77 81
SFIX,R 188156544
EFIX,R 188156544 188156901 358 1524.4 1104.2 3111
SSACC,R 188156902
ESACC,R 188156902 188156915 14 1520.8 1107.2 1482.2 1133.9 0.75 62
SFIX,R 188156916
EFIX,R 188156916 188157984 1069 1475.7 1122.2 3201
SSACC,R 188157985
ESACC,R 188157985 188158005 21 1476.7 1131.7 1526.8 1232.8 1.77 139
SFIX,R 188158006
EFIX,R 188158006 188158376 371 1522.7 1235.2 2998
SSACC,R 188158377
SBLINK,R 188158398
EBLINK,R 188158398 188166816 8419
ESACC,R 188158377 188166949 8573 1520.7 1238.6 1250.2 665.8 10.22 752
SFIX,R 188166950
EFIX,R 188166950 188167039 90 1243.4 604.4 3155
SSACC,R 188167040
ESACC,R 188167040 188167080 41 1240.8 594.8 834.6 175.5 9.90 489
SFIX,R 188167081
EFIX,R 188167081 188168089 1009 801.6 188.6 3092
SSACC,R 188168090
ESACC,R 188168090 188168125 36 799.3 200.3 1282.7 171.6 8.21 481
SFIX,R 188168126
EFIX,R 188168126 188168493 368 1275.9 187.5 2767
SSACC,R 188168494
ESACC,R 188168494 188168529 36 1278.4 186.6 1235.7 -52.6 4.14 269
SFIX,R 188168530
EFIX,R 188168530 188168874 345 1234.4 -64.1 2849
SSACC,R 188168875
ESACC,R 188168875 188168922 48 1236.4 -61.7 1096.2 697.8 13.05 564
SFIX,R 188168923
EFIX,R 188168923 188169350 428 1080.6 724.2 3013
SSACC,R 188169351
ESACC,R 188169351 188169397 47 1076.6 730.4 1603.4 1109.4 10.57 407
SFIX,R 188169398
EFIX,R 188169398 188169776 379 1626.7 1138.2 2865
SSACC,R 188169777
ESACC,R 188169777 188169798 22 1629.6 1130.4 1495.3 1144.0 2.15 175
SFIX,R 188169799
EFIX,R 188169799 188170011 213 1478.8 1145.3 3133
SSACC,R 188170012
ESACC,R 188170012 188170031 20 1478.7 1143.1 1528.1 1080.9 1.26 108
SFIX,R 188170032
EFIX,R 188170032 188171512 1481 1544.0 1083.0 3235
SSACC,R 188171513
SBLINK,R 188171532
EBLINK,R 188171532 188171868 337
ESACC,R 188171513 188171923 411 1537.5 1094.7 679.2 1370.3 14.39 659
SFIX,R 188171924
EFIX,R 188171924 188172350 427 671.9 1312.9 3083
SSACC,R 188172351
ESACC,R 188172351 188172403 53 689.2 1276.7 1450.4 1194.0 12.31 433
SFIX,R 188172404
EFIX,R 188172404 188172617 214 1458.7 1191.2 3481
SSACC,R 188172618
ESACC,R 188172618 188172663 46 1455.7 1191.4 1472.1 948.1 3.88 128
SFIX,R 188172664
EFIX,R 188172664 188173159 496 1469.1 962.5 3287
SSACC,R 188173160
ESACC,R 188173160 188173224 65 1471.4 969.8 1483.4 -41.9 16.68 520
SFIX,R 188173225
EFIX,R 188173225 188173510 286 1473.1 -63.6 2615
SSACC,R 188173511
ESACC,R 188173511 188173585 75 1464.2 -69.6 1527.8 1109.1 19.24 478
SFIX,R 188173586
EFIX,R 188173586 188176050 2465 1523.8 1101.6 3133
SSACC,R 188176051
ESACC,R 188176051 188176100 50 1518.0 1102.8 1528.0 1739.8 9.47 424
SFIX,R 188176101
EFIX,R 188176101 188176159 59 1465.4 1782.7 3214
SSACC,R 188176160
ESACC,R 188176160 188176167 8 1378.7 1772.1 1336.2 1753.5 0.70 96
SFIX,R 188176168
EFIX,R 188176168 188176270 103 1161.7 1707.0 3216
SSACC,R 188176271
ESACC,R 188176271 188176288 18 1061.9 1674.2 1001.1 1689.0 0.97 70
SFIX,R 188176289
EFIX,R 188176289 188176717 429 967.2 1676.9 3257
SSACC,R 188176718
ESACC,R 188176718 188176744 27 959.6 1667.6 782.0 1827.0 3.55 191
SFIX,R 188176745
EFIX,R 188176745 188176922 178 714.4 1869.3 3350
SSACC,R 188176923
SBLINK,R 188176936
EBLINK,R 188176936 188177187 252
ESACC,R 188176923 188177249 327 695.7 1884.6 1463.1 1163.9 15.93 252
SFIX,R 188177250
EFIX,R 188177250 188177728 479 1454.6 1126.3 3115
SSACC,R 188177729
ESACC,R 188177729 188177748 20 1458.7 1118.2 1529.4 1087.2 1.24 90
SFIX,R 188177749
EFIX,R 188177749 188178553 805 1594.2 1109.9 3230
SSACC,R 188178554
ESACC,R 188178554 188178594 41 1599.0 1124.8 1499.9 877.1 4.27 172
SFIX,R 188178595
EFIX,R 188178595 188178673 79 1440.0 837.9 3224
SSACC,R 188178674
ESACC,R 188178674 188178694 21 1416.1 834.9 1345.2 835.0 1.17 76
SFIX,R 188178695
EFIX,R 188178695 188179532 838 1285.0 836.9 2969
SSACC,R 188179533
ESACC,R 188179533 188179554 22 1287.8 827.5 1284.7 753.7 1.22 71
SFIX,R 188179555
EFIX,R 188179555 188181143 1589 1262.8 731.9 2860
SSACC,R 188181144
ESACC,R 188181144 188181187 44 1258.2 742.3 1505.4 1150.3 7.74 382
SFIX,R 188181188
EFIX,R 188181188 188181257 70 1502.3 1146.8 2802
SSACC,R 188181258
SBLINK,R 188181288
EBLINK,R 188181288 188181483 196
ESACC,R 188181258 188181545 288 1491.4 1158.7 1450.3 1092.9 1.23 441
SFIX,R 188181546
EFIX,R 188181546 188181595 50 1447.0 1100.6 2909
SSACC,R 188181596
ESACC,R 188181596 188181609 14 1444.2 1116.2 1487.6 1082.2 0.88 83
SFIX,R 188181610
EFIX,R 188181610 188181706 97 1512.0 1098.1 2908
SSACC,R 188181707
ESACC,R 188181707 188181714 8 1520.7 1109.5 1533.4 1127.6 0.35 47
SFIX,R 188181715
EFIX,R 188181715 188182698 984 1555.3 1120.5 3120
SSACC,R 188182699
ESACC,R 188182699 188182711 13 1558.5 1109.3 1551.1 1063.0 0.74 75
SFIX,R 188182712
EFIX,R 188182712 188183253 542 1558.6 1052.2 3182
SSACC,R 188183254
ESACC,R 188183254 188183278 25 1563.5 1050.8 1676.6 981.7 2.11 110
SFIX,R 188183279
EFIX,R 188183279 188183303 25 1725.8 947.4 3082
SSACC,R 188183304
ESACC,R 188183304 188183309 6 1780.6 919.6 1807.8 902.4 0.51 95
SFIX,R 188183310
EFIX,R 188183310 188185195 1886 1876.5 891.7 2969
SSACC,R 188185196
ESACC,R 188185196 188185237 42 1874.5 889.2 2063.1 1329.2 7.32 334
SFIX,R 188185238
EFIX,R 188185238 188185566 329 2084.0 1419.6 3047
SSACC,R 188185567
ESACC,R 188185567 188185611 45 2087.9 1416.4 2020.7 1065.5 5.34 200
SFIX,R 188185612
EFIX,R 188185612 188187037 1426 2013.1 1078.2 3069
SSACC,R 188187038
ESACC,R 188187038 188187077 40 2011.0 1075.4 1601.1 1175.1 6.52 274
SFIX,R 188187078
EFIX,R 188187078 188187624 547 1578.7 1173.6 3157
SSACC,R 188187625
ESACC,R 188187625 188187640 16 1578.7 1181.5 1645.6 1201.5 1.10 86
SFIX,R 188187641
EFIX,R 188187641 188188402 762 1650.0 1203.7 3152
SSACC,R 188188403
ESACC,R 188188403 188188429 27 1650.0 1202.9 1686.2 1099.6 1.71 101
SFIX,R 188188430
EFIX,R 188188430 188191458 3029 1715.4 1034.7 3091
SSACC,R 188191459
ESACC,R 188191459 188191483 25 1716.1 1031.2 1534.8 1089.1 3.03 226
SFIX,R 188191484
EFIX,R 188191484 188192333 850 1480.1 1119.5 3142
SSACC,R 188192334
SBLINK,R 188192418
EBLINK,R 188192418 188199450 7033
ESACC,R 188192334 188199687 7354 1478.5 1115.0 863.9 194.0 18.24 430
SFIX,R 188199688
EFIX,R 188199688 188199820 133 853.6 213.6 3458
SSACC,R 188199821
ESACC,R 188199821 188199838 18 851.4 214.1 819.0 157.4 1.12 102
SFIX,R 188199839
EFIX,R 188199839 188201060 1222 793.9 175.7 3041
SSACC,R 188201061
ESACC,R 188201061 188201093 33 787.6 187.0 1172.2 170.6 6.54 414
SFIX,R 188201094
EFIX,R 188201094 188202096 1003 1187.7 177.8 2927
SSACC,R 188202097
ESACC,R 188202097 188202176 80 1186.1 184.2 1421.0 909.0 12.72 291
SFIX,R 188202177
EFIX,R 188202177 188202611 435 1421.5 919.1 2839
SSACC,R 188202612
ESACC,R 188202612 188202640 29 1416.0 929.8 1574.0 1135.4 4.16 294
SFIX,R 188202641
EFIX,R 188202641 188203053 413 1592.1 1143.7 3014
SSACC,R 188203054
SBLINK,R 188203071
EBLINK,R 188203071 188203335 265
ESACC,R 188203054 188203429 376 1593.7 1145.4 1977.3 554.5 11.18 406
SFIX,R 188203430
EFIX,R 188203430 188203890 461 1965.4 649.6 3033
SSACC,R 188203891
ESACC,R 188203891 188203926 36 1964.5 665.2 2124.7 398.3 4.96 272
SFIX,R 188203927
EFIX,R 188203927 188204317 391 2126.0 419.7 3123
SSACC,R 188204318
ESACC,R 188204318 188204344 27 2129.6 422.4 1891.4 469.8 3.76 274
SFIX,R 188204345
EFIX,R 188204345 188205235 891 1866.2 485.2 2931
SSACC,R 188205236
ESACC,R 188205236 188205264 29 1864.4 489.5 1834.6 911.2 6.84 469
SFIX,R 188205265
EFIX,R 188205265 188205950 686 1815.7 944.6 2980
SSACC,R 188205951
ESACC,R 188205951 188205975 25 1813.9 946.3 1801.3 752.7 3.11 258
SFIX,R 188205976
EFIX,R 188205976 188206876 901 1804.7 754.0 2967
SSACC,R 188206877
ESACC,R 188206877 188206909 33 1800.1 763.8 1828.6 971.9 3.36 306
SFIX,R 188206910
EFIX,R 188206910 188207272 363 1829.5 980.0 2945
SSACC,R 188207273
SBLINK,R 188207291
EBLINK,R 188207291 188207549 259
ESACC,R 188207273 188207661 389 1829.2 1001.1 1944.8 1066.0 2.05 470
SFIX,R 188207662
EFIX,R 188207662 188207700 39 1945.8 1031.9 2794
SSACC,R 188207701
ESACC,R 188207701 188207724 24 1943.1 1026.9 1848.6 939.6 2.00 168
SFIX,R 188207725
EFIX,R 188207725 188208198 474 1835.2 976.9 2987
SSACC,R 188208199
ESACC,R 188208199 188208216 18 1830.3 974.7 1800.2 887.4 1.47 97
SFIX,R 188208217
EFIX,R 188208217 188209529 1313 1792.1 891.2 3039
SSACC,R 188209530
ESACC,R 188209530 188209569 40 1788.4 898.8 1300.3 1073.4 8.32 339
SFIX,R 188209570
EFIX,R 188209570 188210005 436 1267.0 1095.2 3083
SSACC,R 188210006
ESACC,R 188210006 188210031 26 1261.3 1094.9 1469.6 1172.6 3.59 254
SFIX,R 188210032
EFIX,R 188210032 188210744 713 1513.5 1191.0 3224
INPUT,188210746 127
END,188210746 SAMPLES EVENTS RES 62.44 63.26
