tracker_time_ms,message
186230466,DISPLAY_COORDS 0 0 1919 1079
186230476,RECCFG CR 1000 2 1 2 1 R
186230476,ELCLCFG MTABLER
186230476,GAZE_COORDS 0.00 0.00 1919.00 1079.00
186230476,THRESHOLDS R 42 174
186230476,ELCL_WINDOW_SIZES 176 188 0 0
186230476,CAMERA_LENS_FOCAL_LENGTH 38.00 
186230476,PUPIL_DATA_TYPE RAW_AUTOSLIP
186230476,ELCL_PROC ELLIPSE  (5)
186230476,ELCL_EFIT_PARAMS 1.01 4.00  0.15 0.05  0.65 0.65  0.00 0.00 0.30
186230477,!MODE RECORD CR 1000 2 1 2 1 R
186230581,FINEVISION_SESSION_START
186230582,FINEVISION_SESSION_ID SaccadeMultiStim_20260807_141246 HOST_FILE F81115AF.EDF
186257873,TRIALID 1
186257874,!V TRIAL_VAR Subject_ID Monkey_H18
186257874,!V TRIAL_VAR Planned_Fixation_Duration_ms 745.9081619114132
186257874,!V TRIAL_VAR Fixation_Pos_X_deg -6.0
186257874,!V TRIAL_VAR Fixation_Pos_Y_deg 8.0
186257874,!V TRIAL_VAR Fixation_Point_Radius_deg 0.2
186257874,!V TRIAL_VAR Fix_Window_Radius_deg 2.0
186257874,!V TRIAL_VAR Stim_Pos_X_deg 12.0
186257874,!V TRIAL_VAR Stim_Pos_Y_deg -4.0
186257874,!V TRIAL_VAR Stim_Window_Radius_deg 2.5
186257874,!V TRIAL_VAR Stim_Major_Axis_deg 0.3
186257874,!V TRIAL_VAR Stim_Minor_Axis_deg 0.3
186257874,!V TRIAL_VAR Stim_Orientation_deg 0.0
186257874,!V TRIAL_VAR Gap_Duration_ms 100.0
186257874,!V TRIAL_VAR Stim_Duration_ms 200.0
186257874,!V TRIAL_VAR Stim_Hold_Time_ms 100.0
186257874,!V TRIAL_VAR Condition_ID C000001
186257875,!V TRIAL_VAR Is_Control False
186257875,!V TRIAL_VAR Stim_Color_Name Gray
186257875,!V TRIAL_VAR Stim_Intensity_Level 30
186257875,!V TRIAL_VAR Stim_Pos_X_deg 12.0
186257875,!V TRIAL_VAR Stim_Pos_Y_deg -4.0
186257879,FIX_ON TRIAL 1
186258382,GAZE_ACQUIRED TRIAL 1
186258975,FIX_OFF TRIAL 1
186259082,STIM_ON TRIAL 1
186259289,STIM_OFF TRIAL 1
186259307,TARGET_ENTER TRIAL 1
186259411,STIM_WINDOW_END TRIAL 1
186259414,REWARD TRIAL 1
186259678,!V TRIAL_VAR Status Success
186259678,!V TRIAL_VAR Subject_ID Monkey_H18
186259678,TRIAL_RESULT Success
186262741,TRIALID 2
186262741,!V TRIAL_VAR Subject_ID Monkey_H18
186262741,!V TRIAL_VAR Planned_Fixation_Duration_ms 614.5192901585627
186262741,!V TRIAL_VAR Fixation_Pos_X_deg -6.0
186262741,!V TRIAL_VAR Fixation_Pos_Y_deg 8.0
186262741,!V TRIAL_VAR Fixation_Point_Radius_deg 0.2
186262741,!V TRIAL_VAR Fix_Window_Radius_deg 2.0
186262741,!V TRIAL_VAR Stim_Pos_X_deg 0.0
186262741,!V TRIAL_VAR Stim_Pos_Y_deg -1.0
186262741,!V TRIAL_VAR Stim_Window_Radius_deg 2.5
186262741,!V TRIAL_VAR Stim_Major_Axis_deg 0.3
186262741,!V TRIAL_VAR Stim_Minor_Axis_deg 0.3
186262741,!V TRIAL_VAR Stim_Orientation_deg 0.0
186262741,!V TRIAL_VAR Gap_Duration_ms 100.0
186262741,!V TRIAL_VAR Stim_Duration_ms 200.0
186262741,!V TRIAL_VAR Stim_Hold_Time_ms 100.0
186262741,!V TRIAL_VAR Condition_ID C000002
186262746,ERROR MESSAGES LOST 5
186262746,FIX_ON TRIAL 2
186264040,GAZE_ACQUIRED TRIAL 2
186264514,FIX_OFF TRIAL 2
186264621,STIM_ON TRIAL 2
186264732,TARGET_ENTER TRIAL 2
186264828,STIM_OFF TRIAL 2
186264843,STIM_WINDOW_END TRIAL 2
186264846,REWARD TRIAL 2
186265110,!V TRIAL_VAR Status Success
186265110,!V TRIAL_VAR Subject_ID Monkey_H18
186265110,TRIAL_RESULT Success
186268195,TRIALID 3
186268195,!V TRIAL_VAR Subject_ID Monkey_H18
186268195,!V TRIAL_VAR Planned_Fixation_Duration_ms 797.4128940187029
186268195,!V TRIAL_VAR Fixation_Pos_X_deg -6.0
186268195,!V TRIAL_VAR Fixation_Pos_Y_deg 8.0
186268195,!V TRIAL_VAR Fixation_Point_Radius_deg 0.2
186268195,!V TRIAL_VAR Fix_Window_Radius_deg 2.0
186268195,!V TRIAL_VAR Stim_Pos_X_deg 3.0
186268195,!V TRIAL_VAR Stim_Pos_Y_deg -10.0
186268196,!V TRIAL_VAR Stim_Window_Radius_deg 2.5
186268196,!V TRIAL_VAR Stim_Major_Axis_deg 0.3
186268196,!V TRIAL_VAR Stim_Minor_Axis_deg 0.3
186268196,!V TRIAL_VAR Stim_Orientation_deg 0.0
186268196,!V TRIAL_VAR Gap_Duration_ms 100.0
186268196,!V TRIAL_VAR Stim_Duration_ms 200.0
186268196,!V TRIAL_VAR Stim_Hold_Time_ms 100.0
186268196,!V TRIAL_VAR Condition_ID C000003
186268197,!V TRIAL_VAR Is_Control False
186268197,!V TRIAL_VAR Stim_Color_Name Gray
186268197,!V TRIAL_VAR Stim_Intensity_Level 60
186268197,!V TRIAL_VAR Stim_Pos_X_deg 3.0
186268197,!V TRIAL_VAR Stim_Pos_Y_deg -10.0
186268201,FIX_ON TRIAL 3
186268668,GAZE_ACQUIRED TRIAL 3
186269318,FIX_OFF TRIAL 3
186269425,STIM_ON TRIAL 3
186269632,STIM_OFF TRIAL 3
186269643,TARGET_ENTER TRIAL 3
186269818,STIM_WINDOW_END TRIAL 3
186269821,REWARD TRIAL 3
186270085,!V TRIAL_VAR Status Success
186270085,!V TRIAL_VAR Subject_ID Monkey_H18
186270085,TRIAL_RESULT Success
186273144,TRIALID 4
186273144,!V TRIAL_VAR Subject_ID Monkey_H18
186273144,!V TRIAL_VAR Planned_Fixation_Duration_ms 655.8832581846699
186273144,!V TRIAL_VAR Fixation_Pos_X_deg -6.0
186273144,!V TRIAL_VAR Fixation_Pos_Y_deg 8.0
186273144,!V TRIAL_VAR Fixation_Point_Radius_deg 0.2
186273144,!V TRIAL_VAR Fix_Window_Radius_deg 2.0
186273144,!V TRIAL_VAR Stim_Pos_X_deg 12.0
186273144,!V TRIAL_VAR Stim_Pos_Y_deg -10.0
186273144,!V TRIAL_VAR Stim_Window_Radius_deg 2.5
186273144,!V TRIAL_VAR Stim_Major_Axis_deg 0.3
186273144,!V TRIAL_VAR Stim_Minor_Axis_deg 0.3
186273144,!V TRIAL_VAR Stim_Orientation_deg 0.0
186273144,!V TRIAL_VAR Gap_Duration_ms 100.0
186273144,!V TRIAL_VAR Stim_Duration_ms 200.0
186273144,!V TRIAL_VAR Stim_Hold_Time_ms 100.0
186273144,!V TRIAL_VAR Condition_ID C000004
186273144,!V TRIAL_VAR Is_Control False
186273144,!V TRIAL_VAR Stim_Color_Name Gray
186273144,!V TRIAL_VAR Stim_Intensity_Level 90
186273144,!V TRIAL_VAR Stim_Pos_X_deg 12.0
186273144,!V TRIAL_VAR Stim_Pos_Y_deg -10.0
186273150,FIX_ON TRIAL 4
186273761,GAZE_ACQUIRED TRIAL 4
186274272,FIX_OFF TRIAL 4
186274379,STIM_ON TRIAL 4
186274525,TARGET_ENTER TRIAL 4
186274586,STIM_OFF TRIAL 4
186274750,STIM_WINDOW_END TRIAL 4
186274754,REWARD TRIAL 4
186275017,!V TRIAL_VAR Status Success
186275017,!V TRIAL_VAR Subject_ID Monkey_H18
186275017,TRIAL_RESULT Success
186278089,TRIALID 5
186278089,!V TRIAL_VAR Subject_ID Monkey_H18
186278089,!V TRIAL_VAR Planned_Fixation_Duration_ms 340.40212413322143
186278089,!V TRIAL_VAR Fixation_Pos_X_deg -6.0
186278089,!V TRIAL_VAR Fixation_Pos_Y_deg 8.0
186278089,!V TRIAL_VAR Fixation_Point_Radius_deg 0.2
186278089,!V TRIAL_VAR Fix_Window_Radius_deg 2.0
186278089,!V TRIAL_VAR Stim_Pos_X_deg 9.0
186278089,!V TRIAL_VAR Stim_Pos_Y_deg 8.0
186278089,!V TRIAL_VAR Stim_Window_Radius_deg 2.5
186278089,!V TRIAL_VAR Stim_Major_Axis_deg 0.3
186278089,!V TRIAL_VAR Stim_Minor_Axis_deg 0.3
186278089,!V TRIAL_VAR Stim_Orientation_deg 0.0
186278089,!V TRIAL_VAR Gap_Duration_ms 100.0
186278089,!V TRIAL_VAR Stim_Duration_ms 200.0
186278089,!V TRIAL_VAR Stim_Hold_Time_ms 100.0
186278090,!V TRIAL_VAR Condition_ID C000005
186278090,!V TRIAL_VAR Is_Control False
186278090,!V TRIAL_VAR Stim_Color_Name Gray
186278090,!V TRIAL_VAR Stim_Intensity_Level 60
186278090,!V TRIAL_VAR Stim_Pos_X_deg 9.0
186278090,!V TRIAL_VAR Stim_Pos_Y_deg 8.0
186278097,FIX_ON TRIAL 5
186278502,GAZE_ACQUIRED TRIAL 5
186278696,FIX_OFF TRIAL 5
186278803,STIM_ON TRIAL 5
186278929,TARGET_ENTER TRIAL 5
186279011,STIM_OFF TRIAL 5
186279040,STIM_WINDOW_END TRIAL 5
186279043,REWARD TRIAL 5
186279313,!V TRIAL_VAR Status Success
186279313,!V TRIAL_VAR Subject_ID Monkey_H18
186279313,TRIAL_RESULT Success
186282379,TRIALID 6
186282380,!V TRIAL_VAR Subject_ID Monkey_H18
186282380,!V TRIAL_VAR Planned_Fixation_Duration_ms 349.4923043991205
186282380,!V TRIAL_VAR Fixation_Pos_X_deg 3.0
186282380,!V TRIAL_VAR Fixation_Pos_Y_deg 8.0
186282380,!V TRIAL_VAR Fixation_Point_Radius_deg 0.2
186282380,!V TRIAL_VAR Fix_Window_Radius_deg 2.0
186282380,!V TRIAL_VAR Stim_Pos_X_deg 3.0
186282380,!V TRIAL_VAR Stim_Pos_Y_deg 8.0
186282380,!V TRIAL_VAR Stim_Window_Radius_deg 2.5
186282380,!V TRIAL_VAR Stim_Major_Axis_deg 0.3
186282380,!V TRIAL_VAR Stim_Minor_Axis_deg 0.3
186282380,!V TRIAL_VAR Stim_Orientation_deg 0.0
186282380,!V TRIAL_VAR Gap_Duration_ms 100.0
186282380,!V TRIAL_VAR Stim_Duration_ms 200.0
186282380,!V TRIAL_VAR Stim_Hold_Time_ms 100.0
186282380,!V TRIAL_VAR Condition_ID C000006
186282381,!V TRIAL_VAR Is_Control True
186282381,!V TRIAL_VAR Stim_Color_Name Control
186282381,!V TRIAL_VAR Stim_Intensity_Level 0
186282381,!V TRIAL_VAR Stim_Pos_X_deg 3.0
186282381,!V TRIAL_VAR Stim_Pos_Y_deg 8.0
186282386,FIX_ON TRIAL 6
186284396,FIX_OFF TRIAL 6
186284400,!V TRIAL_VAR Status Control_nofix_1
186284400,!V TRIAL_VAR Subject_ID Monkey_H18
186284400,TRIAL_RESULT Control_nofix_1
186287461,TRIALID 7
186287462,!V TRIAL_VAR Subject_ID Monkey_H18
186287462,!V TRIAL_VAR Planned_Fixation_Duration_ms 458.0654768875561
186287462,!V TRIAL_VAR Fixation_Pos_X_deg 3.0
186287462,!V TRIAL_VAR Fixation_Pos_Y_deg 8.0
186287462,!V TRIAL_VAR Fixation_Point_Radius_deg 0.2
186287462,!V TRIAL_VAR Fix_Window_Radius_deg 2.0
186287462,!V TRIAL_VAR Stim_Pos_X_deg 3.0
186287462,!V TRIAL_VAR Stim_Pos_Y_deg 8.0
186287462,!V TRIAL_VAR Stim_Window_Radius_deg 2.5
186287462,!V TRIAL_VAR Stim_Major_Axis_deg 0.3
186287462,!V TRIAL_VAR Stim_Minor_Axis_deg 0.3
186287462,!V TRIAL_VAR Stim_Orientation_deg 0.0
186287462,!V TRIAL_VAR Gap_Duration_ms 100.0
186287462,!V TRIAL_VAR Stim_Duration_ms 200.0
186287462,!V TRIAL_VAR Stim_Hold_Time_ms 100.0
186287462,!V TRIAL_VAR Condition_ID C000006
186287468,ERROR MESSAGES LOST 5
186287468,FIX_ON TRIAL 7
186287832,GAZE_ACQUIRED TRIAL 7
186288143,FIX_OFF TRIAL 7
186288154,REWARD TRIAL 7
186288416,!V TRIAL_VAR Status Control_Success
186288416,!V TRIAL_VAR Subject_ID Monkey_H18
186288416,TRIAL_RESULT Control_Success
186291479,TRIALID 8
186291480,!V TRIAL_VAR Subject_ID Monkey_H18
186291480,!V TRIAL_VAR Planned_Fixation_Duration_ms 324.5361546862076
186291480,!V TRIAL_VAR Fixation_Pos_X_deg -6.0
186291480,!V TRIAL_VAR Fixation_Pos_Y_deg 8.0
186291480,!V TRIAL_VAR Fixation_Point_Radius_deg 0.2
186291480,!V TRIAL_VAR Fix_Window_Radius_deg 2.0
186291480,!V TRIAL_VAR Stim_Pos_X_deg 12.0
186291480,!V TRIAL_VAR Stim_Pos_Y_deg -1.0
186291480,!V TRIAL_VAR Stim_Window_Radius_deg 2.5
186291480,!V TRIAL_VAR Stim_Major_Axis_deg 0.3
186291480,!V TRIAL_VAR Stim_Minor_Axis_deg 0.3
186291480,!V TRIAL_VAR Stim_Orientation_deg 0.0
186291480,!V TRIAL_VAR Gap_Duration_ms 100.0
186291480,!V TRIAL_VAR Stim_Duration_ms 200.0
186291480,!V TRIAL_VAR Stim_Hold_Time_ms 100.0
186291480,!V TRIAL_VAR Condition_ID C000007
186291481,!V TRIAL_VAR Is_Control False
186291481,!V TRIAL_VAR Stim_Color_Name Gray
186291481,!V TRIAL_VAR Stim_Intensity_Level 30
186291481,!V TRIAL_VAR Stim_Pos_X_deg 12.0
186291481,!V TRIAL_VAR Stim_Pos_Y_deg -1.0
186291486,FIX_ON TRIAL 8
186292018,GAZE_ACQUIRED TRIAL 8
186292196,FIX_OFF TRIAL 8
186292303,STIM_ON TRIAL 8
186292433,TARGET_ENTER TRIAL 8
186292511,STIM_OFF TRIAL 8
186292540,STIM_WINDOW_END TRIAL 8
186292543,REWARD TRIAL 8
186292806,!V TRIAL_VAR Status Success
186292806,!V TRIAL_VAR Subject_ID Monkey_H18
186292806,TRIAL_RESULT Success
186295868,TRIALID 9
186295868,!V TRIAL_VAR Subject_ID Monkey_H18
186295868,!V TRIAL_VAR Planned_Fixation_Duration_ms 313.3419370189776
186295868,!V TRIAL_VAR Fixation_Pos_X_deg -6.0
186295868,!V TRIAL_VAR Fixation_Pos_Y_deg 8.0
186295868,!V TRIAL_VAR Fixation_Point_Radius_deg 0.2
186295868,!V TRIAL_VAR Fix_Window_Radius_deg 2.0
186295868,!V TRIAL_VAR Stim_Pos_X_deg 9.0
186295868,!V TRIAL_VAR Stim_Pos_Y_deg -10.0
186295868,!V TRIAL_VAR Stim_Window_Radius_deg 2.5
186295868,!V TRIAL_VAR Stim_Major_Axis_deg 0.3
186295868,!V TRIAL_VAR Stim_Minor_Axis_deg 0.3
186295868,!V TRIAL_VAR Stim_Orientation_deg 0.0
186295868,!V TRIAL_VAR Gap_Duration_ms 100.0
186295868,!V TRIAL_VAR Stim_Duration_ms 200.0
186295868,!V TRIAL_VAR Stim_Hold_Time_ms 100.0
186295869,!V TRIAL_VAR Condition_ID C000008
186295869,!V TRIAL_VAR Is_Control False
186295869,!V TRIAL_VAR Stim_Color_Name Gray
186295869,!V TRIAL_VAR Stim_Intensity_Level 180
186295869,!V TRIAL_VAR Stim_Pos_X_deg 9.0
186295869,!V TRIAL_VAR Stim_Pos_Y_deg -10.0
186295875,FIX_ON TRIAL 9
186296369,GAZE_ACQUIRED TRIAL 9
186296536,FIX_OFF TRIAL 9
186296643,STIM_ON TRIAL 9
186296768,TARGET_ENTER TRIAL 9
186296851,STIM_OFF TRIAL 9
186296872,STIM_WINDOW_END TRIAL 9
186296875,REWARD TRIAL 9
186297137,!V TRIAL_VAR Status Success
186297137,!V TRIAL_VAR Subject_ID Monkey_H18
186297137,TRIAL_RESULT Success
186300202,TRIALID 10
186300202,!V TRIAL_VAR Subject_ID Monkey_H18
186300202,!V TRIAL_VAR Planned_Fixation_Duration_ms 642.1706851220143
186300202,!V TRIAL_VAR Fixation_Pos_X_deg -6.0
186300202,!V TRIAL_VAR Fixation_Pos_Y_deg 8.0
186300202,!V TRIAL_VAR Fixation_Point_Radius_deg 0.2
186300202,!V TRIAL_VAR Fix_Window_Radius_deg 2.0
186300202,!V TRIAL_VAR Stim_Pos_X_deg 9.0
186300202,!V TRIAL_VAR Stim_Pos_Y_deg -1.0
186300202,!V TRIAL_VAR Stim_Window_Radius_deg 2.5
186300202,!V TRIAL_VAR Stim_Major_Axis_deg 0.3
186300202,!V TRIAL_VAR Stim_Minor_Axis_deg 0.3
186300202,!V TRIAL_VAR Stim_Orientation_deg 0.0
186300202,!V TRIAL_VAR Gap_Duration_ms 100.0
186300202,!V TRIAL_VAR Stim_Duration_ms 200.0
186300202,!V TRIAL_VAR Stim_Hold_Time_ms 100.0
186300203,!V TRIAL_VAR Condition_ID C000009
186300203,!V TRIAL_VAR Is_Control False
186300203,!V TRIAL_VAR Stim_Color_Name Gray
186300203,!V TRIAL_VAR Stim_Intensity_Level 180
186300203,!V TRIAL_VAR Stim_Pos_X_deg 9.0
186300203,!V TRIAL_VAR Stim_Pos_Y_deg -1.0
186300207,FIX_ON TRIAL 10
186300664,GAZE_ACQUIRED TRIAL 10
186301161,FIX_OFF TRIAL 10
186301268,STIM_ON TRIAL 10
186301382,TARGET_ENTER TRIAL 10
186301476,STIM_OFF TRIAL 10
186301490,STIM_WINDOW_END TRIAL 10
186301494,REWARD TRIAL 10
186301757,!V TRIAL_VAR Status Success
186301757,!V TRIAL_VAR Subject_ID Monkey_H18
186301757,TRIAL_RESULT Success
186304821,TRIALID 11
186304821,!V TRIAL_VAR Subject_ID Monkey_H18
186304821,!V TRIAL_VAR Planned_Fixation_Duration_ms 464.35622606587987
186304821,!V TRIAL_VAR Fixation_Pos_X_deg -6.0
186304821,!V TRIAL_VAR Fixation_Pos_Y_deg 8.0
186304821,!V TRIAL_VAR Fixation_Point_Radius_deg 0.2
186304821,!V TRIAL_VAR Fix_Window_Radius_deg 2.0
186304821,!V TRIAL_VAR Stim_Pos_X_deg 0.0
186304821,!V TRIAL_VAR Stim_Pos_Y_deg -4.0
186304821,!V TRIAL_VAR Stim_Window_Radius_deg 2.5
186304821,!V TRIAL_VAR Stim_Major_Axis_deg 0.3
186304821,!V TRIAL_VAR Stim_Minor_Axis_deg 0.3
186304821,!V TRIAL_VAR Stim_Orientation_deg 0.0
186304821,!V TRIAL_VAR Gap_Duration_ms 100.0
186304821,!V TRIAL_VAR Stim_Duration_ms 200.0
186304821,!V TRIAL_VAR Stim_Hold_Time_ms 100.0
186304823,!V TRIAL_VAR Condition_ID C000010
186304823,!V TRIAL_VAR Is_Control False
186304823,!V TRIAL_VAR Stim_Color_Name Gray
186304823,!V TRIAL_VAR Stim_Intensity_Level 90
186304823,!V TRIAL_VAR Stim_Pos_X_deg 0.0
186304823,!V TRIAL_VAR Stim_Pos_Y_deg -4.0
186304829,FIX_ON TRIAL 11
186305358,GAZE_ACQUIRED TRIAL 11
186305675,FIX_OFF TRIAL 11
186305782,STIM_ON TRIAL 11
186305901,TARGET_ENTER TRIAL 11
186305990,STIM_OFF TRIAL 11
186306003,STIM_WINDOW_END TRIAL 11
186306007,REWARD TRIAL 11
186306270,!V TRIAL_VAR Status Success
186306270,!V TRIAL_VAR Subject_ID Monkey_H18
186306270,TRIAL_RESULT Success
186309333,TRIALID 12
186309333,!V TRIAL_VAR Subject_ID Monkey_H18
186309333,!V TRIAL_VAR Planned_Fixation_Duration_ms 425.30401671663805
186309333,!V TRIAL_VAR Fixation_Pos_X_deg -6.0
186309333,!V TRIAL_VAR Fixation_Pos_Y_deg 8.0
186309333,!V TRIAL_VAR Fixation_Point_Radius_deg 0.2
186309333,!V TRIAL_VAR Fix_Window_Radius_deg 2.0
186309333,!V TRIAL_VAR Stim_Pos_X_deg -6.0
186309333,!V TRIAL_VAR Stim_Pos_Y_deg -1.0
186309333,!V TRIAL_VAR Stim_Window_Radius_deg 2.5
186309333,!V TRIAL_VAR Stim_Major_Axis_deg 0.3
186309333,!V TRIAL_VAR Stim_Minor_Axis_deg 0.3
186309333,!V TRIAL_VAR Stim_Orientation_deg 0.0
186309333,!V TRIAL_VAR Gap_Duration_ms 100.0
186309333,!V TRIAL_VAR Stim_Duration_ms 200.0
186309333,!V TRIAL_VAR Stim_Hold_Time_ms 100.0
186309334,!V TRIAL_VAR Condition_ID C000011
186309334,!V TRIAL_VAR Is_Control False
186309334,!V TRIAL_VAR Stim_Color_Name Gray
186309334,!V TRIAL_VAR Stim_Intensity_Level 120
186309334,!V TRIAL_VAR Stim_Pos_X_deg -6.0
186309334,!V TRIAL_VAR Stim_Pos_Y_deg -1.0
186309340,FIX_ON TRIAL 12
186311148,GAZE_ACQUIRED TRIAL 12
186311429,FIX_OFF TRIAL 12
186311536,STIM_ON TRIAL 12
186311668,TARGET_ENTER TRIAL 12
186311743,STIM_OFF TRIAL 12
186311773,STIM_WINDOW_END TRIAL 12
186311775,REWARD TRIAL 12
186312038,!V TRIAL_VAR Status Success
186312038,!V TRIAL_VAR Subject_ID Monkey_H18
186312038,TRIAL_RESULT Success
186315101,TRIALID 13
186315102,!V TRIAL_VAR Subject_ID Monkey_H18
186315102,!V TRIAL_VAR Planned_Fixation_Duration_ms 777.2972982881881
186315102,!V TRIAL_VAR Fixation_Pos_X_deg -6.0
186315102,!V TRIAL_VAR Fixation_Pos_Y_deg 8.0
186315102,!V TRIAL_VAR Fixation_Point_Radius_deg 0.2
186315102,!V TRIAL_VAR Fix_Window_Radius_deg 2.0
186315102,!V TRIAL_VAR Stim_Pos_X_deg 9.0
186315102,!V TRIAL_VAR Stim_Pos_Y_deg 2.0
186315102,!V TRIAL_VAR Stim_Window_Radius_deg 2.5
186315102,!V TRIAL_VAR Stim_Major_Axis_deg 0.3
186315102,!V TRIAL_VAR Stim_Minor_Axis_deg 0.3
186315102,!V TRIAL_VAR Stim_Orientation_deg 0.0
186315102,!V TRIAL_VAR Gap_Duration_ms 100.0
186315102,!V TRIAL_VAR Stim_Duration_ms 200.0
186315102,!V TRIAL_VAR Stim_Hold_Time_ms 100.0
186315102,!V TRIAL_VAR Condition_ID C000012
186315103,!V TRIAL_VAR Is_Control False
186315103,!V TRIAL_VAR Stim_Color_Name Gray
186315103,!V TRIAL_VAR Stim_Intensity_Level 180
186315103,!V TRIAL_VAR Stim_Pos_X_deg 9.0
186315103,!V TRIAL_VAR Stim_Pos_Y_deg 2.0
186315107,FIX_ON TRIAL 13
186315472,GAZE_ACQUIRED TRIAL 13
186316101,FIX_OFF TRIAL 13
186316208,STIM_ON TRIAL 13
186316336,TARGET_ENTER TRIAL 13
186316418,STIM_OFF TRIAL 13
186316443,STIM_WINDOW_END TRIAL 13
186316447,REWARD TRIAL 13
186316709,!V TRIAL_VAR Status Success
186316709,!V TRIAL_VAR Subject_ID Monkey_H18
186316709,TRIAL_RESULT Success
186319789,TRIALID 14
186319789,!V TRIAL_VAR Subject_ID Monkey_H18
186319789,!V TRIAL_VAR Planned_Fixation_Duration_ms 711.968654317648
186319789,!V TRIAL_VAR Fixation_Pos_X_deg -6.0
186319789,!V TRIAL_VAR Fixation_Pos_Y_deg 8.0
186319789,!V TRIAL_VAR Fixation_Point_Radius_deg 0.2
186319789,!V TRIAL_VAR Fix_Window_Radius_deg 2.0
186319789,!V TRIAL_VAR Stim_Pos_X_deg -6.0
186319789,!V TRIAL_VAR Stim_Pos_Y_deg -7.0
186319789,!V TRIAL_VAR Stim_Window_Radius_deg 2.5
186319789,!V TRIAL_VAR Stim_Major_Axis_deg 0.3
186319789,!V TRIAL_VAR Stim_Minor_Axis_deg 0.3
186319789,!V TRIAL_VAR Stim_Orientation_deg 0.0
186319789,!V TRIAL_VAR Gap_Duration_ms 100.0
186319789,!V TRIAL_VAR Stim_Duration_ms 200.0
186319789,!V TRIAL_VAR Stim_Hold_Time_ms 100.0
186319789,!V TRIAL_VAR Condition_ID C000013
186319793,ERROR MESSAGES LOST 5
186319793,FIX_ON TRIAL 14
186320132,GAZE_ACQUIRED TRIAL 14
186320701,FIX_OFF TRIAL 14
186320808,STIM_ON TRIAL 14
186320961,TARGET_ENTER TRIAL 14
186321014,STIM_OFF TRIAL 14
186321072,STIM_WINDOW_END TRIAL 14
186321076,REWARD TRIAL 14
186321338,!V TRIAL_VAR Status Success
186321338,!V TRIAL_VAR Subject_ID Monkey_H18
186321338,TRIAL_RESULT Success
186324405,TRIALID 15
186324405,!V TRIAL_VAR Subject_ID Monkey_H18
186324405,!V TRIAL_VAR Planned_Fixation_Duration_ms 493.4472897934291
186324405,!V TRIAL_VAR Fixation_Pos_X_deg -6.0
186324406,!V TRIAL_VAR Fixation_Pos_Y_deg 8.0
186324406,!V TRIAL_VAR Fixation_Point_Radius_deg 0.2
186324406,!V TRIAL_VAR Fix_Window_Radius_deg 2.0
186324406,!V TRIAL_VAR Stim_Pos_X_deg -6.0
186324406,!V TRIAL_VAR Stim_Pos_Y_deg 5.0
186324406,!V TRIAL_VAR Stim_Window_Radius_deg 2.5
186324406,!V TRIAL_VAR Stim_Major_Axis_deg 0.3
186324406,!V TRIAL_VAR Stim_Minor_Axis_deg 0.3
186324406,!V TRIAL_VAR Stim_Orientation_deg 0.0
186324406,!V TRIAL_VAR Gap_Duration_ms 100.0
186324406,!V TRIAL_VAR Stim_Duration_ms 200.0
186324406,!V TRIAL_VAR Stim_Hold_Time_ms 100.0
186324406,!V TRIAL_VAR Condition_ID C000014
186324407,!V TRIAL_VAR Is_Control False
186324407,!V TRIAL_VAR Stim_Color_Name Gray
186324407,!V TRIAL_VAR Stim_Intensity_Level 180
186324407,!V TRIAL_VAR Stim_Pos_X_deg -6.0
186324407,!V TRIAL_VAR Stim_Pos_Y_deg 5.0
186324412,FIX_ON TRIAL 15
186326421,FIX_OFF TRIAL 15
186326426,!V TRIAL_VAR Status nofix_1
186326426,!V TRIAL_VAR Subject_ID Monkey_H18
186326426,TRIAL_RESULT nofix_1
186329494,TRIALID 16
186329494,!V TRIAL_VAR Subject_ID Monkey_H18
186329494,!V TRIAL_VAR Planned_Fixation_Duration_ms 512.3185530529919
186329494,!V TRIAL_VAR Fixation_Pos_X_deg -6.0
186329494,!V TRIAL_VAR Fixation_Pos_Y_deg 8.0
186329494,!V TRIAL_VAR Fixation_Point_Radius_deg 0.2
186329494,!V TRIAL_VAR Fix_Window_Radius_deg 2.0
186329494,!V TRIAL_VAR Stim_Pos_X_deg -6.0
186329494,!V TRIAL_VAR Stim_Pos_Y_deg 5.0
186329494,!V TRIAL_VAR Stim_Window_Radius_deg 2.5
186329494,!V TRIAL_VAR Stim_Major_Axis_deg 0.3
186329494,!V TRIAL_VAR Stim_Minor_Axis_deg 0.3
186329494,!V TRIAL_VAR Stim_Orientation_deg 0.0
186329494,!V TRIAL_VAR Gap_Duration_ms 100.0
186329494,!V TRIAL_VAR Stim_Duration_ms 200.0
186329494,!V TRIAL_VAR Stim_Hold_Time_ms 100.0
186329495,!V TRIAL_VAR Condition_ID C000014
186329495,!V TRIAL_VAR Is_Control False
186329495,!V TRIAL_VAR Stim_Color_Name Gray
186329495,!V TRIAL_VAR Stim_Intensity_Level 180
186329495,!V TRIAL_VAR Stim_Pos_X_deg -6.0
186329495,!V TRIAL_VAR Stim_Pos_Y_deg 5.0
186329501,FIX_ON TRIAL 16
186330183,GAZE_ACQUIRED TRIAL 16
186330550,FIX_OFF TRIAL 16
186330657,STIM_ON TRIAL 16
186330775,TARGET_ENTER TRIAL 16
186330865,STIM_OFF TRIAL 16
186330880,STIM_WINDOW_END TRIAL 16
186330882,REWARD TRIAL 16
186331146,!V TRIAL_VAR Status Success
186331146,!V TRIAL_VAR Subject_ID Monkey_H18
186331146,TRIAL_RESULT Success
186334207,TRIALID 17
186334208,!V TRIAL_VAR Subject_ID Monkey_H18
186334208,!V TRIAL_VAR Planned_Fixation_Duration_ms 643.8430213747231
186334208,!V TRIAL_VAR Fixation_Pos_X_deg -6.0
186334208,!V TRIAL_VAR Fixation_Pos_Y_deg 8.0
186334208,!V TRIAL_VAR Fixation_Point_Radius_deg 0.2
186334208,!V TRIAL_VAR Fix_Window_Radius_deg 2.0
186334208,!V TRIAL_VAR Stim_Pos_X_deg 9.0
186334208,!V TRIAL_VAR Stim_Pos_Y_deg -1.0
186334208,!V TRIAL_VAR Stim_Window_Radius_deg 2.5
186334208,!V TRIAL_VAR Stim_Major_Axis_deg 0.3
186334208,!V TRIAL_VAR Stim_Minor_Axis_deg 0.3
186334208,!V TRIAL_VAR Stim_Orientation_deg 0.0
186334208,!V TRIAL_VAR Gap_Duration_ms 100.0
186334208,!V TRIAL_VAR Stim_Duration_ms 200.0
186334208,!V TRIAL_VAR Stim_Hold_Time_ms 100.0
186334209,!V TRIAL_VAR Condition_ID C000015
186334209,!V TRIAL_VAR Is_Control False
186334209,!V TRIAL_VAR Stim_Color_Name Gray
186334209,!V TRIAL_VAR Stim_Intensity_Level 60
186334209,!V TRIAL_VAR Stim_Pos_X_deg 9.0
186334209,!V TRIAL_VAR Stim_Pos_Y_deg -1.0
186334214,FIX_ON TRIAL 17
186334954,GAZE_ACQUIRED TRIAL 17
186335443,FIX_OFF TRIAL 17
186335554,STIM_ON TRIAL 17
186335686,TARGET_ENTER TRIAL 17
186335761,STIM_OFF TRIAL 17
186335789,STIM_WINDOW_END TRIAL 17
186335793,REWARD TRIAL 17
186336057,!V TRIAL_VAR Status Success
186336057,!V TRIAL_VAR Subject_ID Monkey_H18
186336057,TRIAL_RESULT Success
186339118,TRIALID 18
186339118,!V TRIAL_VAR Subject_ID Monkey_H18
186339118,!V TRIAL_VAR Planned_Fixation_Duration_ms 331.24259427913086
186339118,!V TRIAL_VAR Fixation_Pos_X_deg -6.0
186339118,!V TRIAL_VAR Fixation_Pos_Y_deg 8.0
186339118,!V TRIAL_VAR Fixation_Point_Radius_deg 0.2
186339118,!V TRIAL_VAR Fix_Window_Radius_deg 2.0
186339118,!V TRIAL_VAR Stim_Pos_X_deg 3.0
186339118,!V TRIAL_VAR Stim_Pos_Y_deg 2.0
186339118,!V TRIAL_VAR Stim_Window_Radius_deg 2.5
186339118,!V TRIAL_VAR Stim_Major_Axis_deg 0.3
186339118,!V TRIAL_VAR Stim_Minor_Axis_deg 0.3
186339118,!V TRIAL_VAR Stim_Orientation_deg 0.0
186339118,!V TRIAL_VAR Gap_Duration_ms 100.0
186339118,!V TRIAL_VAR Stim_Duration_ms 200.0
186339118,!V TRIAL_VAR Stim_Hold_Time_ms 100.0
186339119,!V TRIAL_VAR Condition_ID C000016
186339119,!V TRIAL_VAR Is_Control False
186339119,!V TRIAL_VAR Stim_Color_Name Gray
186339119,!V TRIAL_VAR Stim_Intensity_Level 180
186339119,!V TRIAL_VAR Stim_Pos_X_deg 3.0
186339119,!V TRIAL_VAR Stim_Pos_Y_deg 2.0
186339125,FIX_ON TRIAL 18
186341136,FIX_OFF TRIAL 18
186341140,!V TRIAL_VAR Status nofix_1
186341140,!V TRIAL_VAR Subject_ID Monkey_H18
186341140,TRIAL_RESULT nofix_1
186344208,TRIALID 19
186344208,!V TRIAL_VAR Subject_ID Monkey_H18
186344208,!V TRIAL_VAR Planned_Fixation_Duration_ms 401.76633187403723
186344208,!V TRIAL_VAR Fixation_Pos_X_deg -6.0
186344208,!V TRIAL_VAR Fixation_Pos_Y_deg 8.0
186344208,!V TRIAL_VAR Fixation_Point_Radius_deg 0.2
186344208,!V TRIAL_VAR Fix_Window_Radius_deg 2.0
186344208,!V TRIAL_VAR Stim_Pos_X_deg 3.0
186344208,!V TRIAL_VAR Stim_Pos_Y_deg 2.0
186344208,!V TRIAL_VAR Stim_Window_Radius_deg 2.5
186344208,!V TRIAL_VAR Stim_Major_Axis_deg 0.3
186344208,!V TRIAL_VAR Stim_Minor_Axis_deg 0.3
186344208,!V TRIAL_VAR Stim_Orientation_deg 0.0
186344208,!V TRIAL_VAR Gap_Duration_ms 100.0
186344208,!V TRIAL_VAR Stim_Duration_ms 200.0
186344208,!V TRIAL_VAR Stim_Hold_Time_ms 100.0
186344208,!V TRIAL_VAR Condition_ID C000016
186344211,ERROR MESSAGES LOST 5
186344211,FIX_ON TRIAL 19
186344565,GAZE_ACQUIRED TRIAL 19
186344818,FIX_OFF TRIAL 19
186344925,STIM_ON TRIAL 19
186345043,TARGET_ENTER TRIAL 19
186345132,STIM_OFF TRIAL 19
186345154,STIM_WINDOW_END TRIAL 19
186345157,REWARD TRIAL 19
186345420,!V TRIAL_VAR Status Success
186345420,!V TRIAL_VAR Subject_ID Monkey_H18
186345420,TRIAL_RESULT Success
186348486,TRIALID 20
186348486,!V TRIAL_VAR Subject_ID Monkey_H18
186348486,!V TRIAL_VAR Planned_Fixation_Duration_ms 765.8589712823731
186348486,!V TRIAL_VAR Fixation_Pos_X_deg -6.0
186348486,!V TRIAL_VAR Fixation_Pos_Y_deg 8.0
186348486,!V TRIAL_VAR Fixation_Point_Radius_deg 0.2
186348486,!V TRIAL_VAR Fix_Window_Radius_deg 2.0
186348486,!V TRIAL_VAR Stim_Pos_X_deg 3.0
186348486,!V TRIAL_VAR Stim_Pos_Y_deg -7.0
186348486,!V TRIAL_VAR Stim_Window_Radius_deg 2.5
186348486,!V TRIAL_VAR Stim_Major_Axis_deg 0.3
186348486,!V TRIAL_VAR Stim_Minor_Axis_deg 0.3
186348486,!V TRIAL_VAR Stim_Orientation_deg 0.0
186348486,!V TRIAL_VAR Gap_Duration_ms 100.0
186348486,!V TRIAL_VAR Stim_Duration_ms 200.0
186348486,!V TRIAL_VAR Stim_Hold_Time_ms 100.0
186348487,!V TRIAL_VAR Condition_ID C000017
186348488,!V TRIAL_VAR Is_Control False
186348488,!V TRIAL_VAR Stim_Color_Name Gray
186348488,!V TRIAL_VAR Stim_Intensity_Level 180
186348488,!V TRIAL_VAR Stim_Pos_X_deg 3.0
186348488,!V TRIAL_VAR Stim_Pos_Y_deg -7.0
186348494,FIX_ON TRIAL 20
186350504,FIX_OFF TRIAL 20
186350507,!V TRIAL_VAR Status nofix_1
186350507,!V TRIAL_VAR Subject_ID Monkey_H18
186350507,TRIAL_RESULT nofix_1
186353553,TRIALID 21
186353553,!V TRIAL_VAR Subject_ID Monkey_H18
186353553,!V TRIAL_VAR Planned_Fixation_Duration_ms 474.21759290118143
186353553,!V TRIAL_VAR Fixation_Pos_X_deg -6.0
186353553,!V TRIAL_VAR Fixation_Pos_Y_deg 8.0
186353553,!V TRIAL_VAR Fixation_Point_Radius_deg 0.2
186353553,!V TRIAL_VAR Fix_Window_Radius_deg 2.0
186353553,!V TRIAL_VAR Stim_Pos_X_deg 3.0
186353553,!V TRIAL_VAR Stim_Pos_Y_deg -7.0
186353553,!V TRIAL_VAR Stim_Window_Radius_deg 2.5
186353553,!V TRIAL_VAR Stim_Major_Axis_deg 0.3
186353553,!V TRIAL_VAR Stim_Minor_Axis_deg 0.3
186353553,!V TRIAL_VAR Stim_Orientation_deg 0.0
186353553,!V TRIAL_VAR Gap_Duration_ms 100.0
186353553,!V TRIAL_VAR Stim_Duration_ms 200.0
186353553,!V TRIAL_VAR Stim_Hold_Time_ms 100.0
186353553,!V TRIAL_VAR Condition_ID C000017
186353554,!V TRIAL_VAR Is_Control False
186353554,!V TRIAL_VAR Stim_Color_Name Gray
186353554,!V TRIAL_VAR Stim_Intensity_Level 180
186353554,!V TRIAL_VAR Stim_Pos_X_deg 3.0
186353554,!V TRIAL_VAR Stim_Pos_Y_deg -7.0
186353557,FIX_ON TRIAL 21
186355571,FIX_OFF TRIAL 21
186355575,!V TRIAL_VAR Status nofix_1
186355575,!V TRIAL_VAR Subject_ID Monkey_H18
186355575,TRIAL_RESULT nofix_1
186358624,TRIALID 22
186358625,!V TRIAL_VAR Subject_ID Monkey_H18
186358625,!V TRIAL_VAR Planned_Fixation_Duration_ms 776.1604281119753
186358625,!V TRIAL_VAR Fixation_Pos_X_deg -6.0
186358625,!V TRIAL_VAR Fixation_Pos_Y_deg 8.0
186358625,!V TRIAL_VAR Fixation_Point_Radius_deg 0.2
186358625,!V TRIAL_VAR Fix_Window_Radius_deg 2.0
186358625,!V TRIAL_VAR Stim_Pos_X_deg 3.0
186358625,!V TRIAL_VAR Stim_Pos_Y_deg -7.0
186358625,!V TRIAL_VAR Stim_Window_Radius_deg 2.5
186358625,!V TRIAL_VAR Stim_Major_Axis_deg 0.3
186358625,!V TRIAL_VAR Stim_Minor_Axis_deg 0.3
186358625,!V TRIAL_VAR Stim_Orientation_deg 0.0
186358625,!V TRIAL_VAR Gap_Duration_ms 100.0
186358625,!V TRIAL_VAR Stim_Duration_ms 200.0
186358625,!V TRIAL_VAR Stim_Hold_Time_ms 100.0
186358625,!V TRIAL_VAR Condition_ID C000017
186358625,!V TRIAL_VAR Is_Control False
186358625,!V TRIAL_VAR Stim_Color_Name Gray
186358625,!V TRIAL_VAR Stim_Intensity_Level 180
186358625,!V TRIAL_VAR Stim_Pos_X_deg 3.0
186358625,!V TRIAL_VAR Stim_Pos_Y_deg -7.0
186358630,FIX_ON TRIAL 22
186360639,FIX_OFF TRIAL 22
186360643,!V TRIAL_VAR Status nofix_1
186360643,!V TRIAL_VAR Subject_ID Monkey_H18
186360643,TRIAL_RESULT nofix_1
186363693,TRIALID 23
186363693,!V TRIAL_VAR Subject_ID Monkey_H18
186363693,!V TRIAL_VAR Planned_Fixation_Duration_ms 513.7406303814698
186363693,!V TRIAL_VAR Fixation_Pos_X_deg -6.0
186363693,!V TRIAL_VAR Fixation_Pos_Y_deg 8.0
186363693,!V TRIAL_VAR Fixation_Point_Radius_deg 0.2
186363693,!V TRIAL_VAR Fix_Window_Radius_deg 2.0
186363693,!V TRIAL_VAR Stim_Pos_X_deg 3.0
186363693,!V TRIAL_VAR Stim_Pos_Y_deg -7.0
186363693,!V TRIAL_VAR Stim_Window_Radius_deg 2.5
186363693,!V TRIAL_VAR Stim_Major_Axis_deg 0.3
186363693,!V TRIAL_VAR Stim_Minor_Axis_deg 0.3
186363693,!V TRIAL_VAR Stim_Orientation_deg 0.0
186363693,!V TRIAL_VAR Gap_Duration_ms 100.0
186363693,!V TRIAL_VAR Stim_Duration_ms 200.0
186363693,!V TRIAL_VAR Stim_Hold_Time_ms 100.0
186363694,!V TRIAL_VAR Condition_ID C000017
186363694,!V TRIAL_VAR Is_Control False
186363694,!V TRIAL_VAR Stim_Color_Name Gray
186363694,!V TRIAL_VAR Stim_Intensity_Level 180
186363694,!V TRIAL_VAR Stim_Pos_X_deg 3.0
186363694,!V TRIAL_VAR Stim_Pos_Y_deg -7.0
186363696,FIX_ON TRIAL 23
186365711,FIX_OFF TRIAL 23
186365715,!V TRIAL_VAR Status nofix_1
186365715,!V TRIAL_VAR Subject_ID Monkey_H18
186365715,TRIAL_RESULT nofix_1
186368766,TRIALID 24
186368766,!V TRIAL_VAR Subject_ID Monkey_H18
186368766,!V TRIAL_VAR Planned_Fixation_Duration_ms 728.1792775760341
186368766,!V TRIAL_VAR Fixation_Pos_X_deg -6.0
186368766,!V TRIAL_VAR Fixation_Pos_Y_deg 8.0
186368766,!V TRIAL_VAR Fixation_Point_Radius_deg 0.2
186368766,!V TRIAL_VAR Fix_Window_Radius_deg 2.0
186368766,!V TRIAL_VAR Stim_Pos_X_deg 3.0
186368766,!V TRIAL_VAR Stim_Pos_Y_deg -7.0
186368766,!V TRIAL_VAR Stim_Window_Radius_deg 2.5
186368766,!V TRIAL_VAR Stim_Major_Axis_deg 0.3
186368766,!V TRIAL_VAR Stim_Minor_Axis_deg 0.3
186368766,!V TRIAL_VAR Stim_Orientation_deg 0.0
186368766,!V TRIAL_VAR Gap_Duration_ms 100.0
186368766,!V TRIAL_VAR Stim_Duration_ms 200.0
186368766,!V TRIAL_VAR Stim_Hold_Time_ms 100.0
186368766,!V TRIAL_VAR Condition_ID C000017
186368773,ERROR MESSAGES LOST 5
186368773,FIX_ON TRIAL 24
186369108,GAZE_ACQUIRED TRIAL 24
186369693,FIX_OFF TRIAL 24
186369800,STIM_ON TRIAL 24
186369917,TARGET_ENTER TRIAL 24
186370007,STIM_OFF TRIAL 24
186370021,STIM_WINDOW_END TRIAL 24
186370025,REWARD TRIAL 24
186370288,!V TRIAL_VAR Status Success
186370288,!V TRIAL_VAR Subject_ID Monkey_H18
186370288,TRIAL_RESULT Success
186373332,TRIALID 25
186373332,!V TRIAL_VAR Subject_ID Monkey_H18
186373332,!V TRIAL_VAR Planned_Fixation_Duration_ms 581.607795628072
186373332,!V TRIAL_VAR Fixation_Pos_X_deg -6.0
186373332,!V TRIAL_VAR Fixation_Pos_Y_deg 8.0
186373332,!V TRIAL_VAR Fixation_Point_Radius_deg 0.2
186373332,!V TRIAL_VAR Fix_Window_Radius_deg 2.0
186373332,!V TRIAL_VAR Stim_Pos_X_deg 6.0
186373332,!V TRIAL_VAR Stim_Pos_Y_deg -10.0
186373332,!V TRIAL_VAR Stim_Window_Radius_deg 2.5
186373332,!V TRIAL_VAR Stim_Major_Axis_deg 0.3
186373332,!V TRIAL_VAR Stim_Minor_Axis_deg 0.3
186373332,!V TRIAL_VAR Stim_Orientation_deg 0.0
186373332,!V TRIAL_VAR Gap_Duration_ms 100.0
186373332,!V TRIAL_VAR Stim_Duration_ms 200.0
186373332,!V TRIAL_VAR Stim_Hold_Time_ms 100.0
186373333,!V TRIAL_VAR Condition_ID C000018
186373334,!V TRIAL_VAR Is_Control False
186373334,!V TRIAL_VAR Stim_Color_Name Gray
186373334,!V TRIAL_VAR Stim_Intensity_Level 120
186373334,!V TRIAL_VAR Stim_Pos_X_deg 6.0
186373334,!V TRIAL_VAR Stim_Pos_Y_deg -10.0
186373336,FIX_ON TRIAL 25
186374190,GAZE_ACQUIRED TRIAL 25
186374630,FIX_OFF TRIAL 25
186374736,STIM_ON TRIAL 25
186374868,TARGET_ENTER TRIAL 25
186374943,STIM_OFF TRIAL 25
186374972,STIM_WINDOW_END TRIAL 25
186374975,REWARD TRIAL 25
186375238,!V TRIAL_VAR Status Success
186375238,!V TRIAL_VAR Subject_ID Monkey_H18
186375238,TRIAL_RESULT Success
186378315,TRIALID 26
186378315,!V TRIAL_VAR Subject_ID Monkey_H18
186378315,!V TRIAL_VAR Planned_Fixation_Duration_ms 306.20996443774067
186378315,!V TRIAL_VAR Fixation_Pos_X_deg -6.0
186378315,!V TRIAL_VAR Fixation_Pos_Y_deg 8.0
186378315,!V TRIAL_VAR Fixation_Point_Radius_deg 0.2
186378315,!V TRIAL_VAR Fix_Window_Radius_deg 2.0
186378315,!V TRIAL_VAR Stim_Pos_X_deg 3.0
186378315,!V TRIAL_VAR Stim_Pos_Y_deg -4.0
186378315,!V TRIAL_VAR Stim_Window_Radius_deg 2.5
186378315,!V TRIAL_VAR Stim_Major_Axis_deg 0.3
186378315,!V TRIAL_VAR Stim_Minor_Axis_deg 0.3
186378315,!V TRIAL_VAR Stim_Orientation_deg 0.0
186378315,!V TRIAL_VAR Gap_Duration_ms 100.0
186378315,!V TRIAL_VAR Stim_Duration_ms 200.0
186378315,!V TRIAL_VAR Stim_Hold_Time_ms 100.0
186378316,!V TRIAL_VAR Condition_ID C000019
186378316,!V TRIAL_VAR Is_Control False
186378316,!V TRIAL_VAR Stim_Color_Name Gray
186378316,!V TRIAL_VAR Stim_Intensity_Level 150
186378316,!V TRIAL_VAR Stim_Pos_X_deg 3.0
186378316,!V TRIAL_VAR Stim_Pos_Y_deg -4.0
186378323,FIX_ON TRIAL 26
186380332,FIX_OFF TRIAL 26
186380336,!V TRIAL_VAR Status nofix_1
186380336,!V TRIAL_VAR Subject_ID Monkey_H18
186380336,TRIAL_RESULT nofix_1
186383385,TRIALID 27
186383385,!V TRIAL_VAR Subject_ID Monkey_H18
186383385,!V TRIAL_VAR Planned_Fixation_Duration_ms 718.331353022269
186383385,!V TRIAL_VAR Fixation_Pos_X_deg -6.0
186383385,!V TRIAL_VAR Fixation_Pos_Y_deg 8.0
186383385,!V TRIAL_VAR Fixation_Point_Radius_deg 0.2
186383385,!V TRIAL_VAR Fix_Window_Radius_deg 2.0
186383385,!V TRIAL_VAR Stim_Pos_X_deg 3.0
186383385,!V TRIAL_VAR Stim_Pos_Y_deg -4.0
186383385,!V TRIAL_VAR Stim_Window_Radius_deg 2.5
186383385,!V TRIAL_VAR Stim_Major_Axis_deg 0.3
186383385,!V TRIAL_VAR Stim_Minor_Axis_deg 0.3
186383385,!V TRIAL_VAR Stim_Orientation_deg 0.0
186383385,!V TRIAL_VAR Gap_Duration_ms 100.0
186383385,!V TRIAL_VAR Stim_Duration_ms 200.0
186383385,!V TRIAL_VAR Stim_Hold_Time_ms 100.0
186383386,!V TRIAL_VAR Condition_ID C000019
186383386,!V TRIAL_VAR Is_Control False
186383386,!V TRIAL_VAR Stim_Color_Name Gray
186383386,!V TRIAL_VAR Stim_Intensity_Level 150
186383386,!V TRIAL_VAR Stim_Pos_X_deg 3.0
186383386,!V TRIAL_VAR Stim_Pos_Y_deg -4.0
186383390,FIX_ON TRIAL 27
186383830,GAZE_ACQUIRED TRIAL 27
186384404,FIX_OFF TRIAL 27
186384511,STIM_ON TRIAL 27
186384629,TARGET_ENTER TRIAL 27
186384718,STIM_OFF TRIAL 27
186384732,STIM_WINDOW_END TRIAL 27
186384736,REWARD TRIAL 27
186384999,!V TRIAL_VAR Status Success
186384999,!V TRIAL_VAR Subject_ID Monkey_H18
186384999,TRIAL_RESULT Success
186388049,TRIALID 28
186388049,!V TRIAL_VAR Subject_ID Monkey_H18
186388049,!V TRIAL_VAR Planned_Fixation_Duration_ms 386.22881976711784
186388049,!V TRIAL_VAR Fixation_Pos_X_deg -6.0
186388049,!V TRIAL_VAR Fixation_Pos_Y_deg 8.0
186388049,!V TRIAL_VAR Fixation_Point_Radius_deg 0.2
186388049,!V TRIAL_VAR Fix_Window_Radius_deg 2.0
186388049,!V TRIAL_VAR Stim_Pos_X_deg 12.0
186388049,!V TRIAL_VAR Stim_Pos_Y_deg 5.0
186388049,!V TRIAL_VAR Stim_Window_Radius_deg 2.5
186388049,!V TRIAL_VAR Stim_Major_Axis_deg 0.3
186388049,!V TRIAL_VAR Stim_Minor_Axis_deg 0.3
186388049,!V TRIAL_VAR Stim_Orientation_deg 0.0
186388049,!V TRIAL_VAR Gap_Duration_ms 100.0
186388049,!V TRIAL_VAR Stim_Duration_ms 200.0
186388049,!V TRIAL_VAR Stim_Hold_Time_ms 100.0
186388054,ERROR MESSAGES LOST 6
186388054,FIX_ON TRIAL 28
186388708,GAZE_ACQUIRED TRIAL 28
186388954,FIX_OFF TRIAL 28
186389061,STIM_ON TRIAL 28
186389179,TARGET_ENTER TRIAL 28
186389268,STIM_OFF TRIAL 28
186389290,STIM_WINDOW_END TRIAL 28
186389293,REWARD TRIAL 28
186389556,!V TRIAL_VAR Status Success
186389556,!V TRIAL_VAR Subject_ID Monkey_H18
186389556,TRIAL_RESULT Success
186392603,TRIALID 29
186392604,!V TRIAL_VAR Subject_ID Monkey_H18
186392604,!V TRIAL_VAR Planned_Fixation_Duration_ms 527.1509336013892
186392604,!V TRIAL_VAR Fixation_Pos_X_deg -6.0
186392604,!V TRIAL_VAR Fixation_Pos_Y_deg 8.0
186392604,!V TRIAL_VAR Fixation_Point_Radius_deg 0.2
186392604,!V TRIAL_VAR Fix_Window_Radius_deg 2.0
186392604,!V TRIAL_VAR Stim_Pos_X_deg 12.0
186392604,!V TRIAL_VAR Stim_Pos_Y_deg 8.0
186392604,!V TRIAL_VAR Stim_Window_Radius_deg 2.5
186392604,!V TRIAL_VAR Stim_Major_Axis_deg 0.3
186392604,!V TRIAL_VAR Stim_Minor_Axis_deg 0.3
186392604,!V TRIAL_VAR Stim_Orientation_deg 0.0
186392604,!V TRIAL_VAR Gap_Duration_ms 100.0
186392604,!V TRIAL_VAR Stim_Duration_ms 200.0
186392604,!V TRIAL_VAR Stim_Hold_Time_ms 100.0
186392604,!V TRIAL_VAR Condition_ID C000021
186392604,!V TRIAL_VAR Is_Control False
186392604,!V TRIAL_VAR Stim_Color_Name Gray
186392604,!V TRIAL_VAR Stim_Intensity_Level 120
186392604,!V TRIAL_VAR Stim_Pos_X_deg 12.0
186392604,!V TRIAL_VAR Stim_Pos_Y_deg 8.0
186392607,FIX_ON TRIAL 29
186393054,GAZE_ACQUIRED TRIAL 29
186393429,FIX_OFF TRIAL 29
186393536,STIM_ON TRIAL 29
186393726,TARGET_ENTER TRIAL 29
186393743,STIM_OFF TRIAL 29
186393830,STIM_WINDOW_END TRIAL 29
186393834,REWARD TRIAL 29
186394096,!V TRIAL_VAR Status Success
186394096,!V TRIAL_VAR Subject_ID Monkey_H18
186394096,TRIAL_RESULT Success
186397139,TRIALID 30
186397139,!V TRIAL_VAR Subject_ID Monkey_H18
186397139,!V TRIAL_VAR Planned_Fixation_Duration_ms 370.310109029063
186397139,!V TRIAL_VAR Fixation_Pos_X_deg -6.0
186397139,!V TRIAL_VAR Fixation_Pos_Y_deg 8.0
186397139,!V TRIAL_VAR Fixation_Point_Radius_deg 0.2
186397139,!V TRIAL_VAR Fix_Window_Radius_deg 2.0
186397139,!V TRIAL_VAR Stim_Pos_X_deg 6.0
186397139,!V TRIAL_VAR Stim_Pos_Y_deg -1.0
186397139,!V TRIAL_VAR Stim_Window_Radius_deg 2.5
186397139,!V TRIAL_VAR Stim_Major_Axis_deg 0.3
186397139,!V TRIAL_VAR Stim_Minor_Axis_deg 0.3
186397139,!V TRIAL_VAR Stim_Orientation_deg 0.0
186397139,!V TRIAL_VAR Gap_Duration_ms 100.0
186397139,!V TRIAL_VAR Stim_Duration_ms 200.0
186397139,!V TRIAL_VAR Stim_Hold_Time_ms 100.0
186397140,!V TRIAL_VAR Condition_ID C000022
186397140,!V TRIAL_VAR Is_Control False
186397140,!V TRIAL_VAR Stim_Color_Name Gray
186397140,!V TRIAL_VAR Stim_Intensity_Level 60
186397140,!V TRIAL_VAR Stim_Pos_X_deg 6.0
186397140,!V TRIAL_VAR Stim_Pos_Y_deg -1.0
186397143,FIX_ON TRIAL 30
186397597,GAZE_ACQUIRED TRIAL 30
186397822,FIX_OFF TRIAL 30
186397929,STIM_ON TRIAL 30
186398047,TARGET_ENTER TRIAL 30
186398136,STIM_OFF TRIAL 30
186398150,STIM_WINDOW_END TRIAL 30
186398154,REWARD TRIAL 30
186398416,!V TRIAL_VAR Status Success
186398416,!V TRIAL_VAR Subject_ID Monkey_H18
186398416,TRIAL_RESULT Success
186401464,TRIALID 31
186401465,!V TRIAL_VAR Subject_ID Monkey_H18
186401465,!V TRIAL_VAR Planned_Fixation_Duration_ms 653.4499670666804
186401465,!V TRIAL_VAR Fixation_Pos_X_deg -6.0
186401465,!V TRIAL_VAR Fixation_Pos_Y_deg 8.0
186401465,!V TRIAL_VAR Fixation_Point_Radius_deg 0.2
186401465,!V TRIAL_VAR Fix_Window_Radius_deg 2.0
186401465,!V TRIAL_VAR Stim_Pos_X_deg 9.0
186401465,!V TRIAL_VAR Stim_Pos_Y_deg 5.0
186401465,!V TRIAL_VAR Stim_Window_Radius_deg 2.5
186401465,!V TRIAL_VAR Stim_Major_Axis_deg 0.3
186401465,!V TRIAL_VAR Stim_Minor_Axis_deg 0.3
186401465,!V TRIAL_VAR Stim_Orientation_deg 0.0
186401465,!V TRIAL_VAR Gap_Duration_ms 100.0
186401465,!V TRIAL_VAR Stim_Duration_ms 200.0
186401465,!V TRIAL_VAR Stim_Hold_Time_ms 100.0
186401466,!V TRIAL_VAR Condition_ID C000023
186401466,!V TRIAL_VAR Is_Control False
186401466,!V TRIAL_VAR Stim_Color_Name Gray
186401466,!V TRIAL_VAR Stim_Intensity_Level 90
186401466,!V TRIAL_VAR Stim_Pos_X_deg 9.0
186401466,!V TRIAL_VAR Stim_Pos_Y_deg 5.0
186401472,FIX_ON TRIAL 31
186401890,GAZE_ACQUIRED TRIAL 31
186402393,FIX_OFF TRIAL 31
186402500,STIM_ON TRIAL 31
186402661,TARGET_ENTER TRIAL 31
186402707,STIM_OFF TRIAL 31
186402764,STIM_WINDOW_END TRIAL 31
186402768,REWARD TRIAL 31
186403030,!V TRIAL_VAR Status Success
186403030,!V TRIAL_VAR Subject_ID Monkey_H18
186403030,TRIAL_RESULT Success
186406075,TRIALID 32
186406076,!V TRIAL_VAR Subject_ID Monkey_H18
186406076,!V TRIAL_VAR Planned_Fixation_Duration_ms 430.581028408549
186406076,!V TRIAL_VAR Fixation_Pos_X_deg -6.0
186406076,!V TRIAL_VAR Fixation_Pos_Y_deg 8.0
186406076,!V TRIAL_VAR Fixation_Point_Radius_deg 0.2
186406076,!V TRIAL_VAR Fix_Window_Radius_deg 2.0
186406076,!V TRIAL_VAR Stim_Pos_X_deg -6.0
186406076,!V TRIAL_VAR Stim_Pos_Y_deg -1.0
186406076,!V TRIAL_VAR Stim_Window_Radius_deg 2.5
186406076,!V TRIAL_VAR Stim_Major_Axis_deg 0.3
186406076,!V TRIAL_VAR Stim_Minor_Axis_deg 0.3
186406076,!V TRIAL_VAR Stim_Orientation_deg 0.0
186406076,!V TRIAL_VAR Gap_Duration_ms 100.0
186406076,!V TRIAL_VAR Stim_Duration_ms 200.0
186406076,!V TRIAL_VAR Stim_Hold_Time_ms 100.0
186406076,!V TRIAL_VAR Condition_ID C000024
186406077,!V TRIAL_VAR Is_Control False
186406077,!V TRIAL_VAR Stim_Color_Name Gray
186406077,!V TRIAL_VAR Stim_Intensity_Level 150
186406077,!V TRIAL_VAR Stim_Pos_X_deg -6.0
186406077,!V TRIAL_VAR Stim_Pos_Y_deg -1.0
186406079,FIX_ON TRIAL 32
186407747,GAZE_ACQUIRED TRIAL 32
186408036,FIX_OFF TRIAL 32
186408143,STIM_ON TRIAL 32
186408261,TARGET_ENTER TRIAL 32
186408350,STIM_OFF TRIAL 32
186408364,STIM_WINDOW_END TRIAL 32
186408368,REWARD TRIAL 32
186408633,!V TRIAL_VAR Status Success
186408633,!V TRIAL_VAR Subject_ID Monkey_H18
186408633,TRIAL_RESULT Success
186411683,TRIALID 33
186411684,!V TRIAL_VAR Subject_ID Monkey_H18
186411684,!V TRIAL_VAR Planned_Fixation_Duration_ms 727.1557232593585
186411684,!V TRIAL_VAR Fixation_Pos_X_deg -6.0
186411684,!V TRIAL_VAR Fixation_Pos_Y_deg 8.0
186411684,!V TRIAL_VAR Fixation_Point_Radius_deg 0.2
186411684,!V TRIAL_VAR Fix_Window_Radius_deg 2.0
186411684,!V TRIAL_VAR Stim_Pos_X_deg -3.0
186411684,!V TRIAL_VAR Stim_Pos_Y_deg -7.0
186411684,!V TRIAL_VAR Stim_Window_Radius_deg 2.5
186411684,!V TRIAL_VAR Stim_Major_Axis_deg 0.3
186411684,!V TRIAL_VAR Stim_Minor_Axis_deg 0.3
186411684,!V TRIAL_VAR Stim_Orientation_deg 0.0
186411684,!V TRIAL_VAR Gap_Duration_ms 100.0
186411684,!V TRIAL_VAR Stim_Duration_ms 200.0
186411684,!V TRIAL_VAR Stim_Hold_Time_ms 100.0
186411685,!V TRIAL_VAR Condition_ID C000025
186411685,!V TRIAL_VAR Is_Control False
186411685,!V TRIAL_VAR Stim_Color_Name Gray
186411685,!V TRIAL_VAR Stim_Intensity_Level 60
186411685,!V TRIAL_VAR Stim_Pos_X_deg -3.0
186411685,!V TRIAL_VAR Stim_Pos_Y_deg -7.0
186411690,FIX_ON TRIAL 33
186413704,FIX_OFF TRIAL 33
186413708,!V TRIAL_VAR Status nofix_1
186413708,!V TRIAL_VAR Subject_ID Monkey_H18
186413708,TRIAL_RESULT nofix_1
186416758,TRIALID 34
186416759,!V TRIAL_VAR Subject_ID Monkey_H18
186416759,!V TRIAL_VAR Planned_Fixation_Duration_ms 772.1357410296114
186416759,!V TRIAL_VAR Fixation_Pos_X_deg -6.0
186416759,!V TRIAL_VAR Fixation_Pos_Y_deg 8.0
186416759,!V TRIAL_VAR Fixation_Point_Radius_deg 0.2
186416759,!V TRIAL_VAR Fix_Window_Radius_deg 2.0
186416759,!V TRIAL_VAR Stim_Pos_X_deg -3.0
186416759,!V TRIAL_VAR Stim_Pos_Y_deg -7.0
186416759,!V TRIAL_VAR Stim_Window_Radius_deg 2.5
186416759,!V TRIAL_VAR Stim_Major_Axis_deg 0.3
186416759,!V TRIAL_VAR Stim_Minor_Axis_deg 0.3
186416759,!V TRIAL_VAR Stim_Orientation_deg 0.0
186416759,!V TRIAL_VAR Gap_Duration_ms 100.0
186416759,!V TRIAL_VAR Stim_Duration_ms 200.0
186416759,!V TRIAL_VAR Stim_Hold_Time_ms 100.0
186416759,!V TRIAL_VAR Condition_ID C000025
186416760,!V TRIAL_VAR Is_Control False
186416760,!V TRIAL_VAR Stim_Color_Name Gray
186416760,!V TRIAL_VAR Stim_Intensity_Level 60
186416760,!V TRIAL_VAR Stim_Pos_X_deg -3.0
186416760,!V TRIAL_VAR Stim_Pos_Y_deg -7.0
186416764,FIX_ON TRIAL 34
186418779,FIX_OFF TRIAL 34
186418783,!V TRIAL_VAR Status nofix_1
186418783,!V TRIAL_VAR Subject_ID Monkey_H18
186418783,TRIAL_RESULT nofix_1
186421834,TRIALID 35
186421834,!V TRIAL_VAR Subject_ID Monkey_H18
186421834,!V TRIAL_VAR Planned_Fixation_Duration_ms 307.40577738114126
186421834,!V TRIAL_VAR Fixation_Pos_X_deg -6.0
186421834,!V TRIAL_VAR Fixation_Pos_Y_deg 8.0
186421834,!V TRIAL_VAR Fixation_Point_Radius_deg 0.2
186421834,!V TRIAL_VAR Fix_Window_Radius_deg 2.0
186421834,!V TRIAL_VAR Stim_Pos_X_deg -3.0
186421834,!V TRIAL_VAR Stim_Pos_Y_deg -7.0
186421834,!V TRIAL_VAR Stim_Window_Radius_deg 2.5
186421834,!V TRIAL_VAR Stim_Major_Axis_deg 0.3
186421834,!V TRIAL_VAR Stim_Minor_Axis_deg 0.3
186421834,!V TRIAL_VAR Stim_Orientation_deg 0.0
186421834,!V TRIAL_VAR Gap_Duration_ms 100.0
186421834,!V TRIAL_VAR Stim_Duration_ms 200.0
186421834,!V TRIAL_VAR Stim_Hold_Time_ms 100.0
186421835,!V TRIAL_VAR Condition_ID C000025
186421835,!V TRIAL_VAR Is_Control False
186421835,!V TRIAL_VAR Stim_Color_Name Gray
186421835,!V TRIAL_VAR Stim_Intensity_Level 60
186421835,!V TRIAL_VAR Stim_Pos_X_deg -3.0
186421835,!V TRIAL_VAR Stim_Pos_Y_deg -7.0
186421840,FIX_ON TRIAL 35
186423854,FIX_OFF TRIAL 35
186423858,!V TRIAL_VAR Status nofix_1
186423858,!V TRIAL_VAR Subject_ID Monkey_H18
186423858,TRIAL_RESULT nofix_1
186426907,TRIALID 36
186426907,!V TRIAL_VAR Subject_ID Monkey_H18
186426907,!V TRIAL_VAR Planned_Fixation_Duration_ms 689.998659490872
186426907,!V TRIAL_VAR Fixation_Pos_X_deg -6.0
186426907,!V TRIAL_VAR Fixation_Pos_Y_deg 8.0
186426907,!V TRIAL_VAR Fixation_Point_Radius_deg 0.2
186426907,!V TRIAL_VAR Fix_Window_Radius_deg 2.0
186426907,!V TRIAL_VAR Stim_Pos_X_deg -3.0
186426907,!V TRIAL_VAR Stim_Pos_Y_deg -7.0
186426907,!V TRIAL_VAR Stim_Window_Radius_deg 2.5
186426907,!V TRIAL_VAR Stim_Major_Axis_deg 0.3
186426907,!V TRIAL_VAR Stim_Minor_Axis_deg 0.3
186426907,!V TRIAL_VAR Stim_Orientation_deg 0.0
186426907,!V TRIAL_VAR Gap_Duration_ms 100.0
186426907,!V TRIAL_VAR Stim_Duration_ms 200.0
186426907,!V TRIAL_VAR Stim_Hold_Time_ms 100.0
186426908,!V TRIAL_VAR Condition_ID C000025
186426909,!V TRIAL_VAR Is_Control False
186426909,!V TRIAL_VAR Stim_Color_Name Gray
186426909,!V TRIAL_VAR Stim_Intensity_Level 60
186426909,!V TRIAL_VAR Stim_Pos_X_deg -3.0
186426909,!V TRIAL_VAR Stim_Pos_Y_deg -7.0
186426914,FIX_ON TRIAL 36
186427297,GAZE_ACQUIRED TRIAL 36
186427436,FIX_OFF TRIAL 36
186427941,!V TRIAL_VAR Status Break_1
186427941,!V TRIAL_VAR Subject_ID Monkey_H18
186427941,TRIAL_RESULT Break_1
186430995,TRIALID 37
186430995,!V TRIAL_VAR Subject_ID Monkey_H18
186430995,!V TRIAL_VAR Planned_Fixation_Duration_ms 613.7574970338175
186430995,!V TRIAL_VAR Fixation_Pos_X_deg -6.0
186430995,!V TRIAL_VAR Fixation_Pos_Y_deg 8.0
186430995,!V TRIAL_VAR Fixation_Point_Radius_deg 0.2
186430995,!V TRIAL_VAR Fix_Window_Radius_deg 2.0
186430995,!V TRIAL_VAR Stim_Pos_X_deg -3.0
186430995,!V TRIAL_VAR Stim_Pos_Y_deg -7.0
186430995,!V TRIAL_VAR Stim_Window_Radius_deg 2.5
186430995,!V TRIAL_VAR Stim_Major_Axis_deg 0.3
186430995,!V TRIAL_VAR Stim_Minor_Axis_deg 0.3
186430995,!V TRIAL_VAR Stim_Orientation_deg 0.0
186430995,!V TRIAL_VAR Gap_Duration_ms 100.0
186430995,!V TRIAL_VAR Stim_Duration_ms 200.0
186430995,!V TRIAL_VAR Stim_Hold_Time_ms 100.0
186430995,!V TRIAL_VAR Condition_ID C000025
186431001,ERROR MESSAGES LOST 5
186431001,FIX_ON TRIAL 37
186433015,FIX_OFF TRIAL 37
186433018,!V TRIAL_VAR Status nofix_1
186433018,!V TRIAL_VAR Subject_ID Monkey_H18
186433018,TRIAL_RESULT nofix_1
186436067,TRIALID 38
186436068,!V TRIAL_VAR Subject_ID Monkey_H18
186436068,!V TRIAL_VAR Planned_Fixation_Duration_ms 305.6999572338217
186436068,!V TRIAL_VAR Fixation_Pos_X_deg -6.0
186436068,!V TRIAL_VAR Fixation_Pos_Y_deg 8.0
186436068,!V TRIAL_VAR Fixation_Point_Radius_deg 0.2
186436068,!V TRIAL_VAR Fix_Window_Radius_deg 2.0
186436068,!V TRIAL_VAR Stim_Pos_X_deg -3.0
186436068,!V TRIAL_VAR Stim_Pos_Y_deg -7.0
186436068,!V TRIAL_VAR Stim_Window_Radius_deg 2.5
186436068,!V TRIAL_VAR Stim_Major_Axis_deg 0.3
186436068,!V TRIAL_VAR Stim_Minor_Axis_deg 0.3
186436068,!V TRIAL_VAR Stim_Orientation_deg 0.0
186436068,!V TRIAL_VAR Gap_Duration_ms 100.0
186436068,!V TRIAL_VAR Stim_Duration_ms 200.0
186436068,!V TRIAL_VAR Stim_Hold_Time_ms 100.0
186436068,!V TRIAL_VAR Condition_ID C000025
186436069,!V TRIAL_VAR Is_Control False
186436069,!V TRIAL_VAR Stim_Color_Name Gray
186436069,!V TRIAL_VAR Stim_Intensity_Level 60
186436069,!V TRIAL_VAR Stim_Pos_X_deg -3.0
186436069,!V TRIAL_VAR Stim_Pos_Y_deg -7.0
186436072,FIX_ON TRIAL 38
186437304,GAZE_ACQUIRED TRIAL 38
186437443,FIX_OFF TRIAL 38
186437948,!V TRIAL_VAR Status Break_1
186437948,!V TRIAL_VAR Subject_ID Monkey_H18
186437948,TRIAL_RESULT Break_1
186440996,TRIALID 39
186440996,!V TRIAL_VAR Subject_ID Monkey_H18
186440996,!V TRIAL_VAR Planned_Fixation_Duration_ms 488.12734758923943
186440996,!V TRIAL_VAR Fixation_Pos_X_deg -6.0
186440996,!V TRIAL_VAR Fixation_Pos_Y_deg 8.0
186440996,!V TRIAL_VAR Fixation_Point_Radius_deg 0.2
186440996,!V TRIAL_VAR Fix_Window_Radius_deg 2.0
186440996,!V TRIAL_VAR Stim_Pos_X_deg -3.0
186440996,!V TRIAL_VAR Stim_Pos_Y_deg -7.0
186440996,!V TRIAL_VAR Stim_Window_Radius_deg 2.5
186440996,!V TRIAL_VAR Stim_Major_Axis_deg 0.3
186440996,!V TRIAL_VAR Stim_Minor_Axis_deg 0.3
186440996,!V TRIAL_VAR Stim_Orientation_deg 0.0
186440996,!V TRIAL_VAR Gap_Duration_ms 100.0
186440996,!V TRIAL_VAR Stim_Duration_ms 200.0
186440996,!V TRIAL_VAR Stim_Hold_Time_ms 100.0
186440997,!V TRIAL_VAR Condition_ID C000025
186440997,!V TRIAL_VAR Is_Control False
186440997,!V TRIAL_VAR Stim_Color_Name Gray
186440997,!V TRIAL_VAR Stim_Intensity_Level 60
186440997,!V TRIAL_VAR Stim_Pos_X_deg -3.0
186440997,!V TRIAL_VAR Stim_Pos_Y_deg -7.0
186441001,FIX_ON TRIAL 39
186443015,FIX_OFF TRIAL 39
186443018,!V TRIAL_VAR Status nofix_1
186443018,!V TRIAL_VAR Subject_ID Monkey_H18
186443018,TRIAL_RESULT nofix_1
186451663,TRIALID 40
186451663,!V TRIAL_VAR Subject_ID Monkey_H18
186451663,!V TRIAL_VAR Planned_Fixation_Duration_ms 642.2408641437645
186451663,!V TRIAL_VAR Fixation_Pos_X_deg -6.0
186451663,!V TRIAL_VAR Fixation_Pos_Y_deg 8.0
186451663,!V TRIAL_VAR Fixation_Point_Radius_deg 0.2
186451663,!V TRIAL_VAR Fix_Window_Radius_deg 2.0
186451663,!V TRIAL_VAR Stim_Pos_X_deg -3.0
186451663,!V TRIAL_VAR Stim_Pos_Y_deg -7.0
186451663,!V TRIAL_VAR Stim_Window_Radius_deg 2.5
186451663,!V TRIAL_VAR Stim_Major_Axis_deg 0.3
186451663,!V TRIAL_VAR Stim_Minor_Axis_deg 0.3
186451663,!V TRIAL_VAR Stim_Orientation_deg 0.0
186451663,!V TRIAL_VAR Gap_Duration_ms 100.0
186451664,!V TRIAL_VAR Stim_Duration_ms 200.0
186451664,!V TRIAL_VAR Stim_Hold_Time_ms 100.0
186451664,!V TRIAL_VAR Condition_ID C000025
186451665,!V TRIAL_VAR Is_Control False
186451665,!V TRIAL_VAR Stim_Color_Name Gray
186451665,!V TRIAL_VAR Stim_Intensity_Level 60
186451665,!V TRIAL_VAR Stim_Pos_X_deg -3.0
186451665,!V TRIAL_VAR Stim_Pos_Y_deg -7.0
186451668,FIX_ON TRIAL 40
186453683,FIX_OFF TRIAL 40
186453687,!V TRIAL_VAR Status nofix_1
186453687,!V TRIAL_VAR Subject_ID Monkey_H18
186453687,TRIAL_RESULT nofix_1
186456736,TRIALID 41
186456736,!V TRIAL_VAR Subject_ID Monkey_H18
186456736,!V TRIAL_VAR Planned_Fixation_Duration_ms 483.84204645001296
186456736,!V TRIAL_VAR Fixation_Pos_X_deg -6.0
186456736,!V TRIAL_VAR Fixation_Pos_Y_deg 8.0
186456736,!V TRIAL_VAR Fixation_Point_Radius_deg 0.2
186456736,!V TRIAL_VAR Fix_Window_Radius_deg 2.0
186456736,!V TRIAL_VAR Stim_Pos_X_deg -3.0
186456736,!V TRIAL_VAR Stim_Pos_Y_deg -7.0
186456736,!V TRIAL_VAR Stim_Window_Radius_deg 2.5
186456736,!V TRIAL_VAR Stim_Major_Axis_deg 0.3
186456736,!V TRIAL_VAR Stim_Minor_Axis_deg 0.3
186456736,!V TRIAL_VAR Stim_Orientation_deg 0.0
186456736,!V TRIAL_VAR Gap_Duration_ms 100.0
186456736,!V TRIAL_VAR Stim_Duration_ms 200.0
186456736,!V TRIAL_VAR Stim_Hold_Time_ms 100.0
186456737,!V TRIAL_VAR Condition_ID C000025
186456737,!V TRIAL_VAR Is_Control False
186456737,!V TRIAL_VAR Stim_Color_Name Gray
186456737,!V TRIAL_VAR Stim_Intensity_Level 60
186456737,!V TRIAL_VAR Stim_Pos_X_deg -3.0
186456737,!V TRIAL_VAR Stim_Pos_Y_deg -7.0
186456744,FIX_ON TRIAL 41
186457144,GAZE_ACQUIRED TRIAL 41
186457482,FIX_OFF TRIAL 41
186457590,STIM_ON TRIAL 41
186457797,STIM_OFF TRIAL 41
186457880,TARGET_ENTER TRIAL 41
186458004,STIM_WINDOW_END TRIAL 41
186458008,REWARD TRIAL 41
186458271,!V TRIAL_VAR Status Success
186458271,!V TRIAL_VAR Subject_ID Monkey_H18
186458271,TRIAL_RESULT Success
186470546,TRIALID 42
186470547,!V TRIAL_VAR Subject_ID Monkey_H18
186470547,!V TRIAL_VAR Planned_Fixation_Duration_ms 609.3663990141134
186470547,!V TRIAL_VAR Fixation_Pos_X_deg -6.0
186470547,!V TRIAL_VAR Fixation_Pos_Y_deg 8.0
186470547,!V TRIAL_VAR Fixation_Point_Radius_deg 0.2
186470547,!V TRIAL_VAR Fix_Window_Radius_deg 2.5
186470547,!V TRIAL_VAR Stim_Pos_X_deg -6.0
186470547,!V TRIAL_VAR Stim_Pos_Y_deg -1.0
186470547,!V TRIAL_VAR Stim_Window_Radius_deg 3.0
186470547,!V TRIAL_VAR Stim_Major_Axis_deg 0.3
186470547,!V TRIAL_VAR Stim_Minor_Axis_deg 0.3
186470547,!V TRIAL_VAR Stim_Orientation_deg 0.0
186470547,!V TRIAL_VAR Gap_Duration_ms 100.0
186470547,!V TRIAL_VAR Stim_Duration_ms 200.0
186470547,!V TRIAL_VAR Stim_Hold_Time_ms 100.0
186470547,!V TRIAL_VAR Condition_ID C000026
186470548,!V TRIAL_VAR Is_Control False
186470548,!V TRIAL_VAR Stim_Color_Name Gray
186470548,!V TRIAL_VAR Stim_Intensity_Level 60
186470548,!V TRIAL_VAR Stim_Pos_X_deg -6.0
186470548,!V TRIAL_VAR Stim_Pos_Y_deg -1.0
186470551,FIX_ON TRIAL 42
186472562,FIX_OFF TRIAL 42
186472565,!V TRIAL_VAR Status nofix_1
186472565,!V TRIAL_VAR Subject_ID Monkey_H18
186472565,TRIAL_RESULT nofix_1
186475616,TRIALID 43
186475616,!V TRIAL_VAR Subject_ID Monkey_H18
186475616,!V TRIAL_VAR Planned_Fixation_Duration_ms 427.9568655454389
186475616,!V TRIAL_VAR Fixation_Pos_X_deg -6.0
186475616,!V TRIAL_VAR Fixation_Pos_Y_deg 8.0
186475616,!V TRIAL_VAR Fixation_Point_Radius_deg 0.2
186475616,!V TRIAL_VAR Fix_Window_Radius_deg 2.5
186475616,!V TRIAL_VAR Stim_Pos_X_deg -6.0
186475616,!V TRIAL_VAR Stim_Pos_Y_deg -1.0
186475616,!V TRIAL_VAR Stim_Window_Radius_deg 3.0
186475616,!V TRIAL_VAR Stim_Major_Axis_deg 0.3
186475616,!V TRIAL_VAR Stim_Minor_Axis_deg 0.3
186475616,!V TRIAL_VAR Stim_Orientation_deg 0.0
186475616,!V TRIAL_VAR Gap_Duration_ms 100.0
186475616,!V TRIAL_VAR Stim_Duration_ms 200.0
186475616,!V TRIAL_VAR Stim_Hold_Time_ms 100.0
186475616,!V TRIAL_VAR Condition_ID C000026
186475618,ERROR MESSAGES LOST 5
186475618,FIX_ON TRIAL 43
186476123,GAZE_ACQUIRED TRIAL 43
186476404,FIX_OFF TRIAL 43
186476512,STIM_ON TRIAL 43
186476630,TARGET_ENTER TRIAL 43
186476718,STIM_OFF TRIAL 43
186476733,STIM_WINDOW_END TRIAL 43
186476737,REWARD TRIAL 43
186477001,!V TRIAL_VAR Status Success
186477001,!V TRIAL_VAR Subject_ID Monkey_H18
186477001,TRIAL_RESULT Success
186480049,TRIALID 44
186480049,!V TRIAL_VAR Subject_ID Monkey_H18
186480049,!V TRIAL_VAR Planned_Fixation_Duration_ms 780.5127775061087
186480049,!V TRIAL_VAR Fixation_Pos_X_deg -6.0
186480049,!V TRIAL_VAR Fixation_Pos_Y_deg 8.0
186480049,!V TRIAL_VAR Fixation_Point_Radius_deg 0.2
186480049,!V TRIAL_VAR Fix_Window_Radius_deg 2.5
186480049,!V TRIAL_VAR Stim_Pos_X_deg 3.0
186480049,!V TRIAL_VAR Stim_Pos_Y_deg 8.0
186480049,!V TRIAL_VAR Stim_Window_Radius_deg 3.0
186480049,!V TRIAL_VAR Stim_Major_Axis_deg 0.3
186480049,!V TRIAL_VAR Stim_Minor_Axis_deg 0.3
186480049,!V TRIAL_VAR Stim_Orientation_deg 0.0
186480049,!V TRIAL_VAR Gap_Duration_ms 100.0
186480049,!V TRIAL_VAR Stim_Duration_ms 200.0
186480049,!V TRIAL_VAR Stim_Hold_Time_ms 100.0
186480050,!V TRIAL_VAR Condition_ID C000027
186480050,!V TRIAL_VAR Is_Control False
186480050,!V TRIAL_VAR Stim_Color_Name Gray
186480050,!V TRIAL_VAR Stim_Intensity_Level 180
186480050,!V TRIAL_VAR Stim_Pos_X_deg 3.0
186480050,!V TRIAL_VAR Stim_Pos_Y_deg 8.0
186480054,FIX_ON TRIAL 44
186482065,FIX_OFF TRIAL 44
186482069,!V TRIAL_VAR Status nofix_1
186482069,!V TRIAL_VAR Subject_ID Monkey_H18
186482069,TRIAL_RESULT nofix_1
186485117,TRIALID 45
186485117,!V TRIAL_VAR Subject_ID Monkey_H18
186485117,!V TRIAL_VAR Planned_Fixation_Duration_ms 535.9151837442606
186485117,!V TRIAL_VAR Fixation_Pos_X_deg -6.0
186485117,!V TRIAL_VAR Fixation_Pos_Y_deg 8.0
186485117,!V TRIAL_VAR Fixation_Point_Radius_deg 0.2
186485117,!V TRIAL_VAR Fix_Window_Radius_deg 2.5
186485117,!V TRIAL_VAR Stim_Pos_X_deg 3.0
186485117,!V TRIAL_VAR Stim_Pos_Y_deg 8.0
186485117,!V TRIAL_VAR Stim_Window_Radius_deg 3.0
186485117,!V TRIAL_VAR Stim_Major_Axis_deg 0.3
186485117,!V TRIAL_VAR Stim_Minor_Axis_deg 0.3
186485117,!V TRIAL_VAR Stim_Orientation_deg 0.0
186485117,!V TRIAL_VAR Gap_Duration_ms 100.0
186485117,!V TRIAL_VAR Stim_Duration_ms 200.0
186485118,!V TRIAL_VAR Stim_Hold_Time_ms 100.0
186485118,!V TRIAL_VAR Condition_ID C000027
186485118,!V TRIAL_VAR Is_Control False
186485118,!V TRIAL_VAR Stim_Color_Name Gray
186485118,!V TRIAL_VAR Stim_Intensity_Level 180
186485118,!V TRIAL_VAR Stim_Pos_X_deg 3.0
186485118,!V TRIAL_VAR Stim_Pos_Y_deg 8.0
186485122,FIX_ON TRIAL 45
186485712,GAZE_ACQUIRED TRIAL 45
186486101,FIX_OFF TRIAL 45
186486641,!V TRIAL_VAR Status Break_Gap
186486641,!V TRIAL_VAR Subject_ID Monkey_H18
186486641,TRIAL_RESULT Break_Gap
186489686,TRIALID 46
186489686,!V TRIAL_VAR Subject_ID Monkey_H18
186489686,!V TRIAL_VAR Planned_Fixation_Duration_ms 360.0541973761025
186489686,!V TRIAL_VAR Fixation_Pos_X_deg -6.0
186489686,!V TRIAL_VAR Fixation_Pos_Y_deg 8.0
186489686,!V TRIAL_VAR Fixation_Point_Radius_deg 0.2
186489686,!V TRIAL_VAR Fix_Window_Radius_deg 2.5
186489686,!V TRIAL_VAR Stim_Pos_X_deg 3.0
186489686,!V TRIAL_VAR Stim_Pos_Y_deg 8.0
186489686,!V TRIAL_VAR Stim_Window_Radius_deg 3.0
186489686,!V TRIAL_VAR Stim_Major_Axis_deg 0.3
186489686,!V TRIAL_VAR Stim_Minor_Axis_deg 0.3
186489686,!V TRIAL_VAR Stim_Orientation_deg 0.0
186489686,!V TRIAL_VAR Gap_Duration_ms 100.0
186489686,!V TRIAL_VAR Stim_Duration_ms 200.0
186489686,!V TRIAL_VAR Stim_Hold_Time_ms 100.0
186489687,!V TRIAL_VAR Condition_ID C000027
186489687,!V TRIAL_VAR Is_Control False
186489687,!V TRIAL_VAR Stim_Color_Name Gray
186489687,!V TRIAL_VAR Stim_Intensity_Level 180
186489687,!V TRIAL_VAR Stim_Pos_X_deg 3.0
186489687,!V TRIAL_VAR Stim_Pos_Y_deg 8.0
186489693,FIX_ON TRIAL 46
186491704,FIX_OFF TRIAL 46
186491708,!V TRIAL_VAR Status nofix_1
186491708,!V TRIAL_VAR Subject_ID Monkey_H18
186491708,TRIAL_RESULT nofix_1
186494755,TRIALID 47
186494755,!V TRIAL_VAR Subject_ID Monkey_H18
186494755,!V TRIAL_VAR Planned_Fixation_Duration_ms 734.5082503678879
186494755,!V TRIAL_VAR Fixation_Pos_X_deg -6.0
186494755,!V TRIAL_VAR Fixation_Pos_Y_deg 8.0
186494755,!V TRIAL_VAR Fixation_Point_Radius_deg 0.2
186494755,!V TRIAL_VAR Fix_Window_Radius_deg 2.5
186494755,!V TRIAL_VAR Stim_Pos_X_deg 3.0
186494755,!V TRIAL_VAR Stim_Pos_Y_deg 8.0
186494755,!V TRIAL_VAR Stim_Window_Radius_deg 3.0
186494755,!V TRIAL_VAR Stim_Major_Axis_deg 0.3
186494755,!V TRIAL_VAR Stim_Minor_Axis_deg 0.3
186494755,!V TRIAL_VAR Stim_Orientation_deg 0.0
186494755,!V TRIAL_VAR Gap_Duration_ms 100.0
186494755,!V TRIAL_VAR Stim_Duration_ms 200.0
186494755,!V TRIAL_VAR Stim_Hold_Time_ms 100.0
186494755,!V TRIAL_VAR Condition_ID C000027
186494758,ERROR MESSAGES LOST 5
186494758,FIX_ON TRIAL 47
186496176,GAZE_ACQUIRED TRIAL 47
186496758,FIX_OFF TRIAL 47
186496865,STIM_ON TRIAL 47
186496997,TARGET_ENTER TRIAL 47
186497072,STIM_OFF TRIAL 47
186497108,STIM_WINDOW_END TRIAL 47
186497112,REWARD TRIAL 47
186497375,!V TRIAL_VAR Status Success
186497375,!V TRIAL_VAR Subject_ID Monkey_H18
186497375,TRIAL_RESULT Success
186500451,TRIALID 48
186500452,!V TRIAL_VAR Subject_ID Monkey_H18
186500452,!V TRIAL_VAR Planned_Fixation_Duration_ms 459.17207245661496
186500452,!V TRIAL_VAR Fixation_Pos_X_deg -6.0
186500452,!V TRIAL_VAR Fixation_Pos_Y_deg 8.0
186500452,!V TRIAL_VAR Fixation_Point_Radius_deg 0.2
186500452,!V TRIAL_VAR Fix_Window_Radius_deg 2.5
186500452,!V TRIAL_VAR Stim_Pos_X_deg 6.0
186500452,!V TRIAL_VAR Stim_Pos_Y_deg 5.0
186500452,!V TRIAL_VAR Stim_Window_Radius_deg 3.0
186500452,!V TRIAL_VAR Stim_Major_Axis_deg 0.3
186500452,!V TRIAL_VAR Stim_Minor_Axis_deg 0.3
186500452,!V TRIAL_VAR Stim_Orientation_deg 0.0
186500452,!V TRIAL_VAR Gap_Duration_ms 100.0
186500452,!V TRIAL_VAR Stim_Duration_ms 200.0
186500452,!V TRIAL_VAR Stim_Hold_Time_ms 100.0
186500452,!V TRIAL_VAR Condition_ID C000028
186500453,!V TRIAL_VAR Is_Control False
186500453,!V TRIAL_VAR Stim_Color_Name Gray
186500453,!V TRIAL_VAR Stim_Intensity_Level 60
186500453,!V TRIAL_VAR Stim_Pos_X_deg 6.0
186500453,!V TRIAL_VAR Stim_Pos_Y_deg 5.0
186500458,FIX_ON TRIAL 48
186502472,FIX_OFF TRIAL 48
186502476,!V TRIAL_VAR Status nofix_1
186502476,!V TRIAL_VAR Subject_ID Monkey_H18
186502476,TRIAL_RESULT nofix_1
186505526,TRIALID 49
186505526,!V TRIAL_VAR Subject_ID Monkey_H18
186505526,!V TRIAL_VAR Planned_Fixation_Duration_ms 672.0154281669279
186505526,!V TRIAL_VAR Fixation_Pos_X_deg -6.0
186505526,!V TRIAL_VAR Fixation_Pos_Y_deg 8.0
186505526,!V TRIAL_VAR Fixation_Point_Radius_deg 0.2
186505526,!V TRIAL_VAR Fix_Window_Radius_deg 2.5
186505526,!V TRIAL_VAR Stim_Pos_X_deg 6.0
186505526,!V TRIAL_VAR Stim_Pos_Y_deg 5.0
186505526,!V TRIAL_VAR Stim_Window_Radius_deg 3.0
186505526,!V TRIAL_VAR Stim_Major_Axis_deg 0.3
186505526,!V TRIAL_VAR Stim_Minor_Axis_deg 0.3
186505526,!V TRIAL_VAR Stim_Orientation_deg 0.0
186505526,!V TRIAL_VAR Gap_Duration_ms 100.0
186505526,!V TRIAL_VAR Stim_Duration_ms 200.0
186505526,!V TRIAL_VAR Stim_Hold_Time_ms 100.0
186505527,!V TRIAL_VAR Condition_ID C000028
186505528,!V TRIAL_VAR Is_Control False
186505528,!V TRIAL_VAR Stim_Color_Name Gray
186505528,!V TRIAL_VAR Stim_Intensity_Level 60
186505528,!V TRIAL_VAR Stim_Pos_X_deg 6.0
186505528,!V TRIAL_VAR Stim_Pos_Y_deg 5.0
186505532,FIX_ON TRIAL 49
186507543,FIX_OFF TRIAL 49
186507547,!V TRIAL_VAR Status nofix_1
186507547,!V TRIAL_VAR Subject_ID Monkey_H18
186507547,TRIAL_RESULT nofix_1
186510600,TRIALID 50
186510600,!V TRIAL_VAR Subject_ID Monkey_H18
186510600,!V TRIAL_VAR Planned_Fixation_Duration_ms 423.1658953759184
186510600,!V TRIAL_VAR Fixation_Pos_X_deg -6.0
186510600,!V TRIAL_VAR Fixation_Pos_Y_deg 8.0
186510600,!V TRIAL_VAR Fixation_Point_Radius_deg 0.2
186510600,!V TRIAL_VAR Fix_Window_Radius_deg 2.5
186510600,!V TRIAL_VAR Stim_Pos_X_deg 6.0
186510600,!V TRIAL_VAR Stim_Pos_Y_deg 5.0
186510600,!V TRIAL_VAR Stim_Window_Radius_deg 3.0
186510600,!V TRIAL_VAR Stim_Major_Axis_deg 0.3
186510600,!V TRIAL_VAR Stim_Minor_Axis_deg 0.3
186510600,!V TRIAL_VAR Stim_Orientation_deg 0.0
186510600,!V TRIAL_VAR Gap_Duration_ms 100.0
186510600,!V TRIAL_VAR Stim_Duration_ms 200.0
186510600,!V TRIAL_VAR Stim_Hold_Time_ms 100.0
186510600,!V TRIAL_VAR Condition_ID C000028
186510604,ERROR MESSAGES LOST 5
186510604,FIX_ON TRIAL 50
186512615,FIX_OFF TRIAL 50
186512619,!V TRIAL_VAR Status nofix_1
186512619,!V TRIAL_VAR Subject_ID Monkey_H18
186512619,TRIAL_RESULT nofix_1
186515671,TRIALID 51
186515672,!V TRIAL_VAR Subject_ID Monkey_H18
186515672,!V TRIAL_VAR Planned_Fixation_Duration_ms 512.3898652816742
186515672,!V TRIAL_VAR Fixation_Pos_X_deg -6.0
186515672,!V TRIAL_VAR Fixation_Pos_Y_deg 8.0
186515672,!V TRIAL_VAR Fixation_Point_Radius_deg 0.2
186515672,!V TRIAL_VAR Fix_Window_Radius_deg 2.5
186515672,!V TRIAL_VAR Stim_Pos_X_deg 6.0
186515672,!V TRIAL_VAR Stim_Pos_Y_deg 5.0
186515672,!V TRIAL_VAR Stim_Window_Radius_deg 3.0
186515672,!V TRIAL_VAR Stim_Major_Axis_deg 0.3
186515672,!V TRIAL_VAR Stim_Minor_Axis_deg 0.3
186515672,!V TRIAL_VAR Stim_Orientation_deg 0.0
186515672,!V TRIAL_VAR Gap_Duration_ms 100.0
186515672,!V TRIAL_VAR Stim_Duration_ms 200.0
186515672,!V TRIAL_VAR Stim_Hold_Time_ms 100.0
186515672,!V TRIAL_VAR Condition_ID C000028
186515673,!V TRIAL_VAR Is_Control False
186515673,!V TRIAL_VAR Stim_Color_Name Gray
186515673,!V TRIAL_VAR Stim_Intensity_Level 60
186515673,!V TRIAL_VAR Stim_Pos_X_deg 6.0
186515673,!V TRIAL_VAR Stim_Pos_Y_deg 5.0
186515675,FIX_ON TRIAL 51
186517690,FIX_OFF TRIAL 51
186517694,!V TRIAL_VAR Status nofix_1
186517694,!V TRIAL_VAR Subject_ID Monkey_H18
186517694,TRIAL_RESULT nofix_1
186520739,TRIALID 52
186520739,!V TRIAL_VAR Subject_ID Monkey_H18
186520739,!V TRIAL_VAR Planned_Fixation_Duration_ms 489.2679604681259
186520739,!V TRIAL_VAR Fixation_Pos_X_deg -6.0
186520739,!V TRIAL_VAR Fixation_Pos_Y_deg 8.0
186520739,!V TRIAL_VAR Fixation_Point_Radius_deg 0.2
186520739,!V TRIAL_VAR Fix_Window_Radius_deg 2.5
186520739,!V TRIAL_VAR Stim_Pos_X_deg 6.0
186520739,!V TRIAL_VAR Stim_Pos_Y_deg 5.0
186520739,!V TRIAL_VAR Stim_Window_Radius_deg 3.0
186520739,!V TRIAL_VAR Stim_Major_Axis_deg 0.3
186520739,!V TRIAL_VAR Stim_Minor_Axis_deg 0.3
186520739,!V TRIAL_VAR Stim_Orientation_deg 0.0
186520739,!V TRIAL_VAR Gap_Duration_ms 100.0
186520739,!V TRIAL_VAR Stim_Duration_ms 200.0
186520739,!V TRIAL_VAR Stim_Hold_Time_ms 100.0
186520740,!V TRIAL_VAR Condition_ID C000028
186520740,!V TRIAL_VAR Is_Control False
186520740,!V TRIAL_VAR Stim_Color_Name Gray
186520740,!V TRIAL_VAR Stim_Intensity_Level 60
186520740,!V TRIAL_VAR Stim_Pos_X_deg 6.0
186520740,!V TRIAL_VAR Stim_Pos_Y_deg 5.0
186520744,FIX_ON TRIAL 52
186522755,FIX_OFF TRIAL 52
186522758,!V TRIAL_VAR Status nofix_1
186522758,!V TRIAL_VAR Subject_ID Monkey_H18
186522758,TRIAL_RESULT nofix_1
186525806,TRIALID 53
186525806,!V TRIAL_VAR Subject_ID Monkey_H18
186525806,!V TRIAL_VAR Planned_Fixation_Duration_ms 406.72932941296006
186525806,!V TRIAL_VAR Fixation_Pos_X_deg -6.0
186525806,!V TRIAL_VAR Fixation_Pos_Y_deg 8.0
186525806,!V TRIAL_VAR Fixation_Point_Radius_deg 0.2
186525806,!V TRIAL_VAR Fix_Window_Radius_deg 2.5
186525806,!V TRIAL_VAR Stim_Pos_X_deg 6.0
186525806,!V TRIAL_VAR Stim_Pos_Y_deg 5.0
186525806,!V TRIAL_VAR Stim_Window_Radius_deg 3.0
186525806,!V TRIAL_VAR Stim_Major_Axis_deg 0.3
186525806,!V TRIAL_VAR Stim_Minor_Axis_deg 0.3
186525806,!V TRIAL_VAR Stim_Orientation_deg 0.0
186525806,!V TRIAL_VAR Gap_Duration_ms 100.0
186525806,!V TRIAL_VAR Stim_Duration_ms 200.0
186525806,!V TRIAL_VAR Stim_Hold_Time_ms 100.0
186525807,!V TRIAL_VAR Condition_ID C000028
186525807,!V TRIAL_VAR Is_Control False
186525807,!V TRIAL_VAR Stim_Color_Name Gray
186525807,!V TRIAL_VAR Stim_Intensity_Level 60
186525807,!V TRIAL_VAR Stim_Pos_X_deg 6.0
186525807,!V TRIAL_VAR Stim_Pos_Y_deg 5.0
186525812,FIX_ON TRIAL 53
186527822,FIX_OFF TRIAL 53
186527826,!V TRIAL_VAR Status nofix_1
186527826,!V TRIAL_VAR Subject_ID Monkey_H18
186527826,TRIAL_RESULT nofix_1
186539882,TRIALID 54
186539882,!V TRIAL_VAR Subject_ID Monkey_H18
186539882,!V TRIAL_VAR Planned_Fixation_Duration_ms 578.8160369408756
186539882,!V TRIAL_VAR Fixation_Pos_X_deg -6.0
186539882,!V TRIAL_VAR Fixation_Pos_Y_deg 8.0
186539882,!V TRIAL_VAR Fixation_Point_Radius_deg 0.2
186539882,!V TRIAL_VAR Fix_Window_Radius_deg 2.5
186539882,!V TRIAL_VAR Stim_Pos_X_deg 6.0
186539882,!V TRIAL_VAR Stim_Pos_Y_deg 5.0
186539882,!V TRIAL_VAR Stim_Window_Radius_deg 3.0
186539882,!V TRIAL_VAR Stim_Major_Axis_deg 0.3
186539882,!V TRIAL_VAR Stim_Minor_Axis_deg 0.3
186539882,!V TRIAL_VAR Stim_Orientation_deg 0.0
186539882,!V TRIAL_VAR Gap_Duration_ms 100.0
186539882,!V TRIAL_VAR Stim_Duration_ms 200.0
186539882,!V TRIAL_VAR Stim_Hold_Time_ms 100.0
186539883,!V TRIAL_VAR Condition_ID C000028
186539884,!V TRIAL_VAR Is_Control False
186539884,!V TRIAL_VAR Stim_Color_Name Gray
186539884,!V TRIAL_VAR Stim_Intensity_Level 60
186539884,!V TRIAL_VAR Stim_Pos_X_deg 6.0
186539884,!V TRIAL_VAR Stim_Pos_Y_deg 5.0
186539886,FIX_ON TRIAL 54
186540330,GAZE_ACQUIRED TRIAL 54
186540758,FIX_OFF TRIAL 54
186540865,STIM_ON TRIAL 54
186541008,TARGET_ENTER TRIAL 54
186541069,STIM_OFF TRIAL 54
186541118,STIM_WINDOW_END TRIAL 54
186541122,REWARD TRIAL 54
186541386,!V TRIAL_VAR Status Success
186541386,!V TRIAL_VAR Subject_ID Monkey_H18
186541386,TRIAL_RESULT Success
186544430,TRIALID 55
186544431,!V TRIAL_VAR Subject_ID Monkey_H18
186544431,!V TRIAL_VAR Planned_Fixation_Duration_ms 317.7048011398585
186544431,!V TRIAL_VAR Fixation_Pos_X_deg -6.0
186544431,!V TRIAL_VAR Fixation_Pos_Y_deg 8.0
186544431,!V TRIAL_VAR Fixation_Point_Radius_deg 0.2
186544431,!V TRIAL_VAR Fix_Window_Radius_deg 2.5
186544431,!V TRIAL_VAR Stim_Pos_X_deg 6.0
186544431,!V TRIAL_VAR Stim_Pos_Y_deg 5.0
186544431,!V TRIAL_VAR Stim_Window_Radius_deg 3.0
186544431,!V TRIAL_VAR Stim_Major_Axis_deg 0.3
186544431,!V TRIAL_VAR Stim_Minor_Axis_deg 0.3
186544431,!V TRIAL_VAR Stim_Orientation_deg 0.0
186544431,!V TRIAL_VAR Gap_Duration_ms 100.0
186544431,!V TRIAL_VAR Stim_Duration_ms 200.0
186544431,!V TRIAL_VAR Stim_Hold_Time_ms 100.0
186544432,!V TRIAL_VAR Condition_ID C000029
186544432,!V TRIAL_VAR Is_Control False
186544432,!V TRIAL_VAR Stim_Color_Name Gray
186544432,!V TRIAL_VAR Stim_Intensity_Level 30
186544432,!V TRIAL_VAR Stim_Pos_X_deg 6.0
186544432,!V TRIAL_VAR Stim_Pos_Y_deg 5.0
186544436,FIX_ON TRIAL 55
186544704,GAZE_ACQUIRED TRIAL 55
186544873,FIX_OFF TRIAL 55
186544979,STIM_ON TRIAL 55
186545098,TARGET_ENTER TRIAL 55
186545186,STIM_OFF TRIAL 55
186545208,STIM_WINDOW_END TRIAL 55
186545212,REWARD TRIAL 55
186545475,!V TRIAL_VAR Status Success
186545475,!V TRIAL_VAR Subject_ID Monkey_H18
186545475,TRIAL_RESULT Success
186548520,TRIALID 56
186548520,!V TRIAL_VAR Subject_ID Monkey_H18
186548520,!V TRIAL_VAR Planned_Fixation_Duration_ms 405.10931947340924
186548520,!V TRIAL_VAR Fixation_Pos_X_deg -6.0
186548520,!V TRIAL_VAR Fixation_Pos_Y_deg 8.0
186548520,!V TRIAL_VAR Fixation_Point_Radius_deg 0.2
186548520,!V TRIAL_VAR Fix_Window_Radius_deg 2.5
186548520,!V TRIAL_VAR Stim_Pos_X_deg 12.0
186548520,!V TRIAL_VAR Stim_Pos_Y_deg 2.0
186548520,!V TRIAL_VAR Stim_Window_Radius_deg 3.0
186548520,!V TRIAL_VAR Stim_Major_Axis_deg 0.3
186548520,!V TRIAL_VAR Stim_Minor_Axis_deg 0.3
186548520,!V TRIAL_VAR Stim_Orientation_deg 0.0
186548520,!V TRIAL_VAR Gap_Duration_ms 100.0
186548520,!V TRIAL_VAR Stim_Duration_ms 200.0
186548520,!V TRIAL_VAR Stim_Hold_Time_ms 100.0
186548520,!V TRIAL_VAR Condition_ID C000030
186548522,ERROR MESSAGES LOST 5
186548522,FIX_ON TRIAL 56
186550536,FIX_OFF TRIAL 56
186550540,!V TRIAL_VAR Status nofix_1
186550540,!V TRIAL_VAR Subject_ID Monkey_H18
186550540,TRIAL_RESULT nofix_1
186553587,TRIALID 57
186553588,!V TRIAL_VAR Subject_ID Monkey_H18
186553588,!V TRIAL_VAR Planned_Fixation_Duration_ms 794.896254069771
186553588,!V TRIAL_VAR Fixation_Pos_X_deg -6.0
186553588,!V TRIAL_VAR Fixation_Pos_Y_deg 8.0
186553588,!V TRIAL_VAR Fixation_Point_Radius_deg 0.2
186553588,!V TRIAL_VAR Fix_Window_Radius_deg 2.5
186553588,!V TRIAL_VAR Stim_Pos_X_deg 12.0
186553588,!V TRIAL_VAR Stim_Pos_Y_deg 2.0
186553588,!V TRIAL_VAR Stim_Window_Radius_deg 3.0
186553588,!V TRIAL_VAR Stim_Major_Axis_deg 0.3
186553588,!V TRIAL_VAR Stim_Minor_Axis_deg 0.3
186553588,!V TRIAL_VAR Stim_Orientation_deg 0.0
186553588,!V TRIAL_VAR Gap_Duration_ms 100.0
186553588,!V TRIAL_VAR Stim_Duration_ms 200.0
186553588,!V TRIAL_VAR Stim_Hold_Time_ms 100.0
186553589,!V TRIAL_VAR Condition_ID C000030
186553589,!V TRIAL_VAR Is_Control False
186553589,!V TRIAL_VAR Stim_Color_Name Gray
186553589,!V TRIAL_VAR Stim_Intensity_Level 150
186553589,!V TRIAL_VAR Stim_Pos_X_deg 12.0
186553589,!V TRIAL_VAR Stim_Pos_Y_deg 2.0
186553593,FIX_ON TRIAL 57
186555608,FIX_OFF TRIAL 57
186555612,!V TRIAL_VAR Status nofix_1
186555612,!V TRIAL_VAR Subject_ID Monkey_H18
186555612,TRIAL_RESULT nofix_1
186558660,TRIALID 58
186558661,!V TRIAL_VAR Subject_ID Monkey_H18
186558661,!V TRIAL_VAR Planned_Fixation_Duration_ms 359.7541152822602
186558661,!V TRIAL_VAR Fixation_Pos_X_deg -6.0
186558661,!V TRIAL_VAR Fixation_Pos_Y_deg 8.0
186558661,!V TRIAL_VAR Fixation_Point_Radius_deg 0.2
186558661,!V TRIAL_VAR Fix_Window_Radius_deg 2.5
186558661,!V TRIAL_VAR Stim_Pos_X_deg 12.0
186558661,!V TRIAL_VAR Stim_Pos_Y_deg 2.0
186558661,!V TRIAL_VAR Stim_Window_Radius_deg 3.0
186558661,!V TRIAL_VAR Stim_Major_Axis_deg 0.3
186558661,!V TRIAL_VAR Stim_Minor_Axis_deg 0.3
186558661,!V TRIAL_VAR Stim_Orientation_deg 0.0
186558661,!V TRIAL_VAR Gap_Duration_ms 100.0
186558661,!V TRIAL_VAR Stim_Duration_ms 200.0
186558661,!V TRIAL_VAR Stim_Hold_Time_ms 100.0
186558661,!V TRIAL_VAR Condition_ID C000030
186558662,!V TRIAL_VAR Is_Control False
186558662,!V TRIAL_VAR Stim_Color_Name Gray
186558662,!V TRIAL_VAR Stim_Intensity_Level 150
186558662,!V TRIAL_VAR Stim_Pos_X_deg 12.0
186558662,!V TRIAL_VAR Stim_Pos_Y_deg 2.0
186558665,FIX_ON TRIAL 58
186558948,GAZE_ACQUIRED TRIAL 58
186559165,FIX_OFF TRIAL 58
186559272,STIM_ON TRIAL 58
186559390,TARGET_ENTER TRIAL 58
186559479,STIM_OFF TRIAL 58
186559494,STIM_WINDOW_END TRIAL 58
186559498,REWARD TRIAL 58
186559761,!V TRIAL_VAR Status Success
186559762,!V TRIAL_VAR Subject_ID Monkey_H18
186559762,TRIAL_RESULT Success
186562808,TRIALID 59
186562809,!V TRIAL_VAR Subject_ID Monkey_H18
186562809,!V TRIAL_VAR Planned_Fixation_Duration_ms 359.80628205889735
186562809,!V TRIAL_VAR Fixation_Pos_X_deg -6.0
186562809,!V TRIAL_VAR Fixation_Pos_Y_deg 8.0
186562809,!V TRIAL_VAR Fixation_Point_Radius_deg 0.2
186562809,!V TRIAL_VAR Fix_Window_Radius_deg 2.5
186562809,!V TRIAL_VAR Stim_Pos_X_deg 3.0
186562809,!V TRIAL_VAR Stim_Pos_Y_deg 2.0
186562809,!V TRIAL_VAR Stim_Window_Radius_deg 3.0
186562809,!V TRIAL_VAR Stim_Major_Axis_deg 0.3
186562809,!V TRIAL_VAR Stim_Minor_Axis_deg 0.3
186562809,!V TRIAL_VAR Stim_Orientation_deg 0.0
186562809,!V TRIAL_VAR Gap_Duration_ms 100.0
186562809,!V TRIAL_VAR Stim_Duration_ms 200.0
186562809,!V TRIAL_VAR Stim_Hold_Time_ms 100.0
186562810,!V TRIAL_VAR Condition_ID C000031
186562810,!V TRIAL_VAR Is_Control False
186562810,!V TRIAL_VAR Stim_Color_Name Gray
186562810,!V TRIAL_VAR Stim_Intensity_Level 90
186562810,!V TRIAL_VAR Stim_Pos_X_deg 3.0
186562810,!V TRIAL_VAR Stim_Pos_Y_deg 2.0
186562815,FIX_ON TRIAL 59
186564830,FIX_OFF TRIAL 59
186564833,!V TRIAL_VAR Status nofix_1
186564833,!V TRIAL_VAR Subject_ID Monkey_H18
186564833,TRIAL_RESULT nofix_1
186567879,TRIALID 60
186567879,!V TRIAL_VAR Subject_ID Monkey_H18
186567879,!V TRIAL_VAR Planned_Fixation_Duration_ms 555.2978679000036
186567879,!V TRIAL_VAR Fixation_Pos_X_deg -6.0
186567879,!V TRIAL_VAR Fixation_Pos_Y_deg 8.0
186567879,!V TRIAL_VAR Fixation_Point_Radius_deg 0.2
186567879,!V TRIAL_VAR Fix_Window_Radius_deg 2.5
186567879,!V TRIAL_VAR Stim_Pos_X_deg 3.0
186567879,!V TRIAL_VAR Stim_Pos_Y_deg 2.0
186567879,!V TRIAL_VAR Stim_Window_Radius_deg 3.0
186567879,!V TRIAL_VAR Stim_Major_Axis_deg 0.3
186567879,!V TRIAL_VAR Stim_Minor_Axis_deg 0.3
186567879,!V TRIAL_VAR Stim_Orientation_deg 0.0
186567879,!V TRIAL_VAR Gap_Duration_ms 100.0
186567879,!V TRIAL_VAR Stim_Duration_ms 200.0
186567879,!V TRIAL_VAR Stim_Hold_Time_ms 100.0
186567880,!V TRIAL_VAR Condition_ID C000031
186567880,!V TRIAL_VAR Is_Control False
186567880,!V TRIAL_VAR Stim_Color_Name Gray
186567880,!V TRIAL_VAR Stim_Intensity_Level 90
186567880,!V TRIAL_VAR Stim_Pos_X_deg 3.0
186567880,!V TRIAL_VAR Stim_Pos_Y_deg 2.0
186567883,FIX_ON TRIAL 60
186569055,GAZE_ACQUIRED TRIAL 60
186569465,FIX_OFF TRIAL 60
186569573,STIM_ON TRIAL 60
186569683,TARGET_ENTER TRIAL 60
186569780,STIM_OFF TRIAL 60
186569794,STIM_WINDOW_END TRIAL 60
186569797,REWARD TRIAL 60
186570061,!V TRIAL_VAR Status Success
186570061,!V TRIAL_VAR Subject_ID Monkey_H18
186570061,TRIAL_RESULT Success
186573106,TRIALID 61
186573106,!V TRIAL_VAR Subject_ID Monkey_H18
186573106,!V TRIAL_VAR Planned_Fixation_Duration_ms 381.91892328593894
186573106,!V TRIAL_VAR Fixation_Pos_X_deg -6.0
186573106,!V TRIAL_VAR Fixation_Pos_Y_deg 8.0
186573106,!V TRIAL_VAR Fixation_Point_Radius_deg 0.2
186573106,!V TRIAL_VAR Fix_Window_Radius_deg 2.5
186573106,!V TRIAL_VAR Stim_Pos_X_deg -3.0
186573106,!V TRIAL_VAR Stim_Pos_Y_deg 8.0
186573106,!V TRIAL_VAR Stim_Window_Radius_deg 3.0
186573106,!V TRIAL_VAR Stim_Major_Axis_deg 0.3
186573106,!V TRIAL_VAR Stim_Minor_Axis_deg 0.3
186573106,!V TRIAL_VAR Stim_Orientation_deg 0.0
186573106,!V TRIAL_VAR Gap_Duration_ms 100.0
186573106,!V TRIAL_VAR Stim_Duration_ms 200.0
186573106,!V TRIAL_VAR Stim_Hold_Time_ms 100.0
186573106,!V TRIAL_VAR Condition_ID C000032
186573107,!V TRIAL_VAR Is_Control False
186573107,!V TRIAL_VAR Stim_Color_Name Gray
186573107,!V TRIAL_VAR Stim_Intensity_Level 90
186573107,!V TRIAL_VAR Stim_Pos_X_deg -3.0
186573107,!V TRIAL_VAR Stim_Pos_Y_deg 8.0
186573112,FIX_ON TRIAL 61
186574137,GAZE_ACQUIRED TRIAL 61
186574262,FIX_OFF TRIAL 61
186574767,!V TRIAL_VAR Status Break_1
186574767,!V TRIAL_VAR Subject_ID Monkey_H18
186574767,TRIAL_RESULT Break_1
186577811,TRIALID 62
186577811,!V TRIAL_VAR Subject_ID Monkey_H18
186577811,!V TRIAL_VAR Planned_Fixation_Duration_ms 789.8623057663663
186577811,!V TRIAL_VAR Fixation_Pos_X_deg -6.0
186577811,!V TRIAL_VAR Fixation_Pos_Y_deg 8.0
186577811,!V TRIAL_VAR Fixation_Point_Radius_deg 0.2
186577811,!V TRIAL_VAR Fix_Window_Radius_deg 2.5
186577811,!V TRIAL_VAR Stim_Pos_X_deg -3.0
186577811,!V TRIAL_VAR Stim_Pos_Y_deg 8.0
186577811,!V TRIAL_VAR Stim_Window_Radius_deg 3.0
186577811,!V TRIAL_VAR Stim_Major_Axis_deg 0.3
186577811,!V TRIAL_VAR Stim_Minor_Axis_deg 0.3
186577811,!V TRIAL_VAR Stim_Orientation_deg 0.0
186577811,!V TRIAL_VAR Gap_Duration_ms 100.0
186577811,!V TRIAL_VAR Stim_Duration_ms 200.0
186577811,!V TRIAL_VAR Stim_Hold_Time_ms 100.0
186577812,!V TRIAL_VAR Condition_ID C000032
186577813,!V TRIAL_VAR Is_Control False
186577813,!V TRIAL_VAR Stim_Color_Name Gray
186577813,!V TRIAL_VAR Stim_Intensity_Level 90
186577813,!V TRIAL_VAR Stim_Pos_X_deg -3.0
186577813,!V TRIAL_VAR Stim_Pos_Y_deg 8.0
186577815,FIX_ON TRIAL 62
186579829,FIX_OFF TRIAL 62
186579833,!V TRIAL_VAR Status nofix_1
186579833,!V TRIAL_VAR Subject_ID Monkey_H18
186579833,TRIAL_RESULT nofix_1
186582882,TRIALID 63
186582883,!V TRIAL_VAR Subject_ID Monkey_H18
186582883,!V TRIAL_VAR Planned_Fixation_Duration_ms 339.7411571305615
186582883,!V TRIAL_VAR Fixation_Pos_X_deg -6.0
186582883,!V TRIAL_VAR Fixation_Pos_Y_deg 8.0
186582883,!V TRIAL_VAR Fixation_Point_Radius_deg 0.2
186582883,!V TRIAL_VAR Fix_Window_Radius_deg 2.5
186582883,!V TRIAL_VAR Stim_Pos_X_deg -3.0
186582883,!V TRIAL_VAR Stim_Pos_Y_deg 8.0
186582883,!V TRIAL_VAR Stim_Window_Radius_deg 3.0
186582883,!V TRIAL_VAR Stim_Major_Axis_deg 0.3
186582883,!V TRIAL_VAR Stim_Minor_Axis_deg 0.3
186582883,!V TRIAL_VAR Stim_Orientation_deg 0.0
186582883,!V TRIAL_VAR Gap_Duration_ms 100.0
186582883,!V TRIAL_VAR Stim_Duration_ms 200.0
186582883,!V TRIAL_VAR Stim_Hold_Time_ms 100.0
186582883,!V TRIAL_VAR Condition_ID C000032
186582884,!V TRIAL_VAR Is_Control False
186582884,!V TRIAL_VAR Stim_Color_Name Gray
186582884,!V TRIAL_VAR Stim_Intensity_Level 90
186582884,!V TRIAL_VAR Stim_Pos_X_deg -3.0
186582884,!V TRIAL_VAR Stim_Pos_Y_deg 8.0
186582886,FIX_ON TRIAL 63
186584901,FIX_OFF TRIAL 63
186584904,!V TRIAL_VAR Status nofix_1
186584904,!V TRIAL_VAR Subject_ID Monkey_H18
186584904,TRIAL_RESULT nofix_1
186587956,TRIALID 64
186587956,!V TRIAL_VAR Subject_ID Monkey_H18
186587956,!V TRIAL_VAR Planned_Fixation_Duration_ms 570.1389552995541
186587956,!V TRIAL_VAR Fixation_Pos_X_deg -6.0
186587956,!V TRIAL_VAR Fixation_Pos_Y_deg 8.0
186587956,!V TRIAL_VAR Fixation_Point_Radius_deg 0.2
186587956,!V TRIAL_VAR Fix_Window_Radius_deg 2.5
186587956,!V TRIAL_VAR Stim_Pos_X_deg -3.0
186587956,!V TRIAL_VAR Stim_Pos_Y_deg 8.0
186587956,!V TRIAL_VAR Stim_Window_Radius_deg 3.0
186587956,!V TRIAL_VAR Stim_Major_Axis_deg 0.3
186587956,!V TRIAL_VAR Stim_Minor_Axis_deg 0.3
186587956,!V TRIAL_VAR Stim_Orientation_deg 0.0
186587956,!V TRIAL_VAR Gap_Duration_ms 100.0
186587956,!V TRIAL_VAR Stim_Duration_ms 200.0
186587956,!V TRIAL_VAR Stim_Hold_Time_ms 100.0
186587956,!V TRIAL_VAR Condition_ID C000032
186587962,ERROR MESSAGES LOST 5
186587962,FIX_ON TRIAL 64
186589969,FIX_OFF TRIAL 64
186589973,!V TRIAL_VAR Status nofix_1
186589973,!V TRIAL_VAR Subject_ID Monkey_H18
186589974,TRIAL_RESULT nofix_1
186593020,TRIALID 65
186593020,!V TRIAL_VAR Subject_ID Monkey_H18
186593020,!V TRIAL_VAR Planned_Fixation_Duration_ms 620.3554811720702
186593020,!V TRIAL_VAR Fixation_Pos_X_deg -6.0
186593020,!V TRIAL_VAR Fixation_Pos_Y_deg 8.0
186593020,!V TRIAL_VAR Fixation_Point_Radius_deg 0.2
186593020,!V TRIAL_VAR Fix_Window_Radius_deg 2.5
186593020,!V TRIAL_VAR Stim_Pos_X_deg -3.0
186593020,!V TRIAL_VAR Stim_Pos_Y_deg 8.0
186593020,!V TRIAL_VAR Stim_Window_Radius_deg 3.0
186593020,!V TRIAL_VAR Stim_Major_Axis_deg 0.3
186593020,!V TRIAL_VAR Stim_Minor_Axis_deg 0.3
186593020,!V TRIAL_VAR Stim_Orientation_deg 0.0
186593020,!V TRIAL_VAR Gap_Duration_ms 100.0
186593020,!V TRIAL_VAR Stim_Duration_ms 200.0
186593020,!V TRIAL_VAR Stim_Hold_Time_ms 100.0
186593021,!V TRIAL_VAR Condition_ID C000032
186593021,!V TRIAL_VAR Is_Control False
186593021,!V TRIAL_VAR Stim_Color_Name Gray
186593021,!V TRIAL_VAR Stim_Intensity_Level 90
186593021,!V TRIAL_VAR Stim_Pos_X_deg -3.0
186593021,!V TRIAL_VAR Stim_Pos_Y_deg 8.0
186593026,FIX_ON TRIAL 65
186595008,GAZE_ACQUIRED TRIAL 65
186595272,FIX_OFF TRIAL 65
186595776,!V TRIAL_VAR Status Break_1
186595777,!V TRIAL_VAR Subject_ID Monkey_H18
186595777,TRIAL_RESULT Break_1
186606227,TRIALID 66
186606227,!V TRIAL_VAR Subject_ID Monkey_H18
186606227,!V TRIAL_VAR Planned_Fixation_Duration_ms 674.5047148626452
186606227,!V TRIAL_VAR Fixation_Pos_X_deg -6.0
186606227,!V TRIAL_VAR Fixation_Pos_Y_deg 8.0
186606227,!V TRIAL_VAR Fixation_Point_Radius_deg 0.2
186606227,!V TRIAL_VAR Fix_Window_Radius_deg 3.0
186606227,!V TRIAL_VAR Stim_Pos_X_deg -3.0
186606227,!V TRIAL_VAR Stim_Pos_Y_deg 8.0
186606227,!V TRIAL_VAR Stim_Window_Radius_deg 3.5
186606227,!V TRIAL_VAR Stim_Major_Axis_deg 0.3
186606227,!V TRIAL_VAR Stim_Minor_Axis_deg 0.3
186606227,!V TRIAL_VAR Stim_Orientation_deg 0.0
186606227,!V TRIAL_VAR Gap_Duration_ms 100.0
186606227,!V TRIAL_VAR Stim_Duration_ms 200.0
186606227,!V TRIAL_VAR Stim_Hold_Time_ms 100.0
186606228,!V TRIAL_VAR Condition_ID C000032
186606228,!V TRIAL_VAR Is_Control False
186606228,!V TRIAL_VAR Stim_Color_Name Gray
186606228,!V TRIAL_VAR Stim_Intensity_Level 90
186606228,!V TRIAL_VAR Stim_Pos_X_deg -3.0
186606228,!V TRIAL_VAR Stim_Pos_Y_deg 8.0
186606233,FIX_ON TRIAL 66
186608247,FIX_OFF TRIAL 66
186608253,!V TRIAL_VAR Status nofix_1
186608254,!V TRIAL_VAR Subject_ID Monkey_H18
186608254,TRIAL_RESULT nofix_1
186611303,TRIALID 67
186611303,!V TRIAL_VAR Subject_ID Monkey_H18
186611303,!V TRIAL_VAR Planned_Fixation_Duration_ms 576.3406137505228
186611303,!V TRIAL_VAR Fixation_Pos_X_deg -6.0
186611303,!V TRIAL_VAR Fixation_Pos_Y_deg 8.0
186611303,!V TRIAL_VAR Fixation_Point_Radius_deg 0.2
186611303,!V TRIAL_VAR Fix_Window_Radius_deg 3.0
186611303,!V TRIAL_VAR Stim_Pos_X_deg -3.0
186611303,!V TRIAL_VAR Stim_Pos_Y_deg 8.0
186611303,!V TRIAL_VAR Stim_Window_Radius_deg 3.5
186611303,!V TRIAL_VAR Stim_Major_Axis_deg 0.3
186611303,!V TRIAL_VAR Stim_Minor_Axis_deg 0.3
186611303,!V TRIAL_VAR Stim_Orientation_deg 0.0
186611303,!V TRIAL_VAR Gap_Duration_ms 100.0
186611303,!V TRIAL_VAR Stim_Duration_ms 200.0
186611303,!V TRIAL_VAR Stim_Hold_Time_ms 100.0
186611304,!V TRIAL_VAR Condition_ID C000032
186611304,!V TRIAL_VAR Is_Control False
186611304,!V TRIAL_VAR Stim_Color_Name Gray
186611304,!V TRIAL_VAR Stim_Intensity_Level 90
186611304,!V TRIAL_VAR Stim_Pos_X_deg -3.0
186611304,!V TRIAL_VAR Stim_Pos_Y_deg 8.0
186611308,FIX_ON TRIAL 67
186613323,FIX_OFF TRIAL 67
186613326,!V TRIAL_VAR Status nofix_1
186613326,!V TRIAL_VAR Subject_ID Monkey_H18
186613326,TRIAL_RESULT nofix_1
186616377,TRIALID 68
186616377,!V TRIAL_VAR Subject_ID Monkey_H18
186616377,!V TRIAL_VAR Planned_Fixation_Duration_ms 422.82938124141964
186616377,!V TRIAL_VAR Fixation_Pos_X_deg -6.0
186616377,!V TRIAL_VAR Fixation_Pos_Y_deg 8.0
186616377,!V TRIAL_VAR Fixation_Point_Radius_deg 0.2
186616377,!V TRIAL_VAR Fix_Window_Radius_deg 3.0
186616377,!V TRIAL_VAR Stim_Pos_X_deg -3.0
186616377,!V TRIAL_VAR Stim_Pos_Y_deg 8.0
186616377,!V TRIAL_VAR Stim_Window_Radius_deg 3.5
186616377,!V TRIAL_VAR Stim_Major_Axis_deg 0.3
186616377,!V TRIAL_VAR Stim_Minor_Axis_deg 0.3
186616377,!V TRIAL_VAR Stim_Orientation_deg 0.0
186616377,!V TRIAL_VAR Gap_Duration_ms 100.0
186616377,!V TRIAL_VAR Stim_Duration_ms 200.0
186616377,!V TRIAL_VAR Stim_Hold_Time_ms 100.0
186616378,!V TRIAL_VAR Condition_ID C000032
186616378,!V TRIAL_VAR Is_Control False
186616378,!V TRIAL_VAR Stim_Color_Name Gray
186616378,!V TRIAL_VAR Stim_Intensity_Level 90
186616378,!V TRIAL_VAR Stim_Pos_X_deg -3.0
186616378,!V TRIAL_VAR Stim_Pos_Y_deg 8.0
186616383,FIX_ON TRIAL 68
186616658,GAZE_ACQUIRED TRIAL 68
186616933,FIX_OFF TRIAL 68
186617040,STIM_ON TRIAL 68
186617051,TARGET_ENTER TRIAL 68
186617244,STIM_OFF TRIAL 68
186617244,STIM_WINDOW_END TRIAL 68
186617248,REWARD TRIAL 68
186617510,!V TRIAL_VAR Status Success
186617510,!V TRIAL_VAR Subject_ID Monkey_H18
186617510,TRIAL_RESULT Success
186620581,TRIALID 69
186620581,!V TRIAL_VAR Subject_ID Monkey_H18
186620581,!V TRIAL_VAR Planned_Fixation_Duration_ms 385.45140417236735
186620581,!V TRIAL_VAR Fixation_Pos_X_deg -6.0
186620581,!V TRIAL_VAR Fixation_Pos_Y_deg 8.0
186620581,!V TRIAL_VAR Fixation_Point_Radius_deg 0.2
186620581,!V TRIAL_VAR Fix_Window_Radius_deg 3.0
186620581,!V TRIAL_VAR Stim_Pos_X_deg 0.0
186620581,!V TRIAL_VAR Stim_Pos_Y_deg 2.0
186620581,!V TRIAL_VAR Stim_Window_Radius_deg 3.5
186620581,!V TRIAL_VAR Stim_Major_Axis_deg 0.3
186620581,!V TRIAL_VAR Stim_Minor_Axis_deg 0.3
186620581,!V TRIAL_VAR Stim_Orientation_deg 0.0
186620581,!V TRIAL_VAR Gap_Duration_ms 100.0
186620581,!V TRIAL_VAR Stim_Duration_ms 200.0
186620581,!V TRIAL_VAR Stim_Hold_Time_ms 100.0
186620582,!V TRIAL_VAR Condition_ID C000033
186620582,!V TRIAL_VAR Is_Control False
186620582,!V TRIAL_VAR Stim_Color_Name Gray
186620582,!V TRIAL_VAR Stim_Intensity_Level 150
186620582,!V TRIAL_VAR Stim_Pos_X_deg 0.0
186620582,!V TRIAL_VAR Stim_Pos_Y_deg 2.0
186620587,FIX_ON TRIAL 69
186620880,GAZE_ACQUIRED TRIAL 69
186621112,FIX_OFF TRIAL 69
186621219,STIM_ON TRIAL 69
186621326,TARGET_ENTER TRIAL 69
186621423,STIM_OFF TRIAL 69
186621437,STIM_WINDOW_END TRIAL 69
186621441,REWARD TRIAL 69
186621704,!V TRIAL_VAR Status Success
186621704,!V TRIAL_VAR Subject_ID Monkey_H18
186621704,TRIAL_RESULT Success
186624751,TRIALID 70
186624751,!V TRIAL_VAR Subject_ID Monkey_H18
186624751,!V TRIAL_VAR Planned_Fixation_Duration_ms 727.515957943721
186624751,!V TRIAL_VAR Fixation_Pos_X_deg -6.0
186624751,!V TRIAL_VAR Fixation_Pos_Y_deg 8.0
186624751,!V TRIAL_VAR Fixation_Point_Radius_deg 0.2
186624751,!V TRIAL_VAR Fix_Window_Radius_deg 3.0
186624751,!V TRIAL_VAR Stim_Pos_X_deg -6.0
186624751,!V TRIAL_VAR Stim_Pos_Y_deg 2.0
186624751,!V TRIAL_VAR Stim_Window_Radius_deg 3.5
186624751,!V TRIAL_VAR Stim_Major_Axis_deg 0.3
186624751,!V TRIAL_VAR Stim_Minor_Axis_deg 0.3
186624751,!V TRIAL_VAR Stim_Orientation_deg 0.0
186624751,!V TRIAL_VAR Gap_Duration_ms 100.0
186624751,!V TRIAL_VAR Stim_Duration_ms 200.0
186624751,!V TRIAL_VAR Stim_Hold_Time_ms 100.0
186624752,!V TRIAL_VAR Condition_ID C000034
186624752,!V TRIAL_VAR Is_Control False
186624752,!V TRIAL_VAR Stim_Color_Name Gray
186624752,!V TRIAL_VAR Stim_Intensity_Level 150
186624752,!V TRIAL_VAR Stim_Pos_X_deg -6.0
186624752,!V TRIAL_VAR Stim_Pos_Y_deg 2.0
186624754,FIX_ON TRIAL 70
186625130,GAZE_ACQUIRED TRIAL 70
186625708,FIX_OFF TRIAL 70
186625815,STIM_ON TRIAL 70
186625955,TARGET_ENTER TRIAL 70
186626023,STIM_OFF TRIAL 70
186626062,STIM_WINDOW_END TRIAL 70
186626065,REWARD TRIAL 70
186626328,!V TRIAL_VAR Status Success
186626328,!V TRIAL_VAR Subject_ID Monkey_H18
186626328,TRIAL_RESULT Success
186629373,TRIALID 71
186629374,!V TRIAL_VAR Subject_ID Monkey_H18
186629374,!V TRIAL_VAR Planned_Fixation_Duration_ms 435.9784703674552
186629374,!V TRIAL_VAR Fixation_Pos_X_deg -6.0
186629374,!V TRIAL_VAR Fixation_Pos_Y_deg 8.0
186629374,!V TRIAL_VAR Fixation_Point_Radius_deg 0.2
186629374,!V TRIAL_VAR Fix_Window_Radius_deg 3.0
186629374,!V TRIAL_VAR Stim_Pos_X_deg 3.0
186629374,!V TRIAL_VAR Stim_Pos_Y_deg -7.0
186629374,!V TRIAL_VAR Stim_Window_Radius_deg 3.5
186629374,!V TRIAL_VAR Stim_Major_Axis_deg 0.3
186629374,!V TRIAL_VAR Stim_Minor_Axis_deg 0.3
186629374,!V TRIAL_VAR Stim_Orientation_deg 0.0
186629374,!V TRIAL_VAR Gap_Duration_ms 100.0
186629374,!V TRIAL_VAR Stim_Duration_ms 200.0
186629374,!V TRIAL_VAR Stim_Hold_Time_ms 100.0
186629374,!V TRIAL_VAR Condition_ID C000035
186629375,!V TRIAL_VAR Is_Control False
186629375,!V TRIAL_VAR Stim_Color_Name Gray
186629375,!V TRIAL_VAR Stim_Intensity_Level 30
186629375,!V TRIAL_VAR Stim_Pos_X_deg 3.0
186629375,!V TRIAL_VAR Stim_Pos_Y_deg -7.0
186629380,FIX_ON TRIAL 71
186631387,FIX_OFF TRIAL 71
186631391,!V TRIAL_VAR Status nofix_1
186631391,!V TRIAL_VAR Subject_ID Monkey_H18
186631391,TRIAL_RESULT nofix_1
186634448,TRIALID 72
186634448,!V TRIAL_VAR Subject_ID Monkey_H18
186634448,!V TRIAL_VAR Planned_Fixation_Duration_ms 457.4546662898795
186634448,!V TRIAL_VAR Fixation_Pos_X_deg -6.0
186634448,!V TRIAL_VAR Fixation_Pos_Y_deg 8.0
186634448,!V TRIAL_VAR Fixation_Point_Radius_deg 0.2
186634448,!V TRIAL_VAR Fix_Window_Radius_deg 3.0
186634448,!V TRIAL_VAR Stim_Pos_X_deg 3.0
186634448,!V TRIAL_VAR Stim_Pos_Y_deg -7.0
186634448,!V TRIAL_VAR Stim_Window_Radius_deg 3.5
186634449,!V TRIAL_VAR Stim_Major_Axis_deg 0.3
186634449,!V TRIAL_VAR Stim_Minor_Axis_deg 0.3
186634449,!V TRIAL_VAR Stim_Orientation_deg 0.0
186634449,!V TRIAL_VAR Gap_Duration_ms 100.0
186634449,!V TRIAL_VAR Stim_Duration_ms 200.0
186634449,!V TRIAL_VAR Stim_Hold_Time_ms 100.0
186634449,!V TRIAL_VAR Condition_ID C000035
186634449,!V TRIAL_VAR Is_Control False
186634449,!V TRIAL_VAR Stim_Color_Name Gray
186634449,!V TRIAL_VAR Stim_Intensity_Level 30
186634449,!V TRIAL_VAR Stim_Pos_X_deg 3.0
186634449,!V TRIAL_VAR Stim_Pos_Y_deg -7.0
186634454,FIX_ON TRIAL 72
186636462,FIX_OFF TRIAL 72
186636465,!V TRIAL_VAR Status nofix_1
186636465,!V TRIAL_VAR Subject_ID Monkey_H18
186636465,TRIAL_RESULT nofix_1
186639511,TRIALID 73
186639512,!V TRIAL_VAR Subject_ID Monkey_H18
186639512,!V TRIAL_VAR Planned_Fixation_Duration_ms 631.7038215900058
186639512,!V TRIAL_VAR Fixation_Pos_X_deg -6.0
186639512,!V TRIAL_VAR Fixation_Pos_Y_deg 8.0
186639512,!V TRIAL_VAR Fixation_Point_Radius_deg 0.2
186639512,!V TRIAL_VAR Fix_Window_Radius_deg 3.0
186639512,!V TRIAL_VAR Stim_Pos_X_deg 3.0
186639512,!V TRIAL_VAR Stim_Pos_Y_deg -7.0
186639512,!V TRIAL_VAR Stim_Window_Radius_deg 3.5
186639512,!V TRIAL_VAR Stim_Major_Axis_deg 0.3
186639512,!V TRIAL_VAR Stim_Minor_Axis_deg 0.3
186639512,!V TRIAL_VAR Stim_Orientation_deg 0.0
186639512,!V TRIAL_VAR Gap_Duration_ms 100.0
186639512,!V TRIAL_VAR Stim_Duration_ms 200.0
186639512,!V TRIAL_VAR Stim_Hold_Time_ms 100.0
186639513,!V TRIAL_VAR Condition_ID C000035
186639513,!V TRIAL_VAR Is_Control False
186639513,!V TRIAL_VAR Stim_Color_Name Gray
186639513,!V TRIAL_VAR Stim_Intensity_Level 30
186639513,!V TRIAL_VAR Stim_Pos_X_deg 3.0
186639513,!V TRIAL_VAR Stim_Pos_Y_deg -7.0
186639515,FIX_ON TRIAL 73
186640020,GAZE_ACQUIRED TRIAL 73
186640505,FIX_OFF TRIAL 73
186640608,STIM_ON TRIAL 73
186640741,TARGET_ENTER TRIAL 73
186640815,STIM_OFF TRIAL 73
186640844,STIM_WINDOW_END TRIAL 73
186640848,REWARD TRIAL 73
186641111,!V TRIAL_VAR Status Success
186641111,!V TRIAL_VAR Subject_ID Monkey_H18
186641111,TRIAL_RESULT Success
186644157,TRIALID 74
186644157,!V TRIAL_VAR Subject_ID Monkey_H18
186644157,!V TRIAL_VAR Planned_Fixation_Duration_ms 593.3116999212076
186644157,!V TRIAL_VAR Fixation_Pos_X_deg -6.0
186644157,!V TRIAL_VAR Fixation_Pos_Y_deg 8.0
186644157,!V TRIAL_VAR Fixation_Point_Radius_deg 0.2
186644157,!V TRIAL_VAR Fix_Window_Radius_deg 3.0
186644157,!V TRIAL_VAR Stim_Pos_X_deg -3.0
186644157,!V TRIAL_VAR Stim_Pos_Y_deg -7.0
186644157,!V TRIAL_VAR Stim_Window_Radius_deg 3.5
186644157,!V TRIAL_VAR Stim_Major_Axis_deg 0.3
186644157,!V TRIAL_VAR Stim_Minor_Axis_deg 0.3
186644157,!V TRIAL_VAR Stim_Orientation_deg 0.0
186644157,!V TRIAL_VAR Gap_Duration_ms 100.0
186644157,!V TRIAL_VAR Stim_Duration_ms 200.0
186644157,!V TRIAL_VAR Stim_Hold_Time_ms 100.0
186644157,!V TRIAL_VAR Condition_ID C000036
186644162,ERROR MESSAGES LOST 5
186644162,FIX_ON TRIAL 74
186644483,GAZE_ACQUIRED TRIAL 74
186644930,FIX_OFF TRIAL 74
186645037,STIM_ON TRIAL 74
186645155,TARGET_ENTER TRIAL 74
186645244,STIM_OFF TRIAL 74
186645258,STIM_WINDOW_END TRIAL 74
186645262,REWARD TRIAL 74
186645524,!V TRIAL_VAR Status Success
186645524,!V TRIAL_VAR Subject_ID Monkey_H18
186645524,TRIAL_RESULT Success
186648572,TRIALID 75
186648573,!V TRIAL_VAR Subject_ID Monkey_H18
186648573,!V TRIAL_VAR Planned_Fixation_Duration_ms 383.160344645845
186648573,!V TRIAL_VAR Fixation_Pos_X_deg -6.0
186648573,!V TRIAL_VAR Fixation_Pos_Y_deg 8.0
186648573,!V TRIAL_VAR Fixation_Point_Radius_deg 0.2
186648573,!V TRIAL_VAR Fix_Window_Radius_deg 3.0
186648573,!V TRIAL_VAR Stim_Pos_X_deg -6.0
186648573,!V TRIAL_VAR Stim_Pos_Y_deg -7.0
186648573,!V TRIAL_VAR Stim_Window_Radius_deg 3.5
186648573,!V TRIAL_VAR Stim_Major_Axis_deg 0.3
186648573,!V TRIAL_VAR Stim_Minor_Axis_deg 0.3
186648573,!V TRIAL_VAR Stim_Orientation_deg 0.0
186648573,!V TRIAL_VAR Gap_Duration_ms 100.0
186648573,!V TRIAL_VAR Stim_Duration_ms 200.0
186648573,!V TRIAL_VAR Stim_Hold_Time_ms 100.0
186648574,!V TRIAL_VAR Condition_ID C000037
186648574,!V TRIAL_VAR Is_Control False
186648574,!V TRIAL_VAR Stim_Color_Name Gray
186648574,!V TRIAL_VAR Stim_Intensity_Level 60
186648574,!V TRIAL_VAR Stim_Pos_X_deg -6.0
186648574,!V TRIAL_VAR Stim_Pos_Y_deg -7.0
186648576,FIX_ON TRIAL 75
186649502,GAZE_ACQUIRED TRIAL 75
186649741,FIX_OFF TRIAL 75
186649847,STIM_ON TRIAL 75
186649987,TARGET_ENTER TRIAL 75
186650055,STIM_OFF TRIAL 75
186650098,STIM_WINDOW_END TRIAL 75
186650102,REWARD TRIAL 75
186650364,!V TRIAL_VAR Status Success
186650364,!V TRIAL_VAR Subject_ID Monkey_H18
186650364,TRIAL_RESULT Success
186653412,TRIALID 76
186653413,!V TRIAL_VAR Subject_ID Monkey_H18
186653413,!V TRIAL_VAR Planned_Fixation_Duration_ms 763.1918349093133
186653413,!V TRIAL_VAR Fixation_Pos_X_deg -6.0
186653413,!V TRIAL_VAR Fixation_Pos_Y_deg 8.0
186653413,!V TRIAL_VAR Fixation_Point_Radius_deg 0.2
186653413,!V TRIAL_VAR Fix_Window_Radius_deg 3.0
186653413,!V TRIAL_VAR Stim_Pos_X_deg 6.0
186653413,!V TRIAL_VAR Stim_Pos_Y_deg 5.0
186653413,!V TRIAL_VAR Stim_Window_Radius_deg 3.5
186653413,!V TRIAL_VAR Stim_Major_Axis_deg 0.3
186653413,!V TRIAL_VAR Stim_Minor_Axis_deg 0.3
186653413,!V TRIAL_VAR Stim_Orientation_deg 0.0
186653413,!V TRIAL_VAR Gap_Duration_ms 100.0
186653413,!V TRIAL_VAR Stim_Duration_ms 200.0
186653413,!V TRIAL_VAR Stim_Hold_Time_ms 100.0
186653414,!V TRIAL_VAR Condition_ID C000038
186653414,!V TRIAL_VAR Is_Control False
186653414,!V TRIAL_VAR Stim_Color_Name Gray
186653414,!V TRIAL_VAR Stim_Intensity_Level 180
186653414,!V TRIAL_VAR Stim_Pos_X_deg 6.0
186653414,!V TRIAL_VAR Stim_Pos_Y_deg 5.0
186653419,FIX_ON TRIAL 76
186653851,GAZE_ACQUIRED TRIAL 76
186654473,FIX_OFF TRIAL 76
186654580,STIM_ON TRIAL 76
186654726,TARGET_ENTER TRIAL 76
186654787,STIM_OFF TRIAL 76
186654830,STIM_WINDOW_END TRIAL 76
186654834,REWARD TRIAL 76
186655098,!V TRIAL_VAR Status Success
186655098,!V TRIAL_VAR Subject_ID Monkey_H18
186655098,TRIAL_RESULT Success
186658152,TRIALID 77
186658153,!V TRIAL_VAR Subject_ID Monkey_H18
186658153,!V TRIAL_VAR Planned_Fixation_Duration_ms 441.19066797039767
186658153,!V TRIAL_VAR Fixation_Pos_X_deg 12.0
186658153,!V TRIAL_VAR Fixation_Pos_Y_deg -7.0
186658153,!V TRIAL_VAR Fixation_Point_Radius_deg 0.2
186658153,!V TRIAL_VAR Fix_Window_Radius_deg 3.0
186658153,!V TRIAL_VAR Stim_Pos_X_deg 12.0
186658153,!V TRIAL_VAR Stim_Pos_Y_deg -7.0
186658153,!V TRIAL_VAR Stim_Window_Radius_deg 3.5
186658153,!V TRIAL_VAR Stim_Major_Axis_deg 0.3
186658153,!V TRIAL_VAR Stim_Minor_Axis_deg 0.3
186658153,!V TRIAL_VAR Stim_Orientation_deg 0.0
186658153,!V TRIAL_VAR Gap_Duration_ms 100.0
186658153,!V TRIAL_VAR Stim_Duration_ms 200.0
186658153,!V TRIAL_VAR Stim_Hold_Time_ms 100.0
186658153,!V TRIAL_VAR Condition_ID C000039
186658154,!V TRIAL_VAR Is_Control True
186658154,!V TRIAL_VAR Stim_Color_Name Control
186658154,!V TRIAL_VAR Stim_Intensity_Level 0
186658154,!V TRIAL_VAR Stim_Pos_X_deg 12.0
186658154,!V TRIAL_VAR Stim_Pos_Y_deg -7.0
186658158,FIX_ON TRIAL 77
186658502,GAZE_ACQUIRED TRIAL 77
186658797,FIX_OFF TRIAL 77
186658808,REWARD TRIAL 77
186659072,!V TRIAL_VAR Status Control_Success
186659072,!V TRIAL_VAR Subject_ID Monkey_H18
186659072,TRIAL_RESULT Control_Success
186662122,TRIALID 78
186662122,!V TRIAL_VAR Subject_ID Monkey_H18
186662122,!V TRIAL_VAR Planned_Fixation_Duration_ms 378.9034785740126
186662122,!V TRIAL_VAR Fixation_Pos_X_deg -6.0
186662122,!V TRIAL_VAR Fixation_Pos_Y_deg 8.0
186662122,!V TRIAL_VAR Fixation_Point_Radius_deg 0.2
186662122,!V TRIAL_VAR Fix_Window_Radius_deg 3.0
186662122,!V TRIAL_VAR Stim_Pos_X_deg -6.0
186662122,!V TRIAL_VAR Stim_Pos_Y_deg -1.0
186662122,!V TRIAL_VAR Stim_Window_Radius_deg 3.5
186662122,!V TRIAL_VAR Stim_Major_Axis_deg 0.3
186662122,!V TRIAL_VAR Stim_Minor_Axis_deg 0.3
186662122,!V TRIAL_VAR Stim_Orientation_deg 0.0
186662122,!V TRIAL_VAR Gap_Duration_ms 100.0
186662122,!V TRIAL_VAR Stim_Duration_ms 200.0
186662122,!V TRIAL_VAR Stim_Hold_Time_ms 100.0
186662123,!V TRIAL_VAR Condition_ID C000040
186662123,!V TRIAL_VAR Is_Control False
186662123,!V TRIAL_VAR Stim_Color_Name Gray
186662123,!V TRIAL_VAR Stim_Intensity_Level 90
186662123,!V TRIAL_VAR Stim_Pos_X_deg -6.0
186662123,!V TRIAL_VAR Stim_Pos_Y_deg -1.0
186662126,FIX_ON TRIAL 78
186662498,GAZE_ACQUIRED TRIAL 78
186662730,FIX_OFF TRIAL 78
186662837,STIM_ON TRIAL 78
186662962,TARGET_ENTER TRIAL 78
186663044,STIM_OFF TRIAL 78
186663073,STIM_WINDOW_END TRIAL 78
186663076,REWARD TRIAL 78
186663339,!V TRIAL_VAR Status Success
186663339,!V TRIAL_VAR Subject_ID Monkey_H18
186663339,TRIAL_RESULT Success
186666384,TRIALID 79
186666384,!V TRIAL_VAR Subject_ID Monkey_H18
186666384,!V TRIAL_VAR Planned_Fixation_Duration_ms 531.9298188320618
186666384,!V TRIAL_VAR Fixation_Pos_X_deg -6.0
186666384,!V TRIAL_VAR Fixation_Pos_Y_deg 8.0
186666384,!V TRIAL_VAR Fixation_Point_Radius_deg 0.2
186666384,!V TRIAL_VAR Fix_Window_Radius_deg 3.0
186666384,!V TRIAL_VAR Stim_Pos_X_deg -6.0
186666384,!V TRIAL_VAR Stim_Pos_Y_deg -10.0
186666384,!V TRIAL_VAR Stim_Window_Radius_deg 3.5
186666384,!V TRIAL_VAR Stim_Major_Axis_deg 0.3
186666384,!V TRIAL_VAR Stim_Minor_Axis_deg 0.3
186666384,!V TRIAL_VAR Stim_Orientation_deg 0.0
186666384,!V TRIAL_VAR Gap_Duration_ms 100.0
186666384,!V TRIAL_VAR Stim_Duration_ms 200.0
186666384,!V TRIAL_VAR Stim_Hold_Time_ms 100.0
186666385,!V TRIAL_VAR Condition_ID C000041
186666385,!V TRIAL_VAR Is_Control False
186666385,!V TRIAL_VAR Stim_Color_Name Gray
186666385,!V TRIAL_VAR Stim_Intensity_Level 60
186666385,!V TRIAL_VAR Stim_Pos_X_deg -6.0
186666385,!V TRIAL_VAR Stim_Pos_Y_deg -10.0
186666391,FIX_ON TRIAL 79
186668397,FIX_OFF TRIAL 79
186668402,!V TRIAL_VAR Status nofix_1
186668402,!V TRIAL_VAR Subject_ID Monkey_H18
186668402,TRIAL_RESULT nofix_1
186671450,TRIALID 80
186671451,!V TRIAL_VAR Subject_ID Monkey_H18
186671451,!V TRIAL_VAR Planned_Fixation_Duration_ms 493.89202472537676
186671451,!V TRIAL_VAR Fixation_Pos_X_deg -6.0
186671451,!V TRIAL_VAR Fixation_Pos_Y_deg 8.0
186671451,!V TRIAL_VAR Fixation_Point_Radius_deg 0.2
186671451,!V TRIAL_VAR Fix_Window_Radius_deg 3.0
186671451,!V TRIAL_VAR Stim_Pos_X_deg -6.0
186671451,!V TRIAL_VAR Stim_Pos_Y_deg -10.0
186671451,!V TRIAL_VAR Stim_Window_Radius_deg 3.5
186671451,!V TRIAL_VAR Stim_Major_Axis_deg 0.3
186671451,!V TRIAL_VAR Stim_Minor_Axis_deg 0.3
186671451,!V TRIAL_VAR Stim_Orientation_deg 0.0
186671451,!V TRIAL_VAR Gap_Duration_ms 100.0
186671451,!V TRIAL_VAR Stim_Duration_ms 200.0
186671451,!V TRIAL_VAR Stim_Hold_Time_ms 100.0
186671451,!V TRIAL_VAR Condition_ID C000041
186671451,!V TRIAL_VAR Is_Control False
186671451,!V TRIAL_VAR Stim_Color_Name Gray
186671451,!V TRIAL_VAR Stim_Intensity_Level 60
186671451,!V TRIAL_VAR Stim_Pos_X_deg -6.0
186671451,!V TRIAL_VAR Stim_Pos_Y_deg -10.0
186671454,FIX_ON TRIAL 80
186673465,FIX_OFF TRIAL 80
186673469,!V TRIAL_VAR Status nofix_1
186673469,!V TRIAL_VAR Subject_ID Monkey_H18
186673469,TRIAL_RESULT nofix_1
186676520,TRIALID 81
186676521,!V TRIAL_VAR Subject_ID Monkey_H18
186676521,!V TRIAL_VAR Planned_Fixation_Duration_ms 665.422893354868
186676521,!V TRIAL_VAR Fixation_Pos_X_deg -6.0
186676521,!V TRIAL_VAR Fixation_Pos_Y_deg 8.0
186676521,!V TRIAL_VAR Fixation_Point_Radius_deg 0.2
186676521,!V TRIAL_VAR Fix_Window_Radius_deg 3.0
186676521,!V TRIAL_VAR Stim_Pos_X_deg -6.0
186676521,!V TRIAL_VAR Stim_Pos_Y_deg -10.0
186676521,!V TRIAL_VAR Stim_Window_Radius_deg 3.5
186676521,!V TRIAL_VAR Stim_Major_Axis_deg 0.3
186676521,!V TRIAL_VAR Stim_Minor_Axis_deg 0.3
186676521,!V TRIAL_VAR Stim_Orientation_deg 0.0
186676521,!V TRIAL_VAR Gap_Duration_ms 100.0
186676521,!V TRIAL_VAR Stim_Duration_ms 200.0
186676521,!V TRIAL_VAR Stim_Hold_Time_ms 100.0
186676521,!V TRIAL_VAR Condition_ID C000041
186676522,!V TRIAL_VAR Is_Control False
186676522,!V TRIAL_VAR Stim_Color_Name Gray
186676522,!V TRIAL_VAR Stim_Intensity_Level 60
186676522,!V TRIAL_VAR Stim_Pos_X_deg -6.0
186676522,!V TRIAL_VAR Stim_Pos_Y_deg -10.0
186676526,FIX_ON TRIAL 81
186678541,FIX_OFF TRIAL 81
186678544,!V TRIAL_VAR Status nofix_1
186678544,!V TRIAL_VAR Subject_ID Monkey_H18
186678544,TRIAL_RESULT nofix_1
186681607,TRIALID 82
186681608,!V TRIAL_VAR Subject_ID Monkey_H18
186681608,!V TRIAL_VAR Planned_Fixation_Duration_ms 642.7711301156701
186681608,!V TRIAL_VAR Fixation_Pos_X_deg -6.0
186681608,!V TRIAL_VAR Fixation_Pos_Y_deg 8.0
186681608,!V TRIAL_VAR Fixation_Point_Radius_deg 0.2
186681608,!V TRIAL_VAR Fix_Window_Radius_deg 3.0
186681608,!V TRIAL_VAR Stim_Pos_X_deg -6.0
186681608,!V TRIAL_VAR Stim_Pos_Y_deg -10.0
186681608,!V TRIAL_VAR Stim_Window_Radius_deg 3.5
186681608,!V TRIAL_VAR Stim_Major_Axis_deg 0.3
186681608,!V TRIAL_VAR Stim_Minor_Axis_deg 0.3
186681608,!V TRIAL_VAR Stim_Orientation_deg 0.0
186681608,!V TRIAL_VAR Gap_Duration_ms 100.0
186681608,!V TRIAL_VAR Stim_Duration_ms 200.0
186681608,!V TRIAL_VAR Stim_Hold_Time_ms 100.0
186681608,!V TRIAL_VAR Condition_ID C000041
186681609,!V TRIAL_VAR Is_Control False
186681609,!V TRIAL_VAR Stim_Color_Name Gray
186681609,!V TRIAL_VAR Stim_Intensity_Level 60
186681609,!V TRIAL_VAR Stim_Pos_X_deg -6.0
186681609,!V TRIAL_VAR Stim_Pos_Y_deg -10.0
186681612,FIX_ON TRIAL 82
186682087,GAZE_ACQUIRED TRIAL 82
186682587,FIX_OFF TRIAL 82
186682691,STIM_ON TRIAL 82
186682894,TARGET_ENTER TRIAL 82
186682898,STIM_OFF TRIAL 82
186682998,STIM_WINDOW_END TRIAL 82
186683002,REWARD TRIAL 82
186683271,!V TRIAL_VAR Status Success
186683271,!V TRIAL_VAR Subject_ID Monkey_H18
186683271,TRIAL_RESULT Success
186686318,TRIALID 83
186686318,!V TRIAL_VAR Subject_ID Monkey_H18
186686318,!V TRIAL_VAR Planned_Fixation_Duration_ms 764.4266855058679
186686318,!V TRIAL_VAR Fixation_Pos_X_deg -6.0
186686318,!V TRIAL_VAR Fixation_Pos_Y_deg 8.0
186686318,!V TRIAL_VAR Fixation_Point_Radius_deg 0.2
186686318,!V TRIAL_VAR Fix_Window_Radius_deg 3.0
186686318,!V TRIAL_VAR Stim_Pos_X_deg -6.0
186686318,!V TRIAL_VAR Stim_Pos_Y_deg -1.0
186686318,!V TRIAL_VAR Stim_Window_Radius_deg 3.5
186686318,!V TRIAL_VAR Stim_Major_Axis_deg 0.3
186686318,!V TRIAL_VAR Stim_Minor_Axis_deg 0.3
186686318,!V TRIAL_VAR Stim_Orientation_deg 0.0
186686318,!V TRIAL_VAR Gap_Duration_ms 100.0
186686318,!V TRIAL_VAR Stim_Duration_ms 200.0
186686318,!V TRIAL_VAR Stim_Hold_Time_ms 100.0
186686319,!V TRIAL_VAR Condition_ID C000042
186686320,!V TRIAL_VAR Is_Control False
186686320,!V TRIAL_VAR Stim_Color_Name Gray
186686320,!V TRIAL_VAR Stim_Intensity_Level 150
186686320,!V TRIAL_VAR Stim_Pos_X_deg -6.0
186686320,!V TRIAL_VAR Stim_Pos_Y_deg -1.0
186686322,FIX_ON TRIAL 83
186686602,GAZE_ACQUIRED TRIAL 83
186687219,FIX_OFF TRIAL 83
186687326,STIM_ON TRIAL 83
186687444,TARGET_ENTER TRIAL 83
186687533,STIM_OFF TRIAL 83
186688033,STIM_WINDOW_END TRIAL 83
186688538,!V TRIAL_VAR Status Break_2
186688539,!V TRIAL_VAR Subject_ID Monkey_H18
186688539,TRIAL_RESULT Break_2
186691588,TRIALID 84
186691588,!V TRIAL_VAR Subject_ID Monkey_H18
186691588,!V TRIAL_VAR Planned_Fixation_Duration_ms 733.6964742921846
186691588,!V TRIAL_VAR Fixation_Pos_X_deg -6.0
186691588,!V TRIAL_VAR Fixation_Pos_Y_deg 8.0
186691588,!V TRIAL_VAR Fixation_Point_Radius_deg 0.2
186691588,!V TRIAL_VAR Fix_Window_Radius_deg 3.0
186691588,!V TRIAL_VAR Stim_Pos_X_deg -6.0
186691588,!V TRIAL_VAR Stim_Pos_Y_deg -1.0
186691588,!V TRIAL_VAR Stim_Window_Radius_deg 3.5
186691588,!V TRIAL_VAR Stim_Major_Axis_deg 0.3
186691588,!V TRIAL_VAR Stim_Minor_Axis_deg 0.3
186691588,!V TRIAL_VAR Stim_Orientation_deg 0.0
186691588,!V TRIAL_VAR Gap_Duration_ms 100.0
186691588,!V TRIAL_VAR Stim_Duration_ms 200.0
186691588,!V TRIAL_VAR Stim_Hold_Time_ms 100.0
186691589,!V TRIAL_VAR Condition_ID C000042
186691589,!V TRIAL_VAR Is_Control False
186691589,!V TRIAL_VAR Stim_Color_Name Gray
186691590,!V TRIAL_VAR Stim_Intensity_Level 150
186691590,!V TRIAL_VAR Stim_Pos_X_deg -6.0
186691590,!V TRIAL_VAR Stim_Pos_Y_deg -1.0
186691594,FIX_ON TRIAL 84
186693608,FIX_OFF TRIAL 84
186693613,!V TRIAL_VAR Status nofix_1
186693613,!V TRIAL_VAR Subject_ID Monkey_H18
186693613,TRIAL_RESULT nofix_1
186696662,TRIALID 85
186696663,!V TRIAL_VAR Subject_ID Monkey_H18
186696663,!V TRIAL_VAR Planned_Fixation_Duration_ms 651.9170277551152
186696663,!V TRIAL_VAR Fixation_Pos_X_deg -6.0
186696663,!V TRIAL_VAR Fixation_Pos_Y_deg 8.0
186696663,!V TRIAL_VAR Fixation_Point_Radius_deg 0.2
186696663,!V TRIAL_VAR Fix_Window_Radius_deg 3.0
186696663,!V TRIAL_VAR Stim_Pos_X_deg -6.0
186696663,!V TRIAL_VAR Stim_Pos_Y_deg -1.0
186696663,!V TRIAL_VAR Stim_Window_Radius_deg 3.5
186696663,!V TRIAL_VAR Stim_Major_Axis_deg 0.3
186696663,!V TRIAL_VAR Stim_Minor_Axis_deg 0.3
186696663,!V TRIAL_VAR Stim_Orientation_deg 0.0
186696663,!V TRIAL_VAR Gap_Duration_ms 100.0
186696663,!V TRIAL_VAR Stim_Duration_ms 200.0
186696663,!V TRIAL_VAR Stim_Hold_Time_ms 100.0
186696663,!V TRIAL_VAR Condition_ID C000042
186696664,!V TRIAL_VAR Is_Control False
186696664,!V TRIAL_VAR Stim_Color_Name Gray
186696664,!V TRIAL_VAR Stim_Intensity_Level 150
186696664,!V TRIAL_VAR Stim_Pos_X_deg -6.0
186696664,!V TRIAL_VAR Stim_Pos_Y_deg -1.0
186696669,FIX_ON TRIAL 85
186698684,FIX_OFF TRIAL 85
186698688,!V TRIAL_VAR Status nofix_1
186698688,!V TRIAL_VAR Subject_ID Monkey_H18
186698688,TRIAL_RESULT nofix_1
186701736,TRIALID 86
186701736,!V TRIAL_VAR Subject_ID Monkey_H18
186701736,!V TRIAL_VAR Planned_Fixation_Duration_ms 374.5788127244145
186701736,!V TRIAL_VAR Fixation_Pos_X_deg -6.0
186701736,!V TRIAL_VAR Fixation_Pos_Y_deg 8.0
186701736,!V TRIAL_VAR Fixation_Point_Radius_deg 0.2
186701736,!V TRIAL_VAR Fix_Window_Radius_deg 3.0
186701736,!V TRIAL_VAR Stim_Pos_X_deg -6.0
186701736,!V TRIAL_VAR Stim_Pos_Y_deg -1.0
186701736,!V TRIAL_VAR Stim_Window_Radius_deg 3.5
186701736,!V TRIAL_VAR Stim_Major_Axis_deg 0.3
186701736,!V TRIAL_VAR Stim_Minor_Axis_deg 0.3
186701736,!V TRIAL_VAR Stim_Orientation_deg 0.0
186701736,!V TRIAL_VAR Gap_Duration_ms 100.0
186701736,!V TRIAL_VAR Stim_Duration_ms 200.0
186701736,!V TRIAL_VAR Stim_Hold_Time_ms 100.0
186701737,!V TRIAL_VAR Condition_ID C000042
186701737,!V TRIAL_VAR Is_Control False
186701738,!V TRIAL_VAR Stim_Color_Name Gray
186701738,!V TRIAL_VAR Stim_Intensity_Level 150
186701738,!V TRIAL_VAR Stim_Pos_X_deg -6.0
186701738,!V TRIAL_VAR Stim_Pos_Y_deg -1.0
186701741,FIX_ON TRIAL 86
186703752,FIX_OFF TRIAL 86
186703755,!V TRIAL_VAR Status nofix_1
186703755,!V TRIAL_VAR Subject_ID Monkey_H18
186703755,TRIAL_RESULT nofix_1
186706801,TRIALID 87
186706801,!V TRIAL_VAR Subject_ID Monkey_H18
186706801,!V TRIAL_VAR Planned_Fixation_Duration_ms 377.9941184733908
186706801,!V TRIAL_VAR Fixation_Pos_X_deg -6.0
186706801,!V TRIAL_VAR Fixation_Pos_Y_deg 8.0
186706801,!V TRIAL_VAR Fixation_Point_Radius_deg 0.2
186706801,!V TRIAL_VAR Fix_Window_Radius_deg 3.0
186706801,!V TRIAL_VAR Stim_Pos_X_deg -6.0
186706801,!V TRIAL_VAR Stim_Pos_Y_deg -1.0
186706801,!V TRIAL_VAR Stim_Window_Radius_deg 3.5
186706801,!V TRIAL_VAR Stim_Major_Axis_deg 0.3
186706801,!V TRIAL_VAR Stim_Minor_Axis_deg 0.3
186706801,!V TRIAL_VAR Stim_Orientation_deg 0.0
186706801,!V TRIAL_VAR Gap_Duration_ms 100.0
186706801,!V TRIAL_VAR Stim_Duration_ms 200.0
186706801,!V TRIAL_VAR Stim_Hold_Time_ms 100.0
186706802,!V TRIAL_VAR Condition_ID C000042
186706802,!V TRIAL_VAR Is_Control False
186706802,!V TRIAL_VAR Stim_Color_Name Gray
186706802,!V TRIAL_VAR Stim_Intensity_Level 150
186706802,!V TRIAL_VAR Stim_Pos_X_deg -6.0
186706802,!V TRIAL_VAR Stim_Pos_Y_deg -1.0
186706805,FIX_ON TRIAL 87
186708819,FIX_OFF TRIAL 87
186708823,!V TRIAL_VAR Status nofix_1
186708823,!V TRIAL_VAR Subject_ID Monkey_H18
186708823,TRIAL_RESULT nofix_1
186882447,TRIALID 88
186882447,!V TRIAL_VAR Subject_ID Monkey_H18
186882447,!V TRIAL_VAR Planned_Fixation_Duration_ms 620.0618975321484
186882447,!V TRIAL_VAR Fixation_Pos_X_deg -6.0
186882447,!V TRIAL_VAR Fixation_Pos_Y_deg 8.0
186882447,!V TRIAL_VAR Fixation_Point_Radius_deg 0.2
186882447,!V TRIAL_VAR Fix_Window_Radius_deg 3.0
186882447,!V TRIAL_VAR Stim_Pos_X_deg -6.0
186882447,!V TRIAL_VAR Stim_Pos_Y_deg -1.0
186882447,!V TRIAL_VAR Stim_Window_Radius_deg 3.5
186882447,!V TRIAL_VAR Stim_Major_Axis_deg 0.3
186882447,!V TRIAL_VAR Stim_Minor_Axis_deg 0.3
186882447,!V TRIAL_VAR Stim_Orientation_deg 0.0
186882447,!V TRIAL_VAR Gap_Duration_ms 100.0
186882447,!V TRIAL_VAR Stim_Duration_ms 200.0
186882447,!V TRIAL_VAR Stim_Hold_Time_ms 100.0
186882448,!V TRIAL_VAR Condition_ID C000042
186882448,!V TRIAL_VAR Is_Control False
186882448,!V TRIAL_VAR Stim_Color_Name Gray
186882448,!V TRIAL_VAR Stim_Intensity_Level 150
186882448,!V TRIAL_VAR Stim_Pos_X_deg -6.0
186882448,!V TRIAL_VAR Stim_Pos_Y_deg -1.0
186882452,FIX_ON TRIAL 88
186882998,GAZE_ACQUIRED TRIAL 88
186883473,FIX_OFF TRIAL 88
186883581,STIM_ON TRIAL 88
186883720,TARGET_ENTER TRIAL 88
186883787,STIM_OFF TRIAL 88
186883823,STIM_WINDOW_END TRIAL 88
186883827,REWARD TRIAL 88
186884091,!V TRIAL_VAR Status Success
186884091,!V TRIAL_VAR Subject_ID Monkey_H18
186884091,TRIAL_RESULT Success
186887142,TRIALID 89
186887142,!V TRIAL_VAR Subject_ID Monkey_H18
186887142,!V TRIAL_VAR Planned_Fixation_Duration_ms 443.98690008939235
186887142,!V TRIAL_VAR Fixation_Pos_X_deg -6.0
186887142,!V TRIAL_VAR Fixation_Pos_Y_deg 8.0
186887142,!V TRIAL_VAR Fixation_Point_Radius_deg 0.2
186887142,!V TRIAL_VAR Fix_Window_Radius_deg 3.0
186887142,!V TRIAL_VAR Stim_Pos_X_deg 0.0
186887142,!V TRIAL_VAR Stim_Pos_Y_deg 5.0
186887142,!V TRIAL_VAR Stim_Window_Radius_deg 3.5
186887142,!V TRIAL_VAR Stim_Major_Axis_deg 0.3
186887142,!V TRIAL_VAR Stim_Minor_Axis_deg 0.3
186887142,!V TRIAL_VAR Stim_Orientation_deg 0.0
186887142,!V TRIAL_VAR Gap_Duration_ms 100.0
186887142,!V TRIAL_VAR Stim_Duration_ms 200.0
186887142,!V TRIAL_VAR Stim_Hold_Time_ms 100.0
186887143,!V TRIAL_VAR Condition_ID C000043
186887144,!V TRIAL_VAR Is_Control False
186887144,!V TRIAL_VAR Stim_Color_Name Gray
186887144,!V TRIAL_VAR Stim_Intensity_Level 180
186887144,!V TRIAL_VAR Stim_Pos_X_deg 0.0
186887144,!V TRIAL_VAR Stim_Pos_Y_deg 5.0
186887148,FIX_ON TRIAL 89
186889159,FIX_OFF TRIAL 89
186889163,!V TRIAL_VAR Status nofix_1
186889163,!V TRIAL_VAR Subject_ID Monkey_H18
186889163,TRIAL_RESULT nofix_1
186892214,TRIALID 90
186892214,!V TRIAL_VAR Subject_ID Monkey_H18
186892214,!V TRIAL_VAR Planned_Fixation_Duration_ms 575.004942927298
186892214,!V TRIAL_VAR Fixation_Pos_X_deg -6.0
186892214,!V TRIAL_VAR Fixation_Pos_Y_deg 8.0
186892214,!V TRIAL_VAR Fixation_Point_Radius_deg 0.2
186892214,!V TRIAL_VAR Fix_Window_Radius_deg 3.0
186892214,!V TRIAL_VAR Stim_Pos_X_deg 0.0
186892214,!V TRIAL_VAR Stim_Pos_Y_deg 5.0
186892214,!V TRIAL_VAR Stim_Window_Radius_deg 3.5
186892214,!V TRIAL_VAR Stim_Major_Axis_deg 0.3
186892214,!V TRIAL_VAR Stim_Minor_Axis_deg 0.3
186892214,!V TRIAL_VAR Stim_Orientation_deg 0.0
186892214,!V TRIAL_VAR Gap_Duration_ms 100.0
186892214,!V TRIAL_VAR Stim_Duration_ms 200.0
186892214,!V TRIAL_VAR Stim_Hold_Time_ms 100.0
186892215,!V TRIAL_VAR Condition_ID C000043
186892215,!V TRIAL_VAR Is_Control False
186892215,!V TRIAL_VAR Stim_Color_Name Gray
186892215,!V TRIAL_VAR Stim_Intensity_Level 180
186892215,!V TRIAL_VAR Stim_Pos_X_deg 0.0
186892215,!V TRIAL_VAR Stim_Pos_Y_deg 5.0
186892220,FIX_ON TRIAL 90
186892788,GAZE_ACQUIRED TRIAL 90
186893213,FIX_OFF TRIAL 90
186893320,STIM_ON TRIAL 90
186893423,TARGET_ENTER TRIAL 90
186893527,STIM_OFF TRIAL 90
186893534,STIM_WINDOW_END TRIAL 90
186893538,REWARD TRIAL 90
186893801,!V TRIAL_VAR Status Success
186893801,!V TRIAL_VAR Subject_ID Monkey_H18
186893801,TRIAL_RESULT Success
186896874,TRIALID 91
186896874,!V TRIAL_VAR Subject_ID Monkey_H18
186896874,!V TRIAL_VAR Planned_Fixation_Duration_ms 616.6527916440365
186896874,!V TRIAL_VAR Fixation_Pos_X_deg -6.0
186896874,!V TRIAL_VAR Fixation_Pos_Y_deg 8.0
186896874,!V TRIAL_VAR Fixation_Point_Radius_deg 0.2
186896874,!V TRIAL_VAR Fix_Window_Radius_deg 3.0
186896874,!V TRIAL_VAR Stim_Pos_X_deg -3.0
186896874,!V TRIAL_VAR Stim_Pos_Y_deg 8.0
186896874,!V TRIAL_VAR Stim_Window_Radius_deg 3.5
186896874,!V TRIAL_VAR Stim_Major_Axis_deg 0.3
186896874,!V TRIAL_VAR Stim_Minor_Axis_deg 0.3
186896874,!V TRIAL_VAR Stim_Orientation_deg 0.0
186896874,!V TRIAL_VAR Gap_Duration_ms 100.0
186896874,!V TRIAL_VAR Stim_Duration_ms 200.0
186896874,!V TRIAL_VAR Stim_Hold_Time_ms 100.0
186896875,!V TRIAL_VAR Condition_ID C000044
186896875,!V TRIAL_VAR Is_Control False
186896875,!V TRIAL_VAR Stim_Color_Name Gray
186896875,!V TRIAL_VAR Stim_Intensity_Level 180
186896875,!V TRIAL_VAR Stim_Pos_X_deg -3.0
186896875,!V TRIAL_VAR Stim_Pos_Y_deg 8.0
186896881,FIX_ON TRIAL 91
186898049,GAZE_ACQUIRED TRIAL 91
186898516,FIX_OFF TRIAL 91
186898623,STIM_ON TRIAL 91
186898634,TARGET_ENTER TRIAL 91
186898831,STIM_OFF TRIAL 91
186898831,STIM_WINDOW_END TRIAL 91
186898834,REWARD TRIAL 91
186899097,!V TRIAL_VAR Status Success
186899097,!V TRIAL_VAR Subject_ID Monkey_H18
186899097,TRIAL_RESULT Success
186902142,TRIALID 92
186902142,!V TRIAL_VAR Subject_ID Monkey_H18
186902142,!V TRIAL_VAR Planned_Fixation_Duration_ms 543.5312866313712
186902142,!V TRIAL_VAR Fixation_Pos_X_deg -6.0
186902142,!V TRIAL_VAR Fixation_Pos_Y_deg 8.0
186902142,!V TRIAL_VAR Fixation_Point_Radius_deg 0.2
186902142,!V TRIAL_VAR Fix_Window_Radius_deg 3.0
186902142,!V TRIAL_VAR Stim_Pos_X_deg 3.0
186902142,!V TRIAL_VAR Stim_Pos_Y_deg -10.0
186902142,!V TRIAL_VAR Stim_Window_Radius_deg 3.5
186902142,!V TRIAL_VAR Stim_Major_Axis_deg 0.3
186902142,!V TRIAL_VAR Stim_Minor_Axis_deg 0.3
186902142,!V TRIAL_VAR Stim_Orientation_deg 0.0
186902142,!V TRIAL_VAR Gap_Duration_ms 100.0
186902142,!V TRIAL_VAR Stim_Duration_ms 200.0
186902142,!V TRIAL_VAR Stim_Hold_Time_ms 100.0
186902143,!V TRIAL_VAR Condition_ID C000045
186902144,!V TRIAL_VAR Is_Control False
186902144,!V TRIAL_VAR Stim_Color_Name Gray
186902144,!V TRIAL_VAR Stim_Intensity_Level 180
186902144,!V TRIAL_VAR Stim_Pos_X_deg 3.0
186902144,!V TRIAL_VAR Stim_Pos_Y_deg -10.0
186902148,FIX_ON TRIAL 92
186902602,GAZE_ACQUIRED TRIAL 92
186902998,FIX_OFF TRIAL 92
186903105,STIM_ON TRIAL 92
186903231,TARGET_ENTER TRIAL 92
186903313,STIM_OFF TRIAL 92
186903342,STIM_WINDOW_END TRIAL 92
186903345,REWARD TRIAL 92
186903609,!V TRIAL_VAR Status Success
186903609,!V TRIAL_VAR Subject_ID Monkey_H18
186903609,TRIAL_RESULT Success
186906658,TRIALID 93
186906658,!V TRIAL_VAR Subject_ID Monkey_H18
186906658,!V TRIAL_VAR Planned_Fixation_Duration_ms 454.16553325399536
186906658,!V TRIAL_VAR Fixation_Pos_X_deg -6.0
186906658,!V TRIAL_VAR Fixation_Pos_Y_deg 8.0
186906658,!V TRIAL_VAR Fixation_Point_Radius_deg 0.2
186906658,!V TRIAL_VAR Fix_Window_Radius_deg 3.0
186906658,!V TRIAL_VAR Stim_Pos_X_deg 3.0
186906658,!V TRIAL_VAR Stim_Pos_Y_deg -10.0
186906658,!V TRIAL_VAR Stim_Window_Radius_deg 3.5
186906658,!V TRIAL_VAR Stim_Major_Axis_deg 0.3
186906658,!V TRIAL_VAR Stim_Minor_Axis_deg 0.3
186906658,!V TRIAL_VAR Stim_Orientation_deg 0.0
186906658,!V TRIAL_VAR Gap_Duration_ms 100.0
186906658,!V TRIAL_VAR Stim_Duration_ms 200.0
186906658,!V TRIAL_VAR Stim_Hold_Time_ms 100.0
186906659,!V TRIAL_VAR Condition_ID C000046
186906659,!V TRIAL_VAR Is_Control False
186906659,!V TRIAL_VAR Stim_Color_Name Gray
186906659,!V TRIAL_VAR Stim_Intensity_Level 120
186906659,!V TRIAL_VAR Stim_Pos_X_deg 3.0
186906659,!V TRIAL_VAR Stim_Pos_Y_deg -10.0
186906663,FIX_ON TRIAL 93
186907064,GAZE_ACQUIRED TRIAL 93
186907366,FIX_OFF TRIAL 93
186907473,STIM_ON TRIAL 93
186907588,TARGET_ENTER TRIAL 93
186907677,STIM_OFF TRIAL 93
186907691,STIM_WINDOW_END TRIAL 93
186907695,REWARD TRIAL 93
186907958,!V TRIAL_VAR Status Success
186907958,!V TRIAL_VAR Subject_ID Monkey_H18
186907958,TRIAL_RESULT Success
186911006,TRIALID 94
186911007,!V TRIAL_VAR Subject_ID Monkey_H18
186911007,!V TRIAL_VAR Planned_Fixation_Duration_ms 570.9840759877267
186911007,!V TRIAL_VAR Fixation_Pos_X_deg -6.0
186911007,!V TRIAL_VAR Fixation_Pos_Y_deg 8.0
186911007,!V TRIAL_VAR Fixation_Point_Radius_deg 0.2
186911007,!V TRIAL_VAR Fix_Window_Radius_deg 3.0
186911007,!V TRIAL_VAR Stim_Pos_X_deg 0.0
186911007,!V TRIAL_VAR Stim_Pos_Y_deg -7.0
186911007,!V TRIAL_VAR Stim_Window_Radius_deg 3.5
186911007,!V TRIAL_VAR Stim_Major_Axis_deg 0.3
186911007,!V TRIAL_VAR Stim_Minor_Axis_deg 0.3
186911007,!V TRIAL_VAR Stim_Orientation_deg 0.0
186911007,!V TRIAL_VAR Gap_Duration_ms 100.0
186911007,!V TRIAL_VAR Stim_Duration_ms 200.0
186911007,!V TRIAL_VAR Stim_Hold_Time_ms 100.0
186911007,!V TRIAL_VAR Condition_ID C000047
186911007,!V TRIAL_VAR Is_Control False
186911007,!V TRIAL_VAR Stim_Color_Name Gray
186911007,!V TRIAL_VAR Stim_Intensity_Level 150
186911007,!V TRIAL_VAR Stim_Pos_X_deg 0.0
186911007,!V TRIAL_VAR Stim_Pos_Y_deg -7.0
186911013,FIX_ON TRIAL 94
186911441,GAZE_ACQUIRED TRIAL 94
186911859,FIX_OFF TRIAL 94
186911966,STIM_ON TRIAL 94
186912071,TARGET_ENTER TRIAL 94
186912173,STIM_OFF TRIAL 94
186912181,STIM_WINDOW_END TRIAL 94
186912184,REWARD TRIAL 94
186912449,!V TRIAL_VAR Status Success
186912449,!V TRIAL_VAR Subject_ID Monkey_H18
186912449,TRIAL_RESULT Success
186915500,TRIALID 95
186915500,!V TRIAL_VAR Subject_ID Monkey_H18
186915500,!V TRIAL_VAR Planned_Fixation_Duration_ms 332.03079896765945
186915500,!V TRIAL_VAR Fixation_Pos_X_deg -6.0
186915500,!V TRIAL_VAR Fixation_Pos_Y_deg 8.0
186915500,!V TRIAL_VAR Fixation_Point_Radius_deg 0.2
186915500,!V TRIAL_VAR Fix_Window_Radius_deg 3.0
186915500,!V TRIAL_VAR Stim_Pos_X_deg 9.0
186915500,!V TRIAL_VAR Stim_Pos_Y_deg 8.0
186915500,!V TRIAL_VAR Stim_Window_Radius_deg 3.5
186915500,!V TRIAL_VAR Stim_Major_Axis_deg 0.3
186915500,!V TRIAL_VAR Stim_Minor_Axis_deg 0.3
186915500,!V TRIAL_VAR Stim_Orientation_deg 0.0
186915500,!V TRIAL_VAR Gap_Duration_ms 100.0
186915500,!V TRIAL_VAR Stim_Duration_ms 200.0
186915500,!V TRIAL_VAR Stim_Hold_Time_ms 100.0
186915501,!V TRIAL_VAR Condition_ID C000048
186915501,!V TRIAL_VAR Is_Control False
186915501,!V TRIAL_VAR Stim_Color_Name Gray
186915501,!V TRIAL_VAR Stim_Intensity_Level 90
186915501,!V TRIAL_VAR Stim_Pos_X_deg 9.0
186915501,!V TRIAL_VAR Stim_Pos_Y_deg 8.0
186915505,FIX_ON TRIAL 95
186915873,GAZE_ACQUIRED TRIAL 95
186916056,FIX_OFF TRIAL 95
186916164,STIM_ON TRIAL 95
186916309,TARGET_ENTER TRIAL 95
186916371,STIM_OFF TRIAL 95
186916421,STIM_WINDOW_END TRIAL 95
186916424,REWARD TRIAL 95
186916686,!V TRIAL_VAR Status Success
186916686,!V TRIAL_VAR Subject_ID Monkey_H18
186916686,TRIAL_RESULT Success
186919732,TRIALID 96
186919732,!V TRIAL_VAR Subject_ID Monkey_H18
186919732,!V TRIAL_VAR Planned_Fixation_Duration_ms 335.272453434388
186919732,!V TRIAL_VAR Fixation_Pos_X_deg -6.0
186919732,!V TRIAL_VAR Fixation_Pos_Y_deg 8.0
186919732,!V TRIAL_VAR Fixation_Point_Radius_deg 0.2
186919732,!V TRIAL_VAR Fix_Window_Radius_deg 3.0
186919732,!V TRIAL_VAR Stim_Pos_X_deg -6.0
186919732,!V TRIAL_VAR Stim_Pos_Y_deg 8.0
186919732,!V TRIAL_VAR Stim_Window_Radius_deg 3.5
186919732,!V TRIAL_VAR Stim_Major_Axis_deg 0.3
186919732,!V TRIAL_VAR Stim_Minor_Axis_deg 0.3
186919732,!V TRIAL_VAR Stim_Orientation_deg 0.0
186919732,!V TRIAL_VAR Gap_Duration_ms 100.0
186919732,!V TRIAL_VAR Stim_Duration_ms 200.0
186919732,!V TRIAL_VAR Stim_Hold_Time_ms 100.0
186919733,!V TRIAL_VAR Condition_ID C000049
186919734,!V TRIAL_VAR Is_Control False
186919734,!V TRIAL_VAR Stim_Color_Name Gray
186919734,!V TRIAL_VAR Stim_Intensity_Level 90
186919734,!V TRIAL_VAR Stim_Pos_X_deg -6.0
186919734,!V TRIAL_VAR Stim_Pos_Y_deg 8.0
186919738,FIX_ON TRIAL 96
186920049,GAZE_ACQUIRED TRIAL 96
186920238,FIX_OFF TRIAL 96
186920345,STIM_ON TRIAL 96
186920356,TARGET_ENTER TRIAL 96
186920548,STIM_OFF TRIAL 96
186920548,STIM_WINDOW_END TRIAL 96
186920553,REWARD TRIAL 96
186920815,!V TRIAL_VAR Status Success
186920815,!V TRIAL_VAR Subject_ID Monkey_H18
186920815,TRIAL_RESULT Success
186923866,TRIALID 97
186923867,!V TRIAL_VAR Subject_ID Monkey_H18
186923867,!V TRIAL_VAR Planned_Fixation_Duration_ms 754.017144012529
186923867,!V TRIAL_VAR Fixation_Pos_X_deg -6.0
186923867,!V TRIAL_VAR Fixation_Pos_Y_deg 8.0
186923867,!V TRIAL_VAR Fixation_Point_Radius_deg 0.2
186923867,!V TRIAL_VAR Fix_Window_Radius_deg 3.0
186923867,!V TRIAL_VAR Stim_Pos_X_deg 0.0
186923867,!V TRIAL_VAR Stim_Pos_Y_deg 8.0
186923867,!V TRIAL_VAR Stim_Window_Radius_deg 3.5
186923867,!V TRIAL_VAR Stim_Major_Axis_deg 0.3
186923867,!V TRIAL_VAR Stim_Minor_Axis_deg 0.3
186923867,!V TRIAL_VAR Stim_Orientation_deg 0.0
186923867,!V TRIAL_VAR Gap_Duration_ms 100.0
186923867,!V TRIAL_VAR Stim_Duration_ms 200.0
186923867,!V TRIAL_VAR Stim_Hold_Time_ms 100.0
186923868,!V TRIAL_VAR Condition_ID C000050
186923868,!V TRIAL_VAR Is_Control False
186923868,!V TRIAL_VAR Stim_Color_Name Gray
186923868,!V TRIAL_VAR Stim_Intensity_Level 120
186923868,!V TRIAL_VAR Stim_Pos_X_deg 0.0
186923868,!V TRIAL_VAR Stim_Pos_Y_deg 8.0
186923873,FIX_ON TRIAL 97
186925249,GAZE_ACQUIRED TRIAL 97
186925855,FIX_OFF TRIAL 97
186925964,STIM_ON TRIAL 97
186926073,TARGET_ENTER TRIAL 97
186926171,STIM_OFF TRIAL 97
186926177,STIM_WINDOW_END TRIAL 97
186926182,REWARD TRIAL 97
186926445,!V TRIAL_VAR Status Success
186926445,!V TRIAL_VAR Subject_ID Monkey_H18
186926445,TRIAL_RESULT Success
186929494,TRIALID 98
186929494,!V TRIAL_VAR Subject_ID Monkey_H18
186929494,!V TRIAL_VAR Planned_Fixation_Duration_ms 302.2919519238293
186929494,!V TRIAL_VAR Fixation_Pos_X_deg -6.0
186929494,!V TRIAL_VAR Fixation_Pos_Y_deg 8.0
186929494,!V TRIAL_VAR Fixation_Point_Radius_deg 0.2
186929494,!V TRIAL_VAR Fix_Window_Radius_deg 3.0
186929494,!V TRIAL_VAR Stim_Pos_X_deg -6.0
186929494,!V TRIAL_VAR Stim_Pos_Y_deg 8.0
186929494,!V TRIAL_VAR Stim_Window_Radius_deg 3.5
186929494,!V TRIAL_VAR Stim_Major_Axis_deg 0.3
186929494,!V TRIAL_VAR Stim_Minor_Axis_deg 0.3
186929494,!V TRIAL_VAR Stim_Orientation_deg 0.0
186929494,!V TRIAL_VAR Gap_Duration_ms 100.0
186929494,!V TRIAL_VAR Stim_Duration_ms 200.0
186929494,!V TRIAL_VAR Stim_Hold_Time_ms 100.0
186929495,!V TRIAL_VAR Condition_ID C000051
186929495,!V TRIAL_VAR Is_Control False
186929495,!V TRIAL_VAR Stim_Color_Name Gray
186929495,!V TRIAL_VAR Stim_Intensity_Level 180
186929495,!V TRIAL_VAR Stim_Pos_X_deg -6.0
186929495,!V TRIAL_VAR Stim_Pos_Y_deg 8.0
186929498,FIX_ON TRIAL 98
186929789,GAZE_ACQUIRED TRIAL 98
186929949,FIX_OFF TRIAL 98
186930055,STIM_ON TRIAL 98
186930066,TARGET_ENTER TRIAL 98
186930264,STIM_OFF TRIAL 98
186930264,STIM_WINDOW_END TRIAL 98
186930266,REWARD TRIAL 98
186930530,!V TRIAL_VAR Status Success
186930530,!V TRIAL_VAR Subject_ID Monkey_H18
186930530,TRIAL_RESULT Success
186933578,TRIALID 99
186933578,!V TRIAL_VAR Subject_ID Monkey_H18
186933578,!V TRIAL_VAR Planned_Fixation_Duration_ms 761.7290895627079
186933578,!V TRIAL_VAR Fixation_Pos_X_deg 0.0
186933578,!V TRIAL_VAR Fixation_Pos_Y_deg -10.0
186933578,!V TRIAL_VAR Fixation_Point_Radius_deg 0.2
186933578,!V TRIAL_VAR Fix_Window_Radius_deg 3.0
186933578,!V TRIAL_VAR Stim_Pos_X_deg 0.0
186933578,!V TRIAL_VAR Stim_Pos_Y_deg -10.0
186933578,!V TRIAL_VAR Stim_Window_Radius_deg 3.5
186933578,!V TRIAL_VAR Stim_Major_Axis_deg 0.3
186933578,!V TRIAL_VAR Stim_Minor_Axis_deg 0.3
186933578,!V TRIAL_VAR Stim_Orientation_deg 0.0
186933578,!V TRIAL_VAR Gap_Duration_ms 100.0
186933578,!V TRIAL_VAR Stim_Duration_ms 200.0
186933578,!V TRIAL_VAR Stim_Hold_Time_ms 100.0
186933579,!V TRIAL_VAR Condition_ID C000052
186933580,!V TRIAL_VAR Is_Control True
186933580,!V TRIAL_VAR Stim_Color_Name Control
186933580,!V TRIAL_VAR Stim_Intensity_Level 0
186933580,!V TRIAL_VAR Stim_Pos_X_deg 0.0
186933580,!V TRIAL_VAR Stim_Pos_Y_deg -10.0
186933584,FIX_ON TRIAL 99
186935598,FIX_OFF TRIAL 99
186935603,!V TRIAL_VAR Status Control_nofix_1
186935603,!V TRIAL_VAR Subject_ID Monkey_H18
186935603,TRIAL_RESULT Control_nofix_1
186938650,TRIALID 100
186938650,!V TRIAL_VAR Subject_ID Monkey_H18
186938650,!V TRIAL_VAR Planned_Fixation_Duration_ms 779.5445605017135
186938650,!V TRIAL_VAR Fixation_Pos_X_deg 0.0
186938650,!V TRIAL_VAR Fixation_Pos_Y_deg -10.0
186938650,!V TRIAL_VAR Fixation_Point_Radius_deg 0.2
186938650,!V TRIAL_VAR Fix_Window_Radius_deg 3.0
186938650,!V TRIAL_VAR Stim_Pos_X_deg 0.0
186938650,!V TRIAL_VAR Stim_Pos_Y_deg -10.0
186938651,!V TRIAL_VAR Stim_Window_Radius_deg 3.5
186938651,!V TRIAL_VAR Stim_Major_Axis_deg 0.3
186938651,!V TRIAL_VAR Stim_Minor_Axis_deg 0.3
186938651,!V TRIAL_VAR Stim_Orientation_deg 0.0
186938651,!V TRIAL_VAR Gap_Duration_ms 100.0
186938651,!V TRIAL_VAR Stim_Duration_ms 200.0
186938651,!V TRIAL_VAR Stim_Hold_Time_ms 100.0
186938651,!V TRIAL_VAR Condition_ID C000052
186938651,!V TRIAL_VAR Is_Control True
186938651,!V TRIAL_VAR Stim_Color_Name Control
186938651,!V TRIAL_VAR Stim_Intensity_Level 0
186938651,!V TRIAL_VAR Stim_Pos_X_deg 0.0
186938651,!V TRIAL_VAR Stim_Pos_Y_deg -10.0
186938655,FIX_ON TRIAL 100
186939471,GAZE_ACQUIRED TRIAL 100
186939545,FIX_OFF TRIAL 100
186940049,!V TRIAL_VAR Status Control_Break_1
186940049,!V TRIAL_VAR Subject_ID Monkey_H18
186940049,TRIAL_RESULT Control_Break_1
186943095,TRIALID 101
186943096,!V TRIAL_VAR Subject_ID Monkey_H18
186943096,!V TRIAL_VAR Planned_Fixation_Duration_ms 470.29477788050383
186943096,!V TRIAL_VAR Fixation_Pos_X_deg 0.0
186943096,!V TRIAL_VAR Fixation_Pos_Y_deg -10.0
186943096,!V TRIAL_VAR Fixation_Point_Radius_deg 0.2
186943096,!V TRIAL_VAR Fix_Window_Radius_deg 3.0
186943096,!V TRIAL_VAR Stim_Pos_X_deg 0.0
186943096,!V TRIAL_VAR Stim_Pos_Y_deg -10.0
186943096,!V TRIAL_VAR Stim_Window_Radius_deg 3.5
186943096,!V TRIAL_VAR Stim_Major_Axis_deg 0.3
186943096,!V TRIAL_VAR Stim_Minor_Axis_deg 0.3
186943096,!V TRIAL_VAR Stim_Orientation_deg 0.0
186943096,!V TRIAL_VAR Gap_Duration_ms 100.0
186943096,!V TRIAL_VAR Stim_Duration_ms 200.0
186943096,!V TRIAL_VAR Stim_Hold_Time_ms 100.0
186943096,!V TRIAL_VAR Condition_ID C000052
186943097,!V TRIAL_VAR Is_Control True
186943097,!V TRIAL_VAR Stim_Color_Name Control
186943097,!V TRIAL_VAR Stim_Intensity_Level 0
186943097,!V TRIAL_VAR Stim_Pos_X_deg 0.0
186943097,!V TRIAL_VAR Stim_Pos_Y_deg -10.0
186943102,FIX_ON TRIAL 101
186943649,GAZE_ACQUIRED TRIAL 101
186943974,FIX_OFF TRIAL 101
186943984,REWARD TRIAL 101
186944247,!V TRIAL_VAR Status Control_Success
186944247,!V TRIAL_VAR Subject_ID Monkey_H18
186944247,TRIAL_RESULT Control_Success
186947294,TRIALID 102
186947295,!V TRIAL_VAR Subject_ID Monkey_H18
186947295,!V TRIAL_VAR Planned_Fixation_Duration_ms 501.3775888961732
186947295,!V TRIAL_VAR Fixation_Pos_X_deg -6.0
186947295,!V TRIAL_VAR Fixation_Pos_Y_deg 8.0
186947295,!V TRIAL_VAR Fixation_Point_Radius_deg 0.2
186947295,!V TRIAL_VAR Fix_Window_Radius_deg 3.0
186947295,!V TRIAL_VAR Stim_Pos_X_deg 0.0
186947295,!V TRIAL_VAR Stim_Pos_Y_deg -1.0
186947295,!V TRIAL_VAR Stim_Window_Radius_deg 3.5
186947295,!V TRIAL_VAR Stim_Major_Axis_deg 0.3
186947295,!V TRIAL_VAR Stim_Minor_Axis_deg 0.3
186947295,!V TRIAL_VAR Stim_Orientation_deg 0.0
186947295,!V TRIAL_VAR Gap_Duration_ms 100.0
186947295,!V TRIAL_VAR Stim_Duration_ms 200.0
186947295,!V TRIAL_VAR Stim_Hold_Time_ms 100.0
186947295,!V TRIAL_VAR Condition_ID C000053
186947296,!V TRIAL_VAR Is_Control False
186947296,!V TRIAL_VAR Stim_Color_Name Gray
186947296,!V TRIAL_VAR Stim_Intensity_Level 180
186947296,!V TRIAL_VAR Stim_Pos_X_deg 0.0
186947296,!V TRIAL_VAR Stim_Pos_Y_deg -1.0
186947299,FIX_ON TRIAL 102
186949309,FIX_OFF TRIAL 102
186949314,!V TRIAL_VAR Status nofix_1
186949314,!V TRIAL_VAR Subject_ID Monkey_H18
186949314,TRIAL_RESULT nofix_1
186952364,TRIALID 103
186952364,!V TRIAL_VAR Subject_ID Monkey_H18
186952364,!V TRIAL_VAR Planned_Fixation_Duration_ms 651.1602254880621
186952364,!V TRIAL_VAR Fixation_Pos_X_deg -6.0
186952364,!V TRIAL_VAR Fixation_Pos_Y_deg 8.0
186952364,!V TRIAL_VAR Fixation_Point_Radius_deg 0.2
186952364,!V TRIAL_VAR Fix_Window_Radius_deg 3.0
186952364,!V TRIAL_VAR Stim_Pos_X_deg 0.0
186952364,!V TRIAL_VAR Stim_Pos_Y_deg -1.0
186952364,!V TRIAL_VAR Stim_Window_Radius_deg 3.5
186952364,!V TRIAL_VAR Stim_Major_Axis_deg 0.3
186952364,!V TRIAL_VAR Stim_Minor_Axis_deg 0.3
186952364,!V TRIAL_VAR Stim_Orientation_deg 0.0
186952364,!V TRIAL_VAR Gap_Duration_ms 100.0
186952364,!V TRIAL_VAR Stim_Duration_ms 200.0
186952364,!V TRIAL_VAR Stim_Hold_Time_ms 100.0
186952365,!V TRIAL_VAR Condition_ID C000053
186952365,!V TRIAL_VAR Is_Control False
186952365,!V TRIAL_VAR Stim_Color_Name Gray
186952365,!V TRIAL_VAR Stim_Intensity_Level 180
186952365,!V TRIAL_VAR Stim_Pos_X_deg 0.0
186952365,!V TRIAL_VAR Stim_Pos_Y_deg -1.0
186952370,FIX_ON TRIAL 103
186954381,FIX_OFF TRIAL 103
186954385,!V TRIAL_VAR Status nofix_1
186954385,!V TRIAL_VAR Subject_ID Monkey_H18
186954385,TRIAL_RESULT nofix_1
186957435,TRIALID 104
186957436,!V TRIAL_VAR Subject_ID Monkey_H18
186957436,!V TRIAL_VAR Planned_Fixation_Duration_ms 560.9579590792988
186957436,!V TRIAL_VAR Fixation_Pos_X_deg -6.0
186957436,!V TRIAL_VAR Fixation_Pos_Y_deg 8.0
186957436,!V TRIAL_VAR Fixation_Point_Radius_deg 0.2
186957436,!V TRIAL_VAR Fix_Window_Radius_deg 3.0
186957436,!V TRIAL_VAR Stim_Pos_X_deg 0.0
186957436,!V TRIAL_VAR Stim_Pos_Y_deg -1.0
186957436,!V TRIAL_VAR Stim_Window_Radius_deg 3.5
186957436,!V TRIAL_VAR Stim_Major_Axis_deg 0.3
186957436,!V TRIAL_VAR Stim_Minor_Axis_deg 0.3
186957436,!V TRIAL_VAR Stim_Orientation_deg 0.0
186957436,!V TRIAL_VAR Gap_Duration_ms 100.0
186957436,!V TRIAL_VAR Stim_Duration_ms 200.0
186957436,!V TRIAL_VAR Stim_Hold_Time_ms 100.0
186957436,!V TRIAL_VAR Condition_ID C000053
186957436,!V TRIAL_VAR Is_Control False
186957436,!V TRIAL_VAR Stim_Color_Name Gray
186957436,!V TRIAL_VAR Stim_Intensity_Level 180
186957436,!V TRIAL_VAR Stim_Pos_X_deg 0.0
186957436,!V TRIAL_VAR Stim_Pos_Y_deg -1.0
186957442,FIX_ON TRIAL 104
186959456,FIX_OFF TRIAL 104
186959461,!V TRIAL_VAR Status nofix_1
186959461,!V TRIAL_VAR Subject_ID Monkey_H18
186959461,TRIAL_RESULT nofix_1
186962512,TRIALID 105
186962512,!V TRIAL_VAR Subject_ID Monkey_H18
186962512,!V TRIAL_VAR Planned_Fixation_Duration_ms 768.3320906196774
186962512,!V TRIAL_VAR Fixation_Pos_X_deg -6.0
186962512,!V TRIAL_VAR Fixation_Pos_Y_deg 8.0
186962512,!V TRIAL_VAR Fixation_Point_Radius_deg 0.2
186962512,!V TRIAL_VAR Fix_Window_Radius_deg 3.0
186962512,!V TRIAL_VAR Stim_Pos_X_deg 0.0
186962512,!V TRIAL_VAR Stim_Pos_Y_deg -1.0
186962512,!V TRIAL_VAR Stim_Window_Radius_deg 3.5
186962512,!V TRIAL_VAR Stim_Major_Axis_deg 0.3
186962512,!V TRIAL_VAR Stim_Minor_Axis_deg 0.3
186962512,!V TRIAL_VAR Stim_Orientation_deg 0.0
186962512,!V TRIAL_VAR Gap_Duration_ms 100.0
186962512,!V TRIAL_VAR Stim_Duration_ms 200.0
186962512,!V TRIAL_VAR Stim_Hold_Time_ms 100.0
186962513,!V TRIAL_VAR Condition_ID C000053
186962513,!V TRIAL_VAR Is_Control False
186962513,!V TRIAL_VAR Stim_Color_Name Gray
186962513,!V TRIAL_VAR Stim_Intensity_Level 180
186962513,!V TRIAL_VAR Stim_Pos_X_deg 0.0
186962513,!V TRIAL_VAR Stim_Pos_Y_deg -1.0
186962516,FIX_ON TRIAL 105
186964527,FIX_OFF TRIAL 105
186964532,!V TRIAL_VAR Status nofix_1
186964532,!V TRIAL_VAR Subject_ID Monkey_H18
186964532,TRIAL_RESULT nofix_1
186967582,TRIALID 106
186967582,!V TRIAL_VAR Subject_ID Monkey_H18
186967582,!V TRIAL_VAR Planned_Fixation_Duration_ms 659.9578526503425
186967582,!V TRIAL_VAR Fixation_Pos_X_deg -6.0
186967582,!V TRIAL_VAR Fixation_Pos_Y_deg 8.0
186967582,!V TRIAL_VAR Fixation_Point_Radius_deg 0.2
186967582,!V TRIAL_VAR Fix_Window_Radius_deg 3.0
186967582,!V TRIAL_VAR Stim_Pos_X_deg 0.0
186967582,!V TRIAL_VAR Stim_Pos_Y_deg -1.0
186967582,!V TRIAL_VAR Stim_Window_Radius_deg 3.5
186967582,!V TRIAL_VAR Stim_Major_Axis_deg 0.3
186967582,!V TRIAL_VAR Stim_Minor_Axis_deg 0.3
186967582,!V TRIAL_VAR Stim_Orientation_deg 0.0
186967582,!V TRIAL_VAR Gap_Duration_ms 100.0
186967582,!V TRIAL_VAR Stim_Duration_ms 200.0
186967582,!V TRIAL_VAR Stim_Hold_Time_ms 100.0
186967583,!V TRIAL_VAR Condition_ID C000053
186967584,!V TRIAL_VAR Is_Control False
186967584,!V TRIAL_VAR Stim_Color_Name Gray
186967584,!V TRIAL_VAR Stim_Intensity_Level 180
186967584,!V TRIAL_VAR Stim_Pos_X_deg 0.0
186967584,!V TRIAL_VAR Stim_Pos_Y_deg -1.0
186967588,FIX_ON TRIAL 106
186969603,FIX_OFF TRIAL 106
186969606,!V TRIAL_VAR Status nofix_1
186969606,!V TRIAL_VAR Subject_ID Monkey_H18
186969606,TRIAL_RESULT nofix_1
186972654,TRIALID 107
186972654,!V TRIAL_VAR Subject_ID Monkey_H18
186972654,!V TRIAL_VAR Planned_Fixation_Duration_ms 619.0347512477055
186972654,!V TRIAL_VAR Fixation_Pos_X_deg -6.0
186972654,!V TRIAL_VAR Fixation_Pos_Y_deg 8.0
186972654,!V TRIAL_VAR Fixation_Point_Radius_deg 0.2
186972654,!V TRIAL_VAR Fix_Window_Radius_deg 3.0
186972654,!V TRIAL_VAR Stim_Pos_X_deg 0.0
186972654,!V TRIAL_VAR Stim_Pos_Y_deg -1.0
186972654,!V TRIAL_VAR Stim_Window_Radius_deg 3.5
186972654,!V TRIAL_VAR Stim_Major_Axis_deg 0.3
186972654,!V TRIAL_VAR Stim_Minor_Axis_deg 0.3
186972654,!V TRIAL_VAR Stim_Orientation_deg 0.0
186972654,!V TRIAL_VAR Gap_Duration_ms 100.0
186972654,!V TRIAL_VAR Stim_Duration_ms 200.0
186972654,!V TRIAL_VAR Stim_Hold_Time_ms 100.0
186972655,!V TRIAL_VAR Condition_ID C000053
186972655,!V TRIAL_VAR Is_Control False
186972655,!V TRIAL_VAR Stim_Color_Name Gray
186972655,!V TRIAL_VAR Stim_Intensity_Level 180
186972655,!V TRIAL_VAR Stim_Pos_X_deg 0.0
186972655,!V TRIAL_VAR Stim_Pos_Y_deg -1.0
186972659,FIX_ON TRIAL 107
186973206,GAZE_ACQUIRED TRIAL 107
186973684,FIX_OFF TRIAL 107
186973795,STIM_ON TRIAL 107
186973927,TARGET_ENTER TRIAL 107
186974003,STIM_OFF TRIAL 107
186974032,STIM_WINDOW_END TRIAL 107
186974035,REWARD TRIAL 107
186974297,!V TRIAL_VAR Status Success
186974297,!V TRIAL_VAR Subject_ID Monkey_H18
186974297,TRIAL_RESULT Success
186977348,TRIALID 108
186977349,!V TRIAL_VAR Subject_ID Monkey_H18
186977349,!V TRIAL_VAR Planned_Fixation_Duration_ms 715.840217379774
186977349,!V TRIAL_VAR Fixation_Pos_X_deg -6.0
186977349,!V TRIAL_VAR Fixation_Pos_Y_deg 8.0
186977349,!V TRIAL_VAR Fixation_Point_Radius_deg 0.2
186977349,!V TRIAL_VAR Fix_Window_Radius_deg 3.0
186977349,!V TRIAL_VAR Stim_Pos_X_deg -6.0
186977349,!V TRIAL_VAR Stim_Pos_Y_deg 2.0
186977349,!V TRIAL_VAR Stim_Window_Radius_deg 3.5
186977349,!V TRIAL_VAR Stim_Major_Axis_deg 0.3
186977349,!V TRIAL_VAR Stim_Minor_Axis_deg 0.3
186977349,!V TRIAL_VAR Stim_Orientation_deg 0.0
186977349,!V TRIAL_VAR Gap_Duration_ms 100.0
186977349,!V TRIAL_VAR Stim_Duration_ms 200.0
186977349,!V TRIAL_VAR Stim_Hold_Time_ms 100.0
186977349,!V TRIAL_VAR Condition_ID C000054
186977350,!V TRIAL_VAR Is_Control False
186977350,!V TRIAL_VAR Stim_Color_Name Gray
186977350,!V TRIAL_VAR Stim_Intensity_Level 150
186977350,!V TRIAL_VAR Stim_Pos_X_deg -6.0
186977350,!V TRIAL_VAR Stim_Pos_Y_deg 2.0
186977352,FIX_ON TRIAL 108
186979359,FIX_OFF TRIAL 108
186979364,!V TRIAL_VAR Status nofix_1
186979364,!V TRIAL_VAR Subject_ID Monkey_H18
186979364,TRIAL_RESULT nofix_1
186982412,TRIALID 109
186982412,!V TRIAL_VAR Subject_ID Monkey_H18
186982412,!V TRIAL_VAR Planned_Fixation_Duration_ms 652.4222521931546
186982412,!V TRIAL_VAR Fixation_Pos_X_deg -6.0
186982412,!V TRIAL_VAR Fixation_Pos_Y_deg 8.0
186982412,!V TRIAL_VAR Fixation_Point_Radius_deg 0.2
186982412,!V TRIAL_VAR Fix_Window_Radius_deg 3.0
186982412,!V TRIAL_VAR Stim_Pos_X_deg -6.0
186982412,!V TRIAL_VAR Stim_Pos_Y_deg 2.0
186982412,!V TRIAL_VAR Stim_Window_Radius_deg 3.5
186982412,!V TRIAL_VAR Stim_Major_Axis_deg 0.3
186982412,!V TRIAL_VAR Stim_Minor_Axis_deg 0.3
186982412,!V TRIAL_VAR Stim_Orientation_deg 0.0
186982412,!V TRIAL_VAR Gap_Duration_ms 100.0
186982412,!V TRIAL_VAR Stim_Duration_ms 200.0
186982412,!V TRIAL_VAR Stim_Hold_Time_ms 100.0
186982412,!V TRIAL_VAR Condition_ID C000054
186982413,!V TRIAL_VAR Is_Control False
186982413,!V TRIAL_VAR Stim_Color_Name Gray
186982413,!V TRIAL_VAR Stim_Intensity_Level 150
186982413,!V TRIAL_VAR Stim_Pos_X_deg -6.0
186982413,!V TRIAL_VAR Stim_Pos_Y_deg 2.0
186982416,FIX_ON TRIAL 109
186983149,GAZE_ACQUIRED TRIAL 109
186983659,FIX_OFF TRIAL 109
186983766,STIM_ON TRIAL 109
186983921,TARGET_ENTER TRIAL 109
186983974,STIM_OFF TRIAL 109
186984031,STIM_WINDOW_END TRIAL 109
186984035,REWARD TRIAL 109
186984298,!V TRIAL_VAR Status Success
186984298,!V TRIAL_VAR Subject_ID Monkey_H18
186984298,TRIAL_RESULT Success
186987341,TRIALID 110
186987341,!V TRIAL_VAR Subject_ID Monkey_H18
186987341,!V TRIAL_VAR Planned_Fixation_Duration_ms 573.910169044387
186987341,!V TRIAL_VAR Fixation_Pos_X_deg -6.0
186987341,!V TRIAL_VAR Fixation_Pos_Y_deg 8.0
186987341,!V TRIAL_VAR Fixation_Point_Radius_deg 0.2
186987341,!V TRIAL_VAR Fix_Window_Radius_deg 3.0
186987341,!V TRIAL_VAR Stim_Pos_X_deg 12.0
186987341,!V TRIAL_VAR Stim_Pos_Y_deg 8.0
186987341,!V TRIAL_VAR Stim_Window_Radius_deg 3.5
186987341,!V TRIAL_VAR Stim_Major_Axis_deg 0.3
186987341,!V TRIAL_VAR Stim_Minor_Axis_deg 0.3
186987341,!V TRIAL_VAR Stim_Orientation_deg 0.0
186987341,!V TRIAL_VAR Gap_Duration_ms 100.0
186987341,!V TRIAL_VAR Stim_Duration_ms 200.0
186987341,!V TRIAL_VAR Stim_Hold_Time_ms 100.0
186987342,!V TRIAL_VAR Condition_ID C000055
186987342,!V TRIAL_VAR Is_Control False
186987342,!V TRIAL_VAR Stim_Color_Name Gray
186987342,!V TRIAL_VAR Stim_Intensity_Level 90
186987342,!V TRIAL_VAR Stim_Pos_X_deg 12.0
186987342,!V TRIAL_VAR Stim_Pos_Y_deg 8.0
186987345,FIX_ON TRIAL 110
186989359,FIX_OFF TRIAL 110
186989363,!V TRIAL_VAR Status nofix_1
186989363,!V TRIAL_VAR Subject_ID Monkey_H18
186989363,TRIAL_RESULT nofix_1
186992407,TRIALID 111
186992407,!V TRIAL_VAR Subject_ID Monkey_H18
186992407,!V TRIAL_VAR Planned_Fixation_Duration_ms 665.3491285922084
186992407,!V TRIAL_VAR Fixation_Pos_X_deg -6.0
186992407,!V TRIAL_VAR Fixation_Pos_Y_deg 8.0
186992407,!V TRIAL_VAR Fixation_Point_Radius_deg 0.2
186992407,!V TRIAL_VAR Fix_Window_Radius_deg 3.0
186992407,!V TRIAL_VAR Stim_Pos_X_deg 12.0
186992407,!V TRIAL_VAR Stim_Pos_Y_deg 8.0
186992407,!V TRIAL_VAR Stim_Window_Radius_deg 3.5
186992407,!V TRIAL_VAR Stim_Major_Axis_deg 0.3
186992407,!V TRIAL_VAR Stim_Minor_Axis_deg 0.3
186992407,!V TRIAL_VAR Stim_Orientation_deg 0.0
186992407,!V TRIAL_VAR Gap_Duration_ms 100.0
186992407,!V TRIAL_VAR Stim_Duration_ms 200.0
186992407,!V TRIAL_VAR Stim_Hold_Time_ms 100.0
186992408,!V TRIAL_VAR Condition_ID C000055
186992409,!V TRIAL_VAR Is_Control False
186992409,!V TRIAL_VAR Stim_Color_Name Gray
186992409,!V TRIAL_VAR Stim_Intensity_Level 90
186992409,!V TRIAL_VAR Stim_Pos_X_deg 12.0
186992409,!V TRIAL_VAR Stim_Pos_Y_deg 8.0
186992414,FIX_ON TRIAL 111
186993031,GAZE_ACQUIRED TRIAL 111
186993548,FIX_OFF TRIAL 111
186993656,STIM_ON TRIAL 111
186993809,TARGET_ENTER TRIAL 111
186993863,STIM_OFF TRIAL 111
186993913,STIM_WINDOW_END TRIAL 111
186993917,REWARD TRIAL 111
186994180,!V TRIAL_VAR Status Success
186994180,!V TRIAL_VAR Subject_ID Monkey_H18
186994180,TRIAL_RESULT Success
186997225,TRIALID 112
186997226,!V TRIAL_VAR Subject_ID Monkey_H18
186997226,!V TRIAL_VAR Planned_Fixation_Duration_ms 707.4806396134843
186997226,!V TRIAL_VAR Fixation_Pos_X_deg -6.0
186997226,!V TRIAL_VAR Fixation_Pos_Y_deg 8.0
186997226,!V TRIAL_VAR Fixation_Point_Radius_deg 0.2
186997226,!V TRIAL_VAR Fix_Window_Radius_deg 3.0
186997226,!V TRIAL_VAR Stim_Pos_X_deg 9.0
186997226,!V TRIAL_VAR Stim_Pos_Y_deg -1.0
186997226,!V TRIAL_VAR Stim_Window_Radius_deg 3.5
186997226,!V TRIAL_VAR Stim_Major_Axis_deg 0.3
186997226,!V TRIAL_VAR Stim_Minor_Axis_deg 0.3
186997226,!V TRIAL_VAR Stim_Orientation_deg 0.0
186997226,!V TRIAL_VAR Gap_Duration_ms 100.0
186997226,!V TRIAL_VAR Stim_Duration_ms 200.0
186997226,!V TRIAL_VAR Stim_Hold_Time_ms 100.0
186997227,!V TRIAL_VAR Condition_ID C000056
186997227,!V TRIAL_VAR Is_Control False
186997227,!V TRIAL_VAR Stim_Color_Name Gray
186997227,!V TRIAL_VAR Stim_Intensity_Level 90
186997227,!V TRIAL_VAR Stim_Pos_X_deg 9.0
186997227,!V TRIAL_VAR Stim_Pos_Y_deg -1.0
186997231,FIX_ON TRIAL 112
186999245,FIX_OFF TRIAL 112
186999249,!V TRIAL_VAR Status nofix_1
186999249,!V TRIAL_VAR Subject_ID Monkey_H18
186999249,TRIAL_RESULT nofix_1
187002292,TRIALID 113
187002292,!V TRIAL_VAR Subject_ID Monkey_H18
187002292,!V TRIAL_VAR Planned_Fixation_Duration_ms 631.5134233890425
187002292,!V TRIAL_VAR Fixation_Pos_X_deg -6.0
187002292,!V TRIAL_VAR Fixation_Pos_Y_deg 8.0
187002292,!V TRIAL_VAR Fixation_Point_Radius_deg 0.2
187002292,!V TRIAL_VAR Fix_Window_Radius_deg 3.0
187002292,!V TRIAL_VAR Stim_Pos_X_deg 9.0
187002292,!V TRIAL_VAR Stim_Pos_Y_deg -1.0
187002292,!V TRIAL_VAR Stim_Window_Radius_deg 3.5
187002292,!V TRIAL_VAR Stim_Major_Axis_deg 0.3
187002292,!V TRIAL_VAR Stim_Minor_Axis_deg 0.3
187002292,!V TRIAL_VAR Stim_Orientation_deg 0.0
187002292,!V TRIAL_VAR Gap_Duration_ms 100.0
187002292,!V TRIAL_VAR Stim_Duration_ms 200.0
187002292,!V TRIAL_VAR Stim_Hold_Time_ms 100.0
187002293,!V TRIAL_VAR Condition_ID C000056
187002293,!V TRIAL_VAR Is_Control False
187002293,!V TRIAL_VAR Stim_Color_Name Gray
187002293,!V TRIAL_VAR Stim_Intensity_Level 90
187002293,!V TRIAL_VAR Stim_Pos_X_deg 9.0
187002293,!V TRIAL_VAR Stim_Pos_Y_deg -1.0
187002298,FIX_ON TRIAL 113
187003660,GAZE_ACQUIRED TRIAL 113
187003763,FIX_OFF TRIAL 113
187004267,!V TRIAL_VAR Status Break_1
187004267,!V TRIAL_VAR Subject_ID Monkey_H18
187004267,TRIAL_RESULT Break_1
187007317,TRIALID 114
187007317,!V TRIAL_VAR Subject_ID Monkey_H18
187007317,!V TRIAL_VAR Planned_Fixation_Duration_ms 384.4358841544686
187007317,!V TRIAL_VAR Fixation_Pos_X_deg -6.0
187007317,!V TRIAL_VAR Fixation_Pos_Y_deg 8.0
187007317,!V TRIAL_VAR Fixation_Point_Radius_deg 0.2
187007317,!V TRIAL_VAR Fix_Window_Radius_deg 3.0
187007317,!V TRIAL_VAR Stim_Pos_X_deg 9.0
187007317,!V TRIAL_VAR Stim_Pos_Y_deg -1.0
187007317,!V TRIAL_VAR Stim_Window_Radius_deg 3.5
187007317,!V TRIAL_VAR Stim_Major_Axis_deg 0.3
187007317,!V TRIAL_VAR Stim_Minor_Axis_deg 0.3
187007317,!V TRIAL_VAR Stim_Orientation_deg 0.0
187007317,!V TRIAL_VAR Gap_Duration_ms 100.0
187007317,!V TRIAL_VAR Stim_Duration_ms 200.0
187007317,!V TRIAL_VAR Stim_Hold_Time_ms 100.0
187007318,!V TRIAL_VAR Condition_ID C000056
187007319,!V TRIAL_VAR Is_Control False
187007319,!V TRIAL_VAR Stim_Color_Name Gray
187007319,!V TRIAL_VAR Stim_Intensity_Level 90
187007319,!V TRIAL_VAR Stim_Pos_X_deg 9.0
187007319,!V TRIAL_VAR Stim_Pos_Y_deg -1.0
187007324,FIX_ON TRIAL 114
187007606,GAZE_ACQUIRED TRIAL 114
187007845,FIX_OFF TRIAL 114
187007953,STIM_ON TRIAL 114
187008106,TARGET_ENTER TRIAL 114
187008159,STIM_OFF TRIAL 114
187008209,STIM_WINDOW_END TRIAL 114
187008214,REWARD TRIAL 114
187008477,!V TRIAL_VAR Status Success
187008477,!V TRIAL_VAR Subject_ID Monkey_H18
187008477,TRIAL_RESULT Success
187011547,TRIALID 115
187011548,!V TRIAL_VAR Subject_ID Monkey_H18
187011548,!V TRIAL_VAR Planned_Fixation_Duration_ms 463.52078167941875
187011548,!V TRIAL_VAR Fixation_Pos_X_deg -6.0
187011548,!V TRIAL_VAR Fixation_Pos_Y_deg 8.0
187011548,!V TRIAL_VAR Fixation_Point_Radius_deg 0.2
187011548,!V TRIAL_VAR Fix_Window_Radius_deg 3.0
187011548,!V TRIAL_VAR Stim_Pos_X_deg 12.0
187011548,!V TRIAL_VAR Stim_Pos_Y_deg -10.0
187011548,!V TRIAL_VAR Stim_Window_Radius_deg 3.5
187011548,!V TRIAL_VAR Stim_Major_Axis_deg 0.3
187011548,!V TRIAL_VAR Stim_Minor_Axis_deg 0.3
187011548,!V TRIAL_VAR Stim_Orientation_deg 0.0
187011548,!V TRIAL_VAR Gap_Duration_ms 100.0
187011548,!V TRIAL_VAR Stim_Duration_ms 200.0
187011548,!V TRIAL_VAR Stim_Hold_Time_ms 100.0
187011548,!V TRIAL_VAR Condition_ID C000057
187011549,!V TRIAL_VAR Is_Control False
187011549,!V TRIAL_VAR Stim_Color_Name Gray
187011549,!V TRIAL_VAR Stim_Intensity_Level 180
187011549,!V TRIAL_VAR Stim_Pos_X_deg 12.0
187011549,!V TRIAL_VAR Stim_Pos_Y_deg -10.0
187011553,FIX_ON TRIAL 115
187013560,FIX_OFF TRIAL 115
187013564,!V TRIAL_VAR Status nofix_1
187013564,!V TRIAL_VAR Subject_ID Monkey_H18
187013564,TRIAL_RESULT nofix_1
187016613,TRIALID 116
187016613,!V TRIAL_VAR Subject_ID Monkey_H18
187016613,!V TRIAL_VAR Planned_Fixation_Duration_ms 621.7678231470296
187016613,!V TRIAL_VAR Fixation_Pos_X_deg -6.0
187016614,!V TRIAL_VAR Fixation_Pos_Y_deg 8.0
187016614,!V TRIAL_VAR Fixation_Point_Radius_deg 0.2
187016614,!V TRIAL_VAR Fix_Window_Radius_deg 3.0
187016614,!V TRIAL_VAR Stim_Pos_X_deg 12.0
187016614,!V TRIAL_VAR Stim_Pos_Y_deg -10.0
187016614,!V TRIAL_VAR Stim_Window_Radius_deg 3.5
187016614,!V TRIAL_VAR Stim_Major_Axis_deg 0.3
187016614,!V TRIAL_VAR Stim_Minor_Axis_deg 0.3
187016614,!V TRIAL_VAR Stim_Orientation_deg 0.0
187016614,!V TRIAL_VAR Gap_Duration_ms 100.0
187016614,!V TRIAL_VAR Stim_Duration_ms 200.0
187016614,!V TRIAL_VAR Stim_Hold_Time_ms 100.0
187016614,!V TRIAL_VAR Condition_ID C000057
187016615,!V TRIAL_VAR Is_Control False
187016615,!V TRIAL_VAR Stim_Color_Name Gray
187016615,!V TRIAL_VAR Stim_Intensity_Level 180
187016615,!V TRIAL_VAR Stim_Pos_X_deg 12.0
187016615,!V TRIAL_VAR Stim_Pos_Y_deg -10.0
187016620,FIX_ON TRIAL 116
187018627,FIX_OFF TRIAL 116
187018632,!V TRIAL_VAR Status nofix_1
187018632,!V TRIAL_VAR Subject_ID Monkey_H18
187018632,TRIAL_RESULT nofix_1
187178888,TRIALID 117
187178888,!V TRIAL_VAR Subject_ID Monkey_H18
187178888,!V TRIAL_VAR Planned_Fixation_Duration_ms 526.1880997825779
187178888,!V TRIAL_VAR Fixation_Pos_X_deg -6.0
187178888,!V TRIAL_VAR Fixation_Pos_Y_deg 8.0
187178888,!V TRIAL_VAR Fixation_Point_Radius_deg 0.2
187178888,!V TRIAL_VAR Fix_Window_Radius_deg 3.0
187178888,!V TRIAL_VAR Stim_Pos_X_deg 12.0
187178888,!V TRIAL_VAR Stim_Pos_Y_deg -10.0
187178888,!V TRIAL_VAR Stim_Window_Radius_deg 3.5
187178888,!V TRIAL_VAR Stim_Major_Axis_deg 0.3
187178888,!V TRIAL_VAR Stim_Minor_Axis_deg 0.3
187178888,!V TRIAL_VAR Stim_Orientation_deg 0.0
187178888,!V TRIAL_VAR Gap_Duration_ms 100.0
187178888,!V TRIAL_VAR Stim_Duration_ms 200.0
187178888,!V TRIAL_VAR Stim_Hold_Time_ms 100.0
187178889,!V TRIAL_VAR Condition_ID C000057
187178889,!V TRIAL_VAR Is_Control False
187178889,!V TRIAL_VAR Stim_Color_Name Gray
187178889,!V TRIAL_VAR Stim_Intensity_Level 180
187178889,!V TRIAL_VAR Stim_Pos_X_deg 12.0
187178889,!V TRIAL_VAR Stim_Pos_Y_deg -10.0
187178892,FIX_ON TRIAL 117
187179321,GAZE_ACQUIRED TRIAL 117
187179703,FIX_OFF TRIAL 117
187179810,STIM_ON TRIAL 117
187180014,STIM_OFF TRIAL 117
187180089,TARGET_ENTER TRIAL 117
187180199,STIM_WINDOW_END TRIAL 117
187180204,REWARD TRIAL 117
187180468,!V TRIAL_VAR Status Success
187180468,!V TRIAL_VAR Subject_ID Monkey_H18
187180468,TRIAL_RESULT Success
187183515,TRIALID 118
187183515,!V TRIAL_VAR Subject_ID Monkey_H18
187183515,!V TRIAL_VAR Planned_Fixation_Duration_ms 709.0549281641547
187183515,!V TRIAL_VAR Fixation_Pos_X_deg -6.0
187183515,!V TRIAL_VAR Fixation_Pos_Y_deg 8.0
187183515,!V TRIAL_VAR Fixation_Point_Radius_deg 0.2
187183515,!V TRIAL_VAR Fix_Window_Radius_deg 3.0
187183515,!V TRIAL_VAR Stim_Pos_X_deg 9.0
187183515,!V TRIAL_VAR Stim_Pos_Y_deg -1.0
187183515,!V TRIAL_VAR Stim_Window_Radius_deg 3.5
187183515,!V TRIAL_VAR Stim_Major_Axis_deg 0.3
187183515,!V TRIAL_VAR Stim_Minor_Axis_deg 0.3
187183515,!V TRIAL_VAR Stim_Orientation_deg 0.0
187183515,!V TRIAL_VAR Gap_Duration_ms 100.0
187183515,!V TRIAL_VAR Stim_Duration_ms 200.0
187183515,!V TRIAL_VAR Stim_Hold_Time_ms 100.0
187183516,!V TRIAL_VAR Condition_ID C000058
187183516,!V TRIAL_VAR Is_Control False
187183516,!V TRIAL_VAR Stim_Color_Name Gray
187183516,!V TRIAL_VAR Stim_Intensity_Level 120
187183516,!V TRIAL_VAR Stim_Pos_X_deg 9.0
187183516,!V TRIAL_VAR Stim_Pos_Y_deg -1.0
187183521,FIX_ON TRIAL 118
187183832,GAZE_ACQUIRED TRIAL 118
187184399,FIX_OFF TRIAL 118
187184503,STIM_ON TRIAL 118
187184628,TARGET_ENTER TRIAL 118
187184710,STIM_OFF TRIAL 118
187184732,STIM_WINDOW_END TRIAL 118
187184735,REWARD TRIAL 118
187184997,!V TRIAL_VAR Status Success
187184997,!V TRIAL_VAR Subject_ID Monkey_H18
187184997,TRIAL_RESULT Success
187188050,TRIALID 119
187188051,!V TRIAL_VAR Subject_ID Monkey_H18
187188051,!V TRIAL_VAR Planned_Fixation_Duration_ms 613.3012497793387
187188051,!V TRIAL_VAR Fixation_Pos_X_deg -6.0
187188051,!V TRIAL_VAR Fixation_Pos_Y_deg 8.0
187188051,!V TRIAL_VAR Fixation_Point_Radius_deg 0.2
187188051,!V TRIAL_VAR Fix_Window_Radius_deg 3.0
187188051,!V TRIAL_VAR Stim_Pos_X_deg 9.0
187188051,!V TRIAL_VAR Stim_Pos_Y_deg -7.0
187188051,!V TRIAL_VAR Stim_Window_Radius_deg 3.5
187188051,!V TRIAL_VAR Stim_Major_Axis_deg 0.3
187188051,!V TRIAL_VAR Stim_Minor_Axis_deg 0.3
187188051,!V TRIAL_VAR Stim_Orientation_deg 0.0
187188051,!V TRIAL_VAR Gap_Duration_ms 100.0
187188051,!V TRIAL_VAR Stim_Duration_ms 200.0
187188051,!V TRIAL_VAR Stim_Hold_Time_ms 100.0
187188052,!V TRIAL_VAR Condition_ID C000059
187188052,!V TRIAL_VAR Is_Control False
187188052,!V TRIAL_VAR Stim_Color_Name Gray
187188052,!V TRIAL_VAR Stim_Intensity_Level 180
187188052,!V TRIAL_VAR Stim_Pos_X_deg 9.0
187188052,!V TRIAL_VAR Stim_Pos_Y_deg -7.0
187188056,FIX_ON TRIAL 119
187188425,GAZE_ACQUIRED TRIAL 119
187188895,FIX_OFF TRIAL 119
187189010,STIM_ON TRIAL 119
187189150,TARGET_ENTER TRIAL 119
187189217,STIM_OFF TRIAL 119
187189260,STIM_WINDOW_END TRIAL 119
187189264,REWARD TRIAL 119
187189526,!V TRIAL_VAR Status Success
187189526,!V TRIAL_VAR Subject_ID Monkey_H18
187189526,TRIAL_RESULT Success
187192570,TRIALID 120
187192570,!V TRIAL_VAR Subject_ID Monkey_H18
187192570,!V TRIAL_VAR Planned_Fixation_Duration_ms 586.9427340953039
187192570,!V TRIAL_VAR Fixation_Pos_X_deg -6.0
187192570,!V TRIAL_VAR Fixation_Pos_Y_deg 8.0
187192570,!V TRIAL_VAR Fixation_Point_Radius_deg 0.2
187192570,!V TRIAL_VAR Fix_Window_Radius_deg 3.0
187192570,!V TRIAL_VAR Stim_Pos_X_deg -3.0
187192570,!V TRIAL_VAR Stim_Pos_Y_deg 2.0
187192570,!V TRIAL_VAR Stim_Window_Radius_deg 3.5
187192570,!V TRIAL_VAR Stim_Major_Axis_deg 0.3
187192570,!V TRIAL_VAR Stim_Minor_Axis_deg 0.3
187192570,!V TRIAL_VAR Stim_Orientation_deg 0.0
187192570,!V TRIAL_VAR Gap_Duration_ms 100.0
187192570,!V TRIAL_VAR Stim_Duration_ms 200.0
187192570,!V TRIAL_VAR Stim_Hold_Time_ms 100.0
187192570,!V TRIAL_VAR Condition_ID C000060
187192574,ERROR MESSAGES LOST 5
187192574,FIX_ON TRIAL 120
187193185,GAZE_ACQUIRED TRIAL 120
187193624,FIX_OFF TRIAL 120
187193731,STIM_ON TRIAL 120
187193835,TARGET_ENTER TRIAL 120
187193939,STIM_OFF TRIAL 120
187193939,STIM_WINDOW_END TRIAL 120
187193943,REWARD TRIAL 120
187194205,!V TRIAL_VAR Status Success
187194205,!V TRIAL_VAR Subject_ID Monkey_H18
187194205,TRIAL_RESULT Success
187197253,TRIALID 121
187197253,!V TRIAL_VAR Subject_ID Monkey_H18
187197253,!V TRIAL_VAR Planned_Fixation_Duration_ms 422.36285909248755
187197253,!V TRIAL_VAR Fixation_Pos_X_deg -6.0
187197253,!V TRIAL_VAR Fixation_Pos_Y_deg 8.0
187197253,!V TRIAL_VAR Fixation_Point_Radius_deg 0.2
187197253,!V TRIAL_VAR Fix_Window_Radius_deg 3.0
187197253,!V TRIAL_VAR Stim_Pos_X_deg -3.0
187197253,!V TRIAL_VAR Stim_Pos_Y_deg -1.0
187197253,!V TRIAL_VAR Stim_Window_Radius_deg 3.5
187197253,!V TRIAL_VAR Stim_Major_Axis_deg 0.3
187197253,!V TRIAL_VAR Stim_Minor_Axis_deg 0.3
187197253,!V TRIAL_VAR Stim_Orientation_deg 0.0
187197253,!V TRIAL_VAR Gap_Duration_ms 100.0
187197253,!V TRIAL_VAR Stim_Duration_ms 200.0
187197253,!V TRIAL_VAR Stim_Hold_Time_ms 100.0
187197254,!V TRIAL_VAR Condition_ID C000061
187197255,!V TRIAL_VAR Is_Control False
187197255,!V TRIAL_VAR Stim_Color_Name Gray
187197255,!V TRIAL_VAR Stim_Intensity_Level 120
187197255,!V TRIAL_VAR Stim_Pos_X_deg -3.0
187197255,!V TRIAL_VAR Stim_Pos_Y_deg -1.0
187197260,FIX_ON TRIAL 121
187197859,GAZE_ACQUIRED TRIAL 121
187198135,FIX_OFF TRIAL 121
187198242,STIM_ON TRIAL 121
187198354,TARGET_ENTER TRIAL 121
187198449,STIM_OFF TRIAL 121
187198464,STIM_WINDOW_END TRIAL 121
187198467,REWARD TRIAL 121
187198731,!V TRIAL_VAR Status Success
187198731,!V TRIAL_VAR Subject_ID Monkey_H18
187198731,TRIAL_RESULT Success
187201778,TRIALID 122
187201779,!V TRIAL_VAR Subject_ID Monkey_H18
187201779,!V TRIAL_VAR Planned_Fixation_Duration_ms 642.1112174230917
187201779,!V TRIAL_VAR Fixation_Pos_X_deg -6.0
187201779,!V TRIAL_VAR Fixation_Pos_Y_deg 8.0
187201779,!V TRIAL_VAR Fixation_Point_Radius_deg 0.2
187201779,!V TRIAL_VAR Fix_Window_Radius_deg 3.0
187201779,!V TRIAL_VAR Stim_Pos_X_deg 9.0
187201779,!V TRIAL_VAR Stim_Pos_Y_deg -4.0
187201779,!V TRIAL_VAR Stim_Window_Radius_deg 3.5
187201779,!V TRIAL_VAR Stim_Major_Axis_deg 0.3
187201779,!V TRIAL_VAR Stim_Minor_Axis_deg 0.3
187201779,!V TRIAL_VAR Stim_Orientation_deg 0.0
187201779,!V TRIAL_VAR Gap_Duration_ms 100.0
187201779,!V TRIAL_VAR Stim_Duration_ms 200.0
187201779,!V TRIAL_VAR Stim_Hold_Time_ms 100.0
187201780,!V TRIAL_VAR Condition_ID C000062
187201780,!V TRIAL_VAR Is_Control False
187201780,!V TRIAL_VAR Stim_Color_Name Gray
187201780,!V TRIAL_VAR Stim_Intensity_Level 150
187201780,!V TRIAL_VAR Stim_Pos_X_deg 9.0
187201780,!V TRIAL_VAR Stim_Pos_Y_deg -4.0
187201785,FIX_ON TRIAL 122
187202596,GAZE_ACQUIRED TRIAL 122
187203093,FIX_OFF TRIAL 122
187203203,STIM_ON TRIAL 122
187203314,TARGET_ENTER TRIAL 122
187203410,STIM_OFF TRIAL 122
187203417,STIM_WINDOW_END TRIAL 122
187203421,REWARD TRIAL 122
187203685,!V TRIAL_VAR Status Success
187203685,!V TRIAL_VAR Subject_ID Monkey_H18
187203685,TRIAL_RESULT Success
187206731,TRIALID 123
187206731,!V TRIAL_VAR Subject_ID Monkey_H18
187206731,!V TRIAL_VAR Planned_Fixation_Duration_ms 357.7655593466692
187206731,!V TRIAL_VAR Fixation_Pos_X_deg -6.0
187206731,!V TRIAL_VAR Fixation_Pos_Y_deg 8.0
187206731,!V TRIAL_VAR Fixation_Point_Radius_deg 0.2
187206731,!V TRIAL_VAR Fix_Window_Radius_deg 3.0
187206731,!V TRIAL_VAR Stim_Pos_X_deg -6.0
187206731,!V TRIAL_VAR Stim_Pos_Y_deg 8.0
187206731,!V TRIAL_VAR Stim_Window_Radius_deg 3.5
187206731,!V TRIAL_VAR Stim_Major_Axis_deg 0.3
187206731,!V TRIAL_VAR Stim_Minor_Axis_deg 0.3
187206731,!V TRIAL_VAR Stim_Orientation_deg 0.0
187206731,!V TRIAL_VAR Gap_Duration_ms 100.0
187206731,!V TRIAL_VAR Stim_Duration_ms 200.0
187206731,!V TRIAL_VAR Stim_Hold_Time_ms 100.0
187206732,!V TRIAL_VAR Condition_ID C000063
187206732,!V TRIAL_VAR Is_Control False
187206732,!V TRIAL_VAR Stim_Color_Name Gray
187206732,!V TRIAL_VAR Stim_Intensity_Level 120
187206732,!V TRIAL_VAR Stim_Pos_X_deg -6.0
187206732,!V TRIAL_VAR Stim_Pos_Y_deg 8.0
187206735,FIX_ON TRIAL 123
187207156,GAZE_ACQUIRED TRIAL 123
187207374,FIX_OFF TRIAL 123
187207482,STIM_ON TRIAL 123
187207493,TARGET_ENTER TRIAL 123
187207688,STIM_OFF TRIAL 123
187207688,STIM_WINDOW_END TRIAL 123
187207693,REWARD TRIAL 123
187207957,!V TRIAL_VAR Status Success
187207957,!V TRIAL_VAR Subject_ID Monkey_H18
187207957,TRIAL_RESULT Success
187211009,TRIALID 124
187211009,!V TRIAL_VAR Subject_ID Monkey_H18
187211009,!V TRIAL_VAR Planned_Fixation_Duration_ms 329.8692178442085
187211009,!V TRIAL_VAR Fixation_Pos_X_deg -6.0
187211009,!V TRIAL_VAR Fixation_Pos_Y_deg 8.0
187211009,!V TRIAL_VAR Fixation_Point_Radius_deg 0.2
187211009,!V TRIAL_VAR Fix_Window_Radius_deg 3.0
187211009,!V TRIAL_VAR Stim_Pos_X_deg 9.0
187211009,!V TRIAL_VAR Stim_Pos_Y_deg 2.0
187211009,!V TRIAL_VAR Stim_Window_Radius_deg 3.5
187211009,!V TRIAL_VAR Stim_Major_Axis_deg 0.3
187211009,!V TRIAL_VAR Stim_Minor_Axis_deg 0.3
187211009,!V TRIAL_VAR Stim_Orientation_deg 0.0
187211009,!V TRIAL_VAR Gap_Duration_ms 100.0
187211009,!V TRIAL_VAR Stim_Duration_ms 200.0
187211009,!V TRIAL_VAR Stim_Hold_Time_ms 100.0
187211009,!V TRIAL_VAR Condition_ID C000064
187211014,ERROR MESSAGES LOST 5
187211014,FIX_ON TRIAL 124
187211439,GAZE_ACQUIRED TRIAL 124
187211628,FIX_OFF TRIAL 124
187211735,STIM_ON TRIAL 124
187211854,TARGET_ENTER TRIAL 124
187211943,STIM_OFF TRIAL 124
187211956,STIM_WINDOW_END TRIAL 124
187211960,REWARD TRIAL 124
187212226,!V TRIAL_VAR Status Success
187212226,!V TRIAL_VAR Subject_ID Monkey_H18
187212226,TRIAL_RESULT Success
187215277,TRIALID 125
187215277,!V TRIAL_VAR Subject_ID Monkey_H18
187215277,!V TRIAL_VAR Planned_Fixation_Duration_ms 558.550233765594
187215277,!V TRIAL_VAR Fixation_Pos_X_deg -6.0
187215277,!V TRIAL_VAR Fixation_Pos_Y_deg 8.0
187215277,!V TRIAL_VAR Fixation_Point_Radius_deg 0.2
187215277,!V TRIAL_VAR Fix_Window_Radius_deg 3.0
187215277,!V TRIAL_VAR Stim_Pos_X_deg 0.0
187215277,!V TRIAL_VAR Stim_Pos_Y_deg -4.0
187215277,!V TRIAL_VAR Stim_Window_Radius_deg 3.5
187215277,!V TRIAL_VAR Stim_Major_Axis_deg 0.3
187215277,!V TRIAL_VAR Stim_Minor_Axis_deg 0.3
187215277,!V TRIAL_VAR Stim_Orientation_deg 0.0
187215277,!V TRIAL_VAR Gap_Duration_ms 100.0
187215277,!V TRIAL_VAR Stim_Duration_ms 200.0
187215277,!V TRIAL_VAR Stim_Hold_Time_ms 100.0
187215278,!V TRIAL_VAR Condition_ID C000065
187215278,!V TRIAL_VAR Is_Control False
187215278,!V TRIAL_VAR Stim_Color_Name Gray
187215278,!V TRIAL_VAR Stim_Intensity_Level 60
187215278,!V TRIAL_VAR Stim_Pos_X_deg 0.0
187215278,!V TRIAL_VAR Stim_Pos_Y_deg -4.0
187215282,FIX_ON TRIAL 125
187217296,FIX_OFF TRIAL 125
187217300,!V TRIAL_VAR Status nofix_1
187217300,!V TRIAL_VAR Subject_ID Monkey_H18
187217300,TRIAL_RESULT nofix_1
187220351,TRIALID 126
187220352,!V TRIAL_VAR Subject_ID Monkey_H18
187220352,!V TRIAL_VAR Planned_Fixation_Duration_ms 672.8134427428904
187220352,!V TRIAL_VAR Fixation_Pos_X_deg -6.0
187220352,!V TRIAL_VAR Fixation_Pos_Y_deg 8.0
187220352,!V TRIAL_VAR Fixation_Point_Radius_deg 0.2
187220352,!V TRIAL_VAR Fix_Window_Radius_deg 3.0
187220352,!V TRIAL_VAR Stim_Pos_X_deg 0.0
187220352,!V TRIAL_VAR Stim_Pos_Y_deg -4.0
187220352,!V TRIAL_VAR Stim_Window_Radius_deg 3.5
187220352,!V TRIAL_VAR Stim_Major_Axis_deg 0.3
187220352,!V TRIAL_VAR Stim_Minor_Axis_deg 0.3
187220352,!V TRIAL_VAR Stim_Orientation_deg 0.0
187220352,!V TRIAL_VAR Gap_Duration_ms 100.0
187220352,!V TRIAL_VAR Stim_Duration_ms 200.0
187220352,!V TRIAL_VAR Stim_Hold_Time_ms 100.0
187220352,!V TRIAL_VAR Condition_ID C000065
187220353,!V TRIAL_VAR Is_Control False
187220353,!V TRIAL_VAR Stim_Color_Name Gray
187220353,!V TRIAL_VAR Stim_Intensity_Level 60
187220353,!V TRIAL_VAR Stim_Pos_X_deg 0.0
187220353,!V TRIAL_VAR Stim_Pos_Y_deg -4.0
187220356,FIX_ON TRIAL 126
187220760,GAZE_ACQUIRED TRIAL 126
187221114,FIX_OFF TRIAL 126
187221618,!V TRIAL_VAR Status Break_1
187221618,!V TRIAL_VAR Subject_ID Monkey_H18
187221618,TRIAL_RESULT Break_1
187224666,TRIALID 127
187224667,!V TRIAL_VAR Subject_ID Monkey_H18
187224667,!V TRIAL_VAR Planned_Fixation_Duration_ms 622.3527395059288
187224667,!V TRIAL_VAR Fixation_Pos_X_deg -6.0
187224667,!V TRIAL_VAR Fixation_Pos_Y_deg 8.0
187224667,!V TRIAL_VAR Fixation_Point_Radius_deg 0.2
187224667,!V TRIAL_VAR Fix_Window_Radius_deg 3.0
187224667,!V TRIAL_VAR Stim_Pos_X_deg 0.0
187224667,!V TRIAL_VAR Stim_Pos_Y_deg -4.0
187224667,!V TRIAL_VAR Stim_Window_Radius_deg 3.5
187224667,!V TRIAL_VAR Stim_Major_Axis_deg 0.3
187224667,!V TRIAL_VAR Stim_Minor_Axis_deg 0.3
187224667,!V TRIAL_VAR Stim_Orientation_deg 0.0
187224667,!V TRIAL_VAR Gap_Duration_ms 100.0
187224667,!V TRIAL_VAR Stim_Duration_ms 200.0
187224667,!V TRIAL_VAR Stim_Hold_Time_ms 100.0
187224668,!V TRIAL_VAR Condition_ID C000065
187224668,!V TRIAL_VAR Is_Control False
187224668,!V TRIAL_VAR Stim_Color_Name Gray
187224668,!V TRIAL_VAR Stim_Intensity_Level 60
187224668,!V TRIAL_VAR Stim_Pos_X_deg 0.0
187224668,!V TRIAL_VAR Stim_Pos_Y_deg -4.0
187224671,FIX_ON TRIAL 127
187226682,FIX_OFF TRIAL 127
187226685,!V TRIAL_VAR Status nofix_1
187226685,!V TRIAL_VAR Subject_ID Monkey_H18
187226685,TRIAL_RESULT nofix_1
187229735,TRIALID 128
187229736,!V TRIAL_VAR Subject_ID Monkey_H18
187229736,!V TRIAL_VAR Planned_Fixation_Duration_ms 338.8300896960571
187229736,!V TRIAL_VAR Fixation_Pos_X_deg -6.0
187229736,!V TRIAL_VAR Fixation_Pos_Y_deg 8.0
187229736,!V TRIAL_VAR Fixation_Point_Radius_deg 0.2
187229736,!V TRIAL_VAR Fix_Window_Radius_deg 3.0
187229736,!V TRIAL_VAR Stim_Pos_X_deg 0.0
187229736,!V TRIAL_VAR Stim_Pos_Y_deg -4.0
187229736,!V TRIAL_VAR Stim_Window_Radius_deg 3.5
187229736,!V TRIAL_VAR Stim_Major_Axis_deg 0.3
187229736,!V TRIAL_VAR Stim_Minor_Axis_deg 0.3
187229736,!V TRIAL_VAR Stim_Orientation_deg 0.0
187229736,!V TRIAL_VAR Gap_Duration_ms 100.0
187229736,!V TRIAL_VAR Stim_Duration_ms 200.0
187229736,!V TRIAL_VAR Stim_Hold_Time_ms 100.0
187229736,!V TRIAL_VAR Condition_ID C000065
187229736,!V TRIAL_VAR Is_Control False
187229737,!V TRIAL_VAR Stim_Color_Name Gray
187229737,!V TRIAL_VAR Stim_Intensity_Level 60
187229737,!V TRIAL_VAR Stim_Pos_X_deg 0.0
187229737,!V TRIAL_VAR Stim_Pos_Y_deg -4.0
187229739,FIX_ON TRIAL 128
187231753,FIX_OFF TRIAL 128
187231757,!V TRIAL_VAR Status nofix_1
187231757,!V TRIAL_VAR Subject_ID Monkey_H18
187231757,TRIAL_RESULT nofix_1
187234808,TRIALID 129
187234808,!V TRIAL_VAR Subject_ID Monkey_H18
187234808,!V TRIAL_VAR Planned_Fixation_Duration_ms 355.0445124048627
187234808,!V TRIAL_VAR Fixation_Pos_X_deg -6.0
187234808,!V TRIAL_VAR Fixation_Pos_Y_deg 8.0
187234809,!V TRIAL_VAR Fixation_Point_Radius_deg 0.2
187234809,!V TRIAL_VAR Fix_Window_Radius_deg 3.0
187234809,!V TRIAL_VAR Stim_Pos_X_deg 0.0
187234809,!V TRIAL_VAR Stim_Pos_Y_deg -4.0
187234809,!V TRIAL_VAR Stim_Window_Radius_deg 3.5
187234809,!V TRIAL_VAR Stim_Major_Axis_deg 0.3
187234809,!V TRIAL_VAR Stim_Minor_Axis_deg 0.3
187234809,!V TRIAL_VAR Stim_Orientation_deg 0.0
187234809,!V TRIAL_VAR Gap_Duration_ms 100.0
187234809,!V TRIAL_VAR Stim_Duration_ms 200.0
187234809,!V TRIAL_VAR Stim_Hold_Time_ms 100.0
187234809,!V TRIAL_VAR Condition_ID C000065
187234810,!V TRIAL_VAR Is_Control False
187234810,!V TRIAL_VAR Stim_Color_Name Gray
187234810,!V TRIAL_VAR Stim_Intensity_Level 60
187234810,!V TRIAL_VAR Stim_Pos_X_deg 0.0
187234810,!V TRIAL_VAR Stim_Pos_Y_deg -4.0
187234814,FIX_ON TRIAL 129
187235104,GAZE_ACQUIRED TRIAL 129
187235314,FIX_OFF TRIAL 129
187235421,STIM_ON TRIAL 129
187235589,TARGET_ENTER TRIAL 129
187235628,STIM_OFF TRIAL 129
187235693,STIM_WINDOW_END TRIAL 129
187235696,REWARD TRIAL 129
187235959,!V TRIAL_VAR Status Success
187235959,!V TRIAL_VAR Subject_ID Monkey_H18
187235959,TRIAL_RESULT Success
187239004,TRIALID 130
187239004,!V TRIAL_VAR Subject_ID Monkey_H18
187239004,!V TRIAL_VAR Planned_Fixation_Duration_ms 752.7754841117927
187239004,!V TRIAL_VAR Fixation_Pos_X_deg -6.0
187239004,!V TRIAL_VAR Fixation_Pos_Y_deg 8.0
187239004,!V TRIAL_VAR Fixation_Point_Radius_deg 0.2
187239004,!V TRIAL_VAR Fix_Window_Radius_deg 3.0
187239004,!V TRIAL_VAR Stim_Pos_X_deg 0.0
187239004,!V TRIAL_VAR Stim_Pos_Y_deg -7.0
187239004,!V TRIAL_VAR Stim_Window_Radius_deg 3.5
187239004,!V TRIAL_VAR Stim_Major_Axis_deg 0.3
187239004,!V TRIAL_VAR Stim_Minor_Axis_deg 0.3
187239004,!V TRIAL_VAR Stim_Orientation_deg 0.0
187239004,!V TRIAL_VAR Gap_Duration_ms 100.0
187239004,!V TRIAL_VAR Stim_Duration_ms 200.0
187239004,!V TRIAL_VAR Stim_Hold_Time_ms 100.0
187239004,!V TRIAL_VAR Condition_ID C000066
187239006,ERROR MESSAGES LOST 5
187239006,FIX_ON TRIAL 130
187241014,FIX_OFF TRIAL 130
187241018,!V TRIAL_VAR Status nofix_1
187241018,!V TRIAL_VAR Subject_ID Monkey_H18
187241018,TRIAL_RESULT nofix_1
187244067,TRIALID 131
187244067,!V TRIAL_VAR Subject_ID Monkey_H18
187244067,!V TRIAL_VAR Planned_Fixation_Duration_ms 698.0261989694674
187244067,!V TRIAL_VAR Fixation_Pos_X_deg -6.0
187244067,!V TRIAL_VAR Fixation_Pos_Y_deg 8.0
187244068,!V TRIAL_VAR Fixation_Point_Radius_deg 0.2
187244068,!V TRIAL_VAR Fix_Window_Radius_deg 3.0
187244068,!V TRIAL_VAR Stim_Pos_X_deg 0.0
187244068,!V TRIAL_VAR Stim_Pos_Y_deg -7.0
187244068,!V TRIAL_VAR Stim_Window_Radius_deg 3.5
187244068,!V TRIAL_VAR Stim_Major_Axis_deg 0.3
187244068,!V TRIAL_VAR Stim_Minor_Axis_deg 0.3
187244068,!V TRIAL_VAR Stim_Orientation_deg 0.0
187244068,!V TRIAL_VAR Gap_Duration_ms 100.0
187244068,!V TRIAL_VAR Stim_Duration_ms 200.0
187244068,!V TRIAL_VAR Stim_Hold_Time_ms 100.0
187244068,!V TRIAL_VAR Condition_ID C000066
187244069,!V TRIAL_VAR Is_Control False
187244069,!V TRIAL_VAR Stim_Color_Name Gray
187244069,!V TRIAL_VAR Stim_Intensity_Level 180
187244069,!V TRIAL_VAR Stim_Pos_X_deg 0.0
187244069,!V TRIAL_VAR Stim_Pos_Y_deg -7.0
187244071,FIX_ON TRIAL 131
187245139,GAZE_ACQUIRED TRIAL 131
187245335,FIX_OFF TRIAL 131
187245840,!V TRIAL_VAR Status Break_1
187245840,!V TRIAL_VAR Subject_ID Monkey_H18
187245840,TRIAL_RESULT Break_1
187248889,TRIALID 132
187248889,!V TRIAL_VAR Subject_ID Monkey_H18
187248889,!V TRIAL_VAR Planned_Fixation_Duration_ms 659.0171183153691
187248889,!V TRIAL_VAR Fixation_Pos_X_deg -6.0
187248889,!V TRIAL_VAR Fixation_Pos_Y_deg 8.0
187248889,!V TRIAL_VAR Fixation_Point_Radius_deg 0.2
187248889,!V TRIAL_VAR Fix_Window_Radius_deg 3.0
187248889,!V TRIAL_VAR Stim_Pos_X_deg 0.0
187248889,!V TRIAL_VAR Stim_Pos_Y_deg -7.0
187248889,!V TRIAL_VAR Stim_Window_Radius_deg 3.5
187248889,!V TRIAL_VAR Stim_Major_Axis_deg 0.3
187248889,!V TRIAL_VAR Stim_Minor_Axis_deg 0.3
187248889,!V TRIAL_VAR Stim_Orientation_deg 0.0
187248889,!V TRIAL_VAR Gap_Duration_ms 100.0
187248889,!V TRIAL_VAR Stim_Duration_ms 200.0
187248889,!V TRIAL_VAR Stim_Hold_Time_ms 100.0
187248889,!V TRIAL_VAR Condition_ID C000066
187248892,ERROR MESSAGES LOST 5
187248892,FIX_ON TRIAL 132
187250010,GAZE_ACQUIRED TRIAL 132
187250178,FIX_OFF TRIAL 132
187250683,!V TRIAL_VAR Status Break_1
187250683,!V TRIAL_VAR Subject_ID Monkey_H18
187250683,TRIAL_RESULT Break_1
187253733,TRIALID 133
187253734,!V TRIAL_VAR Subject_ID Monkey_H18
187253734,!V TRIAL_VAR Planned_Fixation_Duration_ms 502.8835977436683
187253734,!V TRIAL_VAR Fixation_Pos_X_deg -6.0
187253734,!V TRIAL_VAR Fixation_Pos_Y_deg 8.0
187253734,!V TRIAL_VAR Fixation_Point_Radius_deg 0.2
187253734,!V TRIAL_VAR Fix_Window_Radius_deg 3.0
187253734,!V TRIAL_VAR Stim_Pos_X_deg 0.0
187253734,!V TRIAL_VAR Stim_Pos_Y_deg -7.0
187253734,!V TRIAL_VAR Stim_Window_Radius_deg 3.5
187253734,!V TRIAL_VAR Stim_Major_Axis_deg 0.3
187253734,!V TRIAL_VAR Stim_Minor_Axis_deg 0.3
187253734,!V TRIAL_VAR Stim_Orientation_deg 0.0
187253734,!V TRIAL_VAR Gap_Duration_ms 100.0
187253734,!V TRIAL_VAR Stim_Duration_ms 200.0
187253734,!V TRIAL_VAR Stim_Hold_Time_ms 100.0
187253735,!V TRIAL_VAR Condition_ID C000066
187253735,!V TRIAL_VAR Is_Control False
187253735,!V TRIAL_VAR Stim_Color_Name Gray
187253735,!V TRIAL_VAR Stim_Intensity_Level 180
187253735,!V TRIAL_VAR Stim_Pos_X_deg 0.0
187253735,!V TRIAL_VAR Stim_Pos_Y_deg -7.0
187253739,FIX_ON TRIAL 133
187254071,GAZE_ACQUIRED TRIAL 133
187254146,FIX_OFF TRIAL 133
187254651,!V TRIAL_VAR Status Break_1
187254651,!V TRIAL_VAR Subject_ID Monkey_H18
187254651,TRIAL_RESULT Break_1
187257698,TRIALID 134
187257698,!V TRIAL_VAR Subject_ID Monkey_H18
187257698,!V TRIAL_VAR Planned_Fixation_Duration_ms 354.2948575197455
187257698,!V TRIAL_VAR Fixation_Pos_X_deg -6.0
187257698,!V TRIAL_VAR Fixation_Pos_Y_deg 8.0
187257698,!V TRIAL_VAR Fixation_Point_Radius_deg 0.2
187257698,!V TRIAL_VAR Fix_Window_Radius_deg 3.0
187257698,!V TRIAL_VAR Stim_Pos_X_deg 0.0
187257698,!V TRIAL_VAR Stim_Pos_Y_deg -7.0
187257698,!V TRIAL_VAR Stim_Window_Radius_deg 3.5
187257698,!V TRIAL_VAR Stim_Major_Axis_deg 0.3
187257698,!V TRIAL_VAR Stim_Minor_Axis_deg 0.3
187257698,!V TRIAL_VAR Stim_Orientation_deg 0.0
187257698,!V TRIAL_VAR Gap_Duration_ms 100.0
187257698,!V TRIAL_VAR Stim_Duration_ms 200.0
187257698,!V TRIAL_VAR Stim_Hold_Time_ms 100.0
187257698,!V TRIAL_VAR Condition_ID C000066
187257698,!V TRIAL_VAR Is_Control False
187257703,ERROR MESSAGES LOST 4
187257703,FIX_ON TRIAL 134
187258043,GAZE_ACQUIRED TRIAL 134
187258246,FIX_OFF TRIAL 134
187258353,STIM_ON TRIAL 134
187258464,TARGET_ENTER TRIAL 134
187258560,STIM_OFF TRIAL 134
187258567,STIM_WINDOW_END TRIAL 134
187258571,REWARD TRIAL 134
187258834,!V TRIAL_VAR Status Success
187258834,!V TRIAL_VAR Subject_ID Monkey_H18
187258834,TRIAL_RESULT Success
187261882,TRIALID 135
187261883,!V TRIAL_VAR Subject_ID Monkey_H18
187261883,!V TRIAL_VAR Planned_Fixation_Duration_ms 387.1137050679649
187261883,!V TRIAL_VAR Fixation_Pos_X_deg 0.0
187261883,!V TRIAL_VAR Fixation_Pos_Y_deg 5.0
187261883,!V TRIAL_VAR Fixation_Point_Radius_deg 0.2
187261883,!V TRIAL_VAR Fix_Window_Radius_deg 3.0
187261883,!V TRIAL_VAR Stim_Pos_X_deg 0.0
187261883,!V TRIAL_VAR Stim_Pos_Y_deg 5.0
187261883,!V TRIAL_VAR Stim_Window_Radius_deg 3.5
187261883,!V TRIAL_VAR Stim_Major_Axis_deg 0.3
187261883,!V TRIAL_VAR Stim_Minor_Axis_deg 0.3
187261883,!V TRIAL_VAR Stim_Orientation_deg 0.0
187261883,!V TRIAL_VAR Gap_Duration_ms 100.0
187261883,!V TRIAL_VAR Stim_Duration_ms 200.0
187261883,!V TRIAL_VAR Stim_Hold_Time_ms 100.0
187261883,!V TRIAL_VAR Condition_ID C000067
187261884,!V TRIAL_VAR Is_Control True
187261884,!V TRIAL_VAR Stim_Color_Name Control
187261884,!V TRIAL_VAR Stim_Intensity_Level 0
187261884,!V TRIAL_VAR Stim_Pos_X_deg 0.0
187261884,!V TRIAL_VAR Stim_Pos_Y_deg 5.0
187261889,FIX_ON TRIAL 135
187263900,FIX_OFF TRIAL 135
187263904,!V TRIAL_VAR Status Control_nofix_1
187263904,!V TRIAL_VAR Subject_ID Monkey_H18
187263904,TRIAL_RESULT Control_nofix_1
187266950,TRIALID 136
187266950,!V TRIAL_VAR Subject_ID Monkey_H18
187266950,!V TRIAL_VAR Planned_Fixation_Duration_ms 344.1705972469782
187266950,!V TRIAL_VAR Fixation_Pos_X_deg 0.0
187266950,!V TRIAL_VAR Fixation_Pos_Y_deg 5.0
187266950,!V TRIAL_VAR Fixation_Point_Radius_deg 0.2
187266950,!V TRIAL_VAR Fix_Window_Radius_deg 3.0
187266950,!V TRIAL_VAR Stim_Pos_X_deg 0.0
187266950,!V TRIAL_VAR Stim_Pos_Y_deg 5.0
187266950,!V TRIAL_VAR Stim_Window_Radius_deg 3.5
187266950,!V TRIAL_VAR Stim_Major_Axis_deg 0.3
187266950,!V TRIAL_VAR Stim_Minor_Axis_deg 0.3
187266950,!V TRIAL_VAR Stim_Orientation_deg 0.0
187266950,!V TRIAL_VAR Gap_Duration_ms 100.0
187266950,!V TRIAL_VAR Stim_Duration_ms 200.0
187266950,!V TRIAL_VAR Stim_Hold_Time_ms 100.0
187266950,!V TRIAL_VAR Condition_ID C000067
187266953,ERROR MESSAGES LOST 5
187266953,FIX_ON TRIAL 136
187268960,FIX_OFF TRIAL 136
187268965,!V TRIAL_VAR Status Control_nofix_1
187268965,!V TRIAL_VAR Subject_ID Monkey_H18
187268965,TRIAL_RESULT Control_nofix_1
187272010,TRIALID 137
187272011,!V TRIAL_VAR Subject_ID Monkey_H18
187272011,!V TRIAL_VAR Planned_Fixation_Duration_ms 670.6114723791072
187272011,!V TRIAL_VAR Fixation_Pos_X_deg 0.0
187272011,!V TRIAL_VAR Fixation_Pos_Y_deg 5.0
187272011,!V TRIAL_VAR Fixation_Point_Radius_deg 0.2
187272011,!V TRIAL_VAR Fix_Window_Radius_deg 3.0
187272011,!V TRIAL_VAR Stim_Pos_X_deg 0.0
187272011,!V TRIAL_VAR Stim_Pos_Y_deg 5.0
187272011,!V TRIAL_VAR Stim_Window_Radius_deg 3.5
187272011,!V TRIAL_VAR Stim_Major_Axis_deg 0.3
187272011,!V TRIAL_VAR Stim_Minor_Axis_deg 0.3
187272011,!V TRIAL_VAR Stim_Orientation_deg 0.0
187272011,!V TRIAL_VAR Gap_Duration_ms 100.0
187272011,!V TRIAL_VAR Stim_Duration_ms 200.0
187272011,!V TRIAL_VAR Stim_Hold_Time_ms 100.0
187272011,!V TRIAL_VAR Condition_ID C000067
187272012,!V TRIAL_VAR Is_Control True
187272012,!V TRIAL_VAR Stim_Color_Name Control
187272012,!V TRIAL_VAR Stim_Intensity_Level 0
187272012,!V TRIAL_VAR Stim_Pos_X_deg 0.0
187272012,!V TRIAL_VAR Stim_Pos_Y_deg 5.0
187272014,FIX_ON TRIAL 137
187272360,GAZE_ACQUIRED TRIAL 137
187272878,FIX_OFF TRIAL 137
187272890,REWARD TRIAL 137
187273153,!V TRIAL_VAR Status Control_Success
187273153,!V TRIAL_VAR Subject_ID Monkey_H18
187273153,TRIAL_RESULT Control_Success
187276197,TRIALID 138
187276197,!V TRIAL_VAR Subject_ID Monkey_H18
187276197,!V TRIAL_VAR Planned_Fixation_Duration_ms 543.2698365922778
187276197,!V TRIAL_VAR Fixation_Pos_X_deg -6.0
187276197,!V TRIAL_VAR Fixation_Pos_Y_deg 8.0
187276197,!V TRIAL_VAR Fixation_Point_Radius_deg 0.2
187276197,!V TRIAL_VAR Fix_Window_Radius_deg 3.0
187276197,!V TRIAL_VAR Stim_Pos_X_deg 9.0
187276197,!V TRIAL_VAR Stim_Pos_Y_deg -7.0
187276197,!V TRIAL_VAR Stim_Window_Radius_deg 3.5
187276197,!V TRIAL_VAR Stim_Major_Axis_deg 0.3
187276197,!V TRIAL_VAR Stim_Minor_Axis_deg 0.3
187276197,!V TRIAL_VAR Stim_Orientation_deg 0.0
187276197,!V TRIAL_VAR Gap_Duration_ms 100.0
187276197,!V TRIAL_VAR Stim_Duration_ms 200.0
187276197,!V TRIAL_VAR Stim_Hold_Time_ms 100.0
187276197,!V TRIAL_VAR Condition_ID C000068
187276199,ERROR MESSAGES LOST 5
187276199,FIX_ON TRIAL 138
187278214,FIX_OFF TRIAL 138
187278218,!V TRIAL_VAR Status nofix_1
187278218,!V TRIAL_VAR Subject_ID Monkey_H18
187278218,TRIAL_RESULT nofix_1
187281264,TRIALID 139
187281264,!V TRIAL_VAR Subject_ID Monkey_H18
187281264,!V TRIAL_VAR Planned_Fixation_Duration_ms 312.8828513649568
187281264,!V TRIAL_VAR Fixation_Pos_X_deg -6.0
187281264,!V TRIAL_VAR Fixation_Pos_Y_deg 8.0
187281264,!V TRIAL_VAR Fixation_Point_Radius_deg 0.2
187281264,!V TRIAL_VAR Fix_Window_Radius_deg 3.0
187281264,!V TRIAL_VAR Stim_Pos_X_deg 9.0
187281264,!V TRIAL_VAR Stim_Pos_Y_deg -7.0
187281264,!V TRIAL_VAR Stim_Window_Radius_deg 3.5
187281264,!V TRIAL_VAR Stim_Major_Axis_deg 0.3
187281264,!V TRIAL_VAR Stim_Minor_Axis_deg 0.3
187281264,!V TRIAL_VAR Stim_Orientation_deg 0.0
187281264,!V TRIAL_VAR Gap_Duration_ms 100.0
187281264,!V TRIAL_VAR Stim_Duration_ms 200.0
187281264,!V TRIAL_VAR Stim_Hold_Time_ms 100.0
187281264,!V TRIAL_VAR Condition_ID C000068
187281267,ERROR MESSAGES LOST 5
187281267,FIX_ON TRIAL 139
187283282,FIX_OFF TRIAL 139
187283285,!V TRIAL_VAR Status nofix_1
187283285,!V TRIAL_VAR Subject_ID Monkey_H18
187283285,TRIAL_RESULT nofix_1
187286335,TRIALID 140
187286336,!V TRIAL_VAR Subject_ID Monkey_H18
187286336,!V TRIAL_VAR Planned_Fixation_Duration_ms 544.6540229282834
187286336,!V TRIAL_VAR Fixation_Pos_X_deg -6.0
187286336,!V TRIAL_VAR Fixation_Pos_Y_deg 8.0
187286336,!V TRIAL_VAR Fixation_Point_Radius_deg 0.2
187286336,!V TRIAL_VAR Fix_Window_Radius_deg 3.0
187286336,!V TRIAL_VAR Stim_Pos_X_deg 9.0
187286336,!V TRIAL_VAR Stim_Pos_Y_deg -7.0
187286336,!V TRIAL_VAR Stim_Window_Radius_deg 3.5
187286336,!V TRIAL_VAR Stim_Major_Axis_deg 0.3
187286336,!V TRIAL_VAR Stim_Minor_Axis_deg 0.3
187286336,!V TRIAL_VAR Stim_Orientation_deg 0.0
187286336,!V TRIAL_VAR Gap_Duration_ms 100.0
187286336,!V TRIAL_VAR Stim_Duration_ms 200.0
187286336,!V TRIAL_VAR Stim_Hold_Time_ms 100.0
187286336,!V TRIAL_VAR Condition_ID C000068
187286337,!V TRIAL_VAR Is_Control False
187286337,!V TRIAL_VAR Stim_Color_Name Gray
187286337,!V TRIAL_VAR Stim_Intensity_Level 60
187286337,!V TRIAL_VAR Stim_Pos_X_deg 9.0
187286337,!V TRIAL_VAR Stim_Pos_Y_deg -7.0
187286343,FIX_ON TRIAL 140
187286792,GAZE_ACQUIRED TRIAL 140
187287018,FIX_OFF TRIAL 140
187287523,!V TRIAL_VAR Status Break_1
187287523,!V TRIAL_VAR Subject_ID Monkey_H18
187287523,TRIAL_RESULT Break_1
187290571,TRIALID 141
187290572,!V TRIAL_VAR Subject_ID Monkey_H18
187290572,!V TRIAL_VAR Planned_Fixation_Duration_ms 634.1347464456601
187290572,!V TRIAL_VAR Fixation_Pos_X_deg -6.0
187290572,!V TRIAL_VAR Fixation_Pos_Y_deg 8.0
187290572,!V TRIAL_VAR Fixation_Point_Radius_deg 0.2
187290572,!V TRIAL_VAR Fix_Window_Radius_deg 3.0
187290572,!V TRIAL_VAR Stim_Pos_X_deg 9.0
187290572,!V TRIAL_VAR Stim_Pos_Y_deg -7.0
187290572,!V TRIAL_VAR Stim_Window_Radius_deg 3.5
187290572,!V TRIAL_VAR Stim_Major_Axis_deg 0.3
187290572,!V TRIAL_VAR Stim_Minor_Axis_deg 0.3
187290572,!V TRIAL_VAR Stim_Orientation_deg 0.0
187290572,!V TRIAL_VAR Gap_Duration_ms 100.0
187290572,!V TRIAL_VAR Stim_Duration_ms 200.0
187290572,!V TRIAL_VAR Stim_Hold_Time_ms 100.0
187290573,!V TRIAL_VAR Condition_ID C000068
187290573,!V TRIAL_VAR Is_Control False
187290573,!V TRIAL_VAR Stim_Color_Name Gray
187290573,!V TRIAL_VAR Stim_Intensity_Level 60
187290573,!V TRIAL_VAR Stim_Pos_X_deg 9.0
187290573,!V TRIAL_VAR Stim_Pos_Y_deg -7.0
187290578,FIX_ON TRIAL 141
187292593,FIX_OFF TRIAL 141
187292597,!V TRIAL_VAR Status nofix_1
187292597,!V TRIAL_VAR Subject_ID Monkey_H18
187292597,TRIAL_RESULT nofix_1
187295644,TRIALID 142
187295644,!V TRIAL_VAR Subject_ID Monkey_H18
187295644,!V TRIAL_VAR Planned_Fixation_Duration_ms 320.90888856063094
187295644,!V TRIAL_VAR Fixation_Pos_X_deg -6.0
187295644,!V TRIAL_VAR Fixation_Pos_Y_deg 8.0
187295644,!V TRIAL_VAR Fixation_Point_Radius_deg 0.2
187295644,!V TRIAL_VAR Fix_Window_Radius_deg 3.0
187295644,!V TRIAL_VAR Stim_Pos_X_deg 9.0
187295644,!V TRIAL_VAR Stim_Pos_Y_deg -7.0
187295644,!V TRIAL_VAR Stim_Window_Radius_deg 3.5
187295644,!V TRIAL_VAR Stim_Major_Axis_deg 0.3
187295644,!V TRIAL_VAR Stim_Minor_Axis_deg 0.3
187295644,!V TRIAL_VAR Stim_Orientation_deg 0.0
187295644,!V TRIAL_VAR Gap_Duration_ms 100.0
187295644,!V TRIAL_VAR Stim_Duration_ms 200.0
187295644,!V TRIAL_VAR Stim_Hold_Time_ms 100.0
187295645,!V TRIAL_VAR Condition_ID C000068
187295645,!V TRIAL_VAR Is_Control False
187295645,!V TRIAL_VAR Stim_Color_Name Gray
187295645,!V TRIAL_VAR Stim_Intensity_Level 60
187295645,!V TRIAL_VAR Stim_Pos_X_deg 9.0
187295645,!V TRIAL_VAR Stim_Pos_Y_deg -7.0
187295650,FIX_ON TRIAL 142
187297664,FIX_OFF TRIAL 142
187297668,!V TRIAL_VAR Status nofix_1
187297668,!V TRIAL_VAR Subject_ID Monkey_H18
187297668,TRIAL_RESULT nofix_1
187300719,TRIALID 143
187300719,!V TRIAL_VAR Subject_ID Monkey_H18
187300719,!V TRIAL_VAR Planned_Fixation_Duration_ms 324.7925855448424
187300719,!V TRIAL_VAR Fixation_Pos_X_deg -6.0
187300719,!V TRIAL_VAR Fixation_Pos_Y_deg 8.0
187300719,!V TRIAL_VAR Fixation_Point_Radius_deg 0.2
187300719,!V TRIAL_VAR Fix_Window_Radius_deg 3.0
187300719,!V TRIAL_VAR Stim_Pos_X_deg 9.0
187300719,!V TRIAL_VAR Stim_Pos_Y_deg -7.0
187300719,!V TRIAL_VAR Stim_Window_Radius_deg 3.5
187300719,!V TRIAL_VAR Stim_Major_Axis_deg 0.3
187300719,!V TRIAL_VAR Stim_Minor_Axis_deg 0.3
187300719,!V TRIAL_VAR Stim_Orientation_deg 0.0
187300719,!V TRIAL_VAR Gap_Duration_ms 100.0
187300719,!V TRIAL_VAR Stim_Duration_ms 200.0
187300719,!V TRIAL_VAR Stim_Hold_Time_ms 100.0
187300719,!V TRIAL_VAR Condition_ID C000068
187300720,!V TRIAL_VAR Is_Control False
187300720,!V TRIAL_VAR Stim_Color_Name Gray
187300720,!V TRIAL_VAR Stim_Intensity_Level 60
187300720,!V TRIAL_VAR Stim_Pos_X_deg 9.0
187300720,!V TRIAL_VAR Stim_Pos_Y_deg -7.0
187300725,FIX_ON TRIAL 143
187302735,FIX_OFF TRIAL 143
187302739,!V TRIAL_VAR Status nofix_1
187302739,!V TRIAL_VAR Subject_ID Monkey_H18
187302739,TRIAL_RESULT nofix_1
187305789,TRIALID 144
187305790,!V TRIAL_VAR Subject_ID Monkey_H18
187305790,!V TRIAL_VAR Planned_Fixation_Duration_ms 595.9735966248638
187305790,!V TRIAL_VAR Fixation_Pos_X_deg -6.0
187305790,!V TRIAL_VAR Fixation_Pos_Y_deg 8.0
187305790,!V TRIAL_VAR Fixation_Point_Radius_deg 0.2
187305790,!V TRIAL_VAR Fix_Window_Radius_deg 3.0
187305790,!V TRIAL_VAR Stim_Pos_X_deg 9.0
187305790,!V TRIAL_VAR Stim_Pos_Y_deg -7.0
187305790,!V TRIAL_VAR Stim_Window_Radius_deg 3.5
187305790,!V TRIAL_VAR Stim_Major_Axis_deg 0.3
187305790,!V TRIAL_VAR Stim_Minor_Axis_deg 0.3
187305790,!V TRIAL_VAR Stim_Orientation_deg 0.0
187305790,!V TRIAL_VAR Gap_Duration_ms 100.0
187305790,!V TRIAL_VAR Stim_Duration_ms 200.0
187305790,!V TRIAL_VAR Stim_Hold_Time_ms 100.0
187305790,!V TRIAL_VAR Condition_ID C000068
187305791,!V TRIAL_VAR Is_Control False
187305791,!V TRIAL_VAR Stim_Color_Name Gray
187305791,!V TRIAL_VAR Stim_Intensity_Level 60
187305791,!V TRIAL_VAR Stim_Pos_X_deg 9.0
187305791,!V TRIAL_VAR Stim_Pos_Y_deg -7.0
187305797,FIX_ON TRIAL 144
187307807,FIX_OFF TRIAL 144
187307810,!V TRIAL_VAR Status nofix_1
187307810,!V TRIAL_VAR Subject_ID Monkey_H18
187307810,TRIAL_RESULT nofix_1
187499847,TRIALID 145
187499847,!V TRIAL_VAR Subject_ID Monkey_H18
187499847,!V TRIAL_VAR Planned_Fixation_Duration_ms 309.21289622298906
187499847,!V TRIAL_VAR Fixation_Pos_X_deg -6.0
187499847,!V TRIAL_VAR Fixation_Pos_Y_deg 8.0
187499847,!V TRIAL_VAR Fixation_Point_Radius_deg 0.2
187499847,!V TRIAL_VAR Fix_Window_Radius_deg 3.0
187499847,!V TRIAL_VAR Stim_Pos_X_deg 9.0
187499847,!V TRIAL_VAR Stim_Pos_Y_deg -7.0
187499847,!V TRIAL_VAR Stim_Window_Radius_deg 3.5
187499847,!V TRIAL_VAR Stim_Major_Axis_deg 0.3
187499847,!V TRIAL_VAR Stim_Minor_Axis_deg 0.3
187499847,!V TRIAL_VAR Stim_Orientation_deg 0.0
187499847,!V TRIAL_VAR Gap_Duration_ms 100.0
187499847,!V TRIAL_VAR Stim_Duration_ms 200.0
187499847,!V TRIAL_VAR Stim_Hold_Time_ms 100.0
187499847,!V TRIAL_VAR Condition_ID C000068
187499847,!V TRIAL_VAR Is_Control False
187499850,ERROR MESSAGES LOST 4
187499850,FIX_ON TRIAL 145
187500375,GAZE_ACQUIRED TRIAL 145
187500422,FIX_OFF TRIAL 145
187500926,!V TRIAL_VAR Status Break_1
187500926,!V TRIAL_VAR Subject_ID Monkey_H18
187500926,TRIAL_RESULT Break_1
187503977,TRIALID 146
187503977,!V TRIAL_VAR Subject_ID Monkey_H18
187503977,!V TRIAL_VAR Planned_Fixation_Duration_ms 492.406681039684
187503977,!V TRIAL_VAR Fixation_Pos_X_deg -6.0
187503977,!V TRIAL_VAR Fixation_Pos_Y_deg 8.0
187503977,!V TRIAL_VAR Fixation_Point_Radius_deg 0.2
187503977,!V TRIAL_VAR Fix_Window_Radius_deg 3.0
187503977,!V TRIAL_VAR Stim_Pos_X_deg 9.0
187503977,!V TRIAL_VAR Stim_Pos_Y_deg -7.0
187503977,!V TRIAL_VAR Stim_Window_Radius_deg 3.5
187503977,!V TRIAL_VAR Stim_Major_Axis_deg 0.3
187503977,!V TRIAL_VAR Stim_Minor_Axis_deg 0.3
187503977,!V TRIAL_VAR Stim_Orientation_deg 0.0
187503977,!V TRIAL_VAR Gap_Duration_ms 100.0
187503977,!V TRIAL_VAR Stim_Duration_ms 200.0
187503977,!V TRIAL_VAR Stim_Hold_Time_ms 100.0
187503978,!V TRIAL_VAR Condition_ID C000068
187503978,!V TRIAL_VAR Is_Control False
187503978,!V TRIAL_VAR Stim_Color_Name Gray
187503978,!V TRIAL_VAR Stim_Intensity_Level 60
187503978,!V TRIAL_VAR Stim_Pos_X_deg 9.0
187503978,!V TRIAL_VAR Stim_Pos_Y_deg -7.0
187503983,FIX_ON TRIAL 146
187504344,GAZE_ACQUIRED TRIAL 146
187504690,FIX_OFF TRIAL 146
187504797,STIM_ON TRIAL 146
187504915,TARGET_ENTER TRIAL 146
187505004,STIM_OFF TRIAL 146
187505018,STIM_WINDOW_END TRIAL 146
187505022,REWARD TRIAL 146
187505285,!V TRIAL_VAR Status Success
187505285,!V TRIAL_VAR Subject_ID Monkey_H18
187505285,TRIAL_RESULT Success
187508329,TRIALID 147
187508329,!V TRIAL_VAR Subject_ID Monkey_H18
187508329,!V TRIAL_VAR Planned_Fixation_Duration_ms 695.4813479580935
187508329,!V TRIAL_VAR Fixation_Pos_X_deg -6.0
187508329,!V TRIAL_VAR Fixation_Pos_Y_deg 8.0
187508329,!V TRIAL_VAR Fixation_Point_Radius_deg 0.2
187508329,!V TRIAL_VAR Fix_Window_Radius_deg 3.0
187508329,!V TRIAL_VAR Stim_Pos_X_deg -3.0
187508329,!V TRIAL_VAR Stim_Pos_Y_deg 5.0
187508329,!V TRIAL_VAR Stim_Window_Radius_deg 3.5
187508329,!V TRIAL_VAR Stim_Major_Axis_deg 0.3
187508329,!V TRIAL_VAR Stim_Minor_Axis_deg 0.3
187508329,!V TRIAL_VAR Stim_Orientation_deg 0.0
187508329,!V TRIAL_VAR Gap_Duration_ms 100.0
187508329,!V TRIAL_VAR Stim_Duration_ms 200.0
187508329,!V TRIAL_VAR Stim_Hold_Time_ms 100.0
187508329,!V TRIAL_VAR Condition_ID C000069
187508333,ERROR MESSAGES LOST 5
187508333,FIX_ON TRIAL 147
187510347,FIX_OFF TRIAL 147
187510350,!V TRIAL_VAR Status nofix_1
187510350,!V TRIAL_VAR Subject_ID Monkey_H18
187510350,TRIAL_RESULT nofix_1
187513396,TRIALID 148
187513396,!V TRIAL_VAR Subject_ID Monkey_H18
187513396,!V TRIAL_VAR Planned_Fixation_Duration_ms 403.5901958644747
187513396,!V TRIAL_VAR Fixation_Pos_X_deg -6.0
187513396,!V TRIAL_VAR Fixation_Pos_Y_deg 8.0
187513396,!V TRIAL_VAR Fixation_Point_Radius_deg 0.2
187513396,!V TRIAL_VAR Fix_Window_Radius_deg 3.0
187513396,!V TRIAL_VAR Stim_Pos_X_deg -3.0
187513396,!V TRIAL_VAR Stim_Pos_Y_deg 5.0
187513396,!V TRIAL_VAR Stim_Window_Radius_deg 3.5
187513396,!V TRIAL_VAR Stim_Major_Axis_deg 0.3
187513396,!V TRIAL_VAR Stim_Minor_Axis_deg 0.3
187513396,!V TRIAL_VAR Stim_Orientation_deg 0.0
187513396,!V TRIAL_VAR Gap_Duration_ms 100.0
187513396,!V TRIAL_VAR Stim_Duration_ms 200.0
187513396,!V TRIAL_VAR Stim_Hold_Time_ms 100.0
187513397,!V TRIAL_VAR Condition_ID C000069
187513397,!V TRIAL_VAR Is_Control False
187513397,!V TRIAL_VAR Stim_Color_Name Gray
187513397,!V TRIAL_VAR Stim_Intensity_Level 60
187513397,!V TRIAL_VAR Stim_Pos_X_deg -3.0
187513397,!V TRIAL_VAR Stim_Pos_Y_deg 5.0
187513400,FIX_ON TRIAL 148
187513697,GAZE_ACQUIRED TRIAL 148
187513950,FIX_OFF TRIAL 148
187514057,STIM_ON TRIAL 148
187514175,TARGET_ENTER TRIAL 148
187514264,STIM_OFF TRIAL 148
187514286,STIM_WINDOW_END TRIAL 148
187514290,REWARD TRIAL 148
187514554,!V TRIAL_VAR Status Success
187514555,!V TRIAL_VAR Subject_ID Monkey_H18
187514555,TRIAL_RESULT Success
187517605,TRIALID 149
187517605,!V TRIAL_VAR Subject_ID Monkey_H18
187517605,!V TRIAL_VAR Planned_Fixation_Duration_ms 793.2781750362776
187517605,!V TRIAL_VAR Fixation_Pos_X_deg -6.0
187517605,!V TRIAL_VAR Fixation_Pos_Y_deg 8.0
187517605,!V TRIAL_VAR Fixation_Point_Radius_deg 0.2
187517605,!V TRIAL_VAR Fix_Window_Radius_deg 3.0
187517605,!V TRIAL_VAR Stim_Pos_X_deg 0.0
187517605,!V TRIAL_VAR Stim_Pos_Y_deg -10.0
187517605,!V TRIAL_VAR Stim_Window_Radius_deg 3.5
187517605,!V TRIAL_VAR Stim_Major_Axis_deg 0.3
187517605,!V TRIAL_VAR Stim_Minor_Axis_deg 0.3
187517605,!V TRIAL_VAR Stim_Orientation_deg 0.0
187517605,!V TRIAL_VAR Gap_Duration_ms 100.0
187517605,!V TRIAL_VAR Stim_Duration_ms 200.0
187517605,!V TRIAL_VAR Stim_Hold_Time_ms 100.0
187517605,!V TRIAL_VAR Condition_ID C000070
187517612,ERROR MESSAGES LOST 5
187517612,FIX_ON TRIAL 149
187518250,GAZE_ACQUIRED TRIAL 149
187518894,FIX_OFF TRIAL 149
187518997,STIM_ON TRIAL 149
187519144,TARGET_ENTER TRIAL 149
187519204,STIM_OFF TRIAL 149
187519254,STIM_WINDOW_END TRIAL 149
187519258,REWARD TRIAL 149
187519521,!V TRIAL_VAR Status Success
187519522,!V TRIAL_VAR Subject_ID Monkey_H18
187519522,TRIAL_RESULT Success
187522568,TRIALID 150
187522569,!V TRIAL_VAR Subject_ID Monkey_H18
187522569,!V TRIAL_VAR Planned_Fixation_Duration_ms 734.616962573136
187522569,!V TRIAL_VAR Fixation_Pos_X_deg -6.0
187522569,!V TRIAL_VAR Fixation_Pos_Y_deg 8.0
187522569,!V TRIAL_VAR Fixation_Point_Radius_deg 0.2
187522569,!V TRIAL_VAR Fix_Window_Radius_deg 3.0
187522569,!V TRIAL_VAR Stim_Pos_X_deg -3.0
187522569,!V TRIAL_VAR Stim_Pos_Y_deg 8.0
187522569,!V TRIAL_VAR Stim_Window_Radius_deg 3.5
187522569,!V TRIAL_VAR Stim_Major_Axis_deg 0.3
187522569,!V TRIAL_VAR Stim_Minor_Axis_deg 0.3
187522569,!V TRIAL_VAR Stim_Orientation_deg 0.0
187522569,!V TRIAL_VAR Gap_Duration_ms 100.0
187522569,!V TRIAL_VAR Stim_Duration_ms 200.0
187522569,!V TRIAL_VAR Stim_Hold_Time_ms 100.0
187522569,!V TRIAL_VAR Condition_ID C000071
187522569,!V TRIAL_VAR Is_Control False
187522575,ERROR MESSAGES LOST 4
187522575,FIX_ON TRIAL 150
187523365,GAZE_ACQUIRED TRIAL 150
187523957,FIX_OFF TRIAL 150
187524068,STIM_ON TRIAL 150
187524079,TARGET_ENTER TRIAL 150
187524272,STIM_OFF TRIAL 150
187524272,STIM_WINDOW_END TRIAL 150
187524275,REWARD TRIAL 150
187524538,!V TRIAL_VAR Status Success
187524538,!V TRIAL_VAR Subject_ID Monkey_H18
187524538,TRIAL_RESULT Success
187527584,TRIALID 151
187527584,!V TRIAL_VAR Subject_ID Monkey_H18
187527584,!V TRIAL_VAR Planned_Fixation_Duration_ms 362.8787032226479
187527584,!V TRIAL_VAR Fixation_Pos_X_deg -6.0
187527584,!V TRIAL_VAR Fixation_Pos_Y_deg 8.0
187527584,!V TRIAL_VAR Fixation_Point_Radius_deg 0.2
187527584,!V TRIAL_VAR Fix_Window_Radius_deg 3.0
187527584,!V TRIAL_VAR Stim_Pos_X_deg 9.0
187527584,!V TRIAL_VAR Stim_Pos_Y_deg -10.0
187527584,!V TRIAL_VAR Stim_Window_Radius_deg 3.5
187527584,!V TRIAL_VAR Stim_Major_Axis_deg 0.3
187527584,!V TRIAL_VAR Stim_Minor_Axis_deg 0.3
187527584,!V TRIAL_VAR Stim_Orientation_deg 0.0
187527584,!V TRIAL_VAR Gap_Duration_ms 100.0
187527584,!V TRIAL_VAR Stim_Duration_ms 200.0
187527584,!V TRIAL_VAR Stim_Hold_Time_ms 100.0
187527584,!V TRIAL_VAR Condition_ID C000072
187527590,ERROR MESSAGES LOST 5
187527590,FIX_ON TRIAL 151
187528944,GAZE_ACQUIRED TRIAL 151
187529162,FIX_OFF TRIAL 151
187529268,STIM_ON TRIAL 151
187529444,TARGET_ENTER TRIAL 151
187529475,STIM_OFF TRIAL 151
187529547,STIM_WINDOW_END TRIAL 151
187529551,REWARD TRIAL 151
187529814,!V TRIAL_VAR Status Success
187529814,!V TRIAL_VAR Subject_ID Monkey_H18
187529814,TRIAL_RESULT Success
187532861,TRIALID 152
187532861,!V TRIAL_VAR Subject_ID Monkey_H18
187532861,!V TRIAL_VAR Planned_Fixation_Duration_ms 692.4188392309271
187532861,!V TRIAL_VAR Fixation_Pos_X_deg -6.0
187532861,!V TRIAL_VAR Fixation_Pos_Y_deg 8.0
187532861,!V TRIAL_VAR Fixation_Point_Radius_deg 0.2
187532861,!V TRIAL_VAR Fix_Window_Radius_deg 3.0
187532861,!V TRIAL_VAR Stim_Pos_X_deg 3.0
187532861,!V TRIAL_VAR Stim_Pos_Y_deg 2.0
187532861,!V TRIAL_VAR Stim_Window_Radius_deg 3.5
187532861,!V TRIAL_VAR Stim_Major_Axis_deg 0.3
187532861,!V TRIAL_VAR Stim_Minor_Axis_deg 0.3
187532861,!V TRIAL_VAR Stim_Orientation_deg 0.0
187532861,!V TRIAL_VAR Gap_Duration_ms 100.0
187532861,!V TRIAL_VAR Stim_Duration_ms 200.0
187532861,!V TRIAL_VAR Stim_Hold_Time_ms 100.0
187532862,!V TRIAL_VAR Condition_ID C000073
187532862,!V TRIAL_VAR Is_Control False
187532862,!V TRIAL_VAR Stim_Color_Name Gray
187532862,!V TRIAL_VAR Stim_Intensity_Level 60
187532862,!V TRIAL_VAR Stim_Pos_X_deg 3.0
187532862,!V TRIAL_VAR Stim_Pos_Y_deg 2.0
187532864,FIX_ON TRIAL 152
187533275,GAZE_ACQUIRED TRIAL 152
187533818,FIX_OFF TRIAL 152
187533925,STIM_ON TRIAL 152
187534036,TARGET_ENTER TRIAL 152
187534129,STIM_OFF TRIAL 152
187534143,STIM_WINDOW_END TRIAL 152
187534147,REWARD TRIAL 152
187534412,!V TRIAL_VAR Status Success
187534412,!V TRIAL_VAR Subject_ID Monkey_H18
187534412,TRIAL_RESULT Success
187537461,TRIALID 153
187537461,!V TRIAL_VAR Subject_ID Monkey_H18
187537461,!V TRIAL_VAR Planned_Fixation_Duration_ms 474.401343730385
187537461,!V TRIAL_VAR Fixation_Pos_X_deg -6.0
187537461,!V TRIAL_VAR Fixation_Pos_Y_deg 8.0
187537461,!V TRIAL_VAR Fixation_Point_Radius_deg 0.2
187537461,!V TRIAL_VAR Fix_Window_Radius_deg 3.0
187537461,!V TRIAL_VAR Stim_Pos_X_deg 0.0
187537461,!V TRIAL_VAR Stim_Pos_Y_deg -7.0
187537461,!V TRIAL_VAR Stim_Window_Radius_deg 3.5
187537461,!V TRIAL_VAR Stim_Major_Axis_deg 0.3
187537461,!V TRIAL_VAR Stim_Minor_Axis_deg 0.3
187537461,!V TRIAL_VAR Stim_Orientation_deg 0.0
187537461,!V TRIAL_VAR Gap_Duration_ms 100.0
187537461,!V TRIAL_VAR Stim_Duration_ms 200.0
187537461,!V TRIAL_VAR Stim_Hold_Time_ms 100.0
187537461,!V TRIAL_VAR Condition_ID C000074
187537461,!V TRIAL_VAR Is_Control False
187537461,!V TRIAL_VAR Stim_Color_Name Gray
187537461,!V TRIAL_VAR Stim_Intensity_Level 30
187537461,!V TRIAL_VAR Stim_Pos_X_deg 0.0
187537461,!V TRIAL_VAR Stim_Pos_Y_deg -7.0
187537465,FIX_ON TRIAL 153
187538062,GAZE_ACQUIRED TRIAL 153
187538390,FIX_OFF TRIAL 153
187538494,STIM_ON TRIAL 153
187538605,TARGET_ENTER TRIAL 153
187538701,STIM_OFF TRIAL 153
187538708,STIM_WINDOW_END TRIAL 153
187538712,REWARD TRIAL 153
187538978,!V TRIAL_VAR Status Success
187538978,!V TRIAL_VAR Subject_ID Monkey_H18
187538978,TRIAL_RESULT Success
187542027,TRIALID 154
187542027,!V TRIAL_VAR Subject_ID Monkey_H18
187542027,!V TRIAL_VAR Planned_Fixation_Duration_ms 694.6850040458594
187542027,!V TRIAL_VAR Fixation_Pos_X_deg -6.0
187542027,!V TRIAL_VAR Fixation_Pos_Y_deg 8.0
187542027,!V TRIAL_VAR Fixation_Point_Radius_deg 0.2
187542027,!V TRIAL_VAR Fix_Window_Radius_deg 3.0
187542027,!V TRIAL_VAR Stim_Pos_X_deg 6.0
187542027,!V TRIAL_VAR Stim_Pos_Y_deg -7.0
187542027,!V TRIAL_VAR Stim_Window_Radius_deg 3.5
187542027,!V TRIAL_VAR Stim_Major_Axis_deg 0.3
187542027,!V TRIAL_VAR Stim_Minor_Axis_deg 0.3
187542027,!V TRIAL_VAR Stim_Orientation_deg 0.0
187542027,!V TRIAL_VAR Gap_Duration_ms 100.0
187542027,!V TRIAL_VAR Stim_Duration_ms 200.0
187542027,!V TRIAL_VAR Stim_Hold_Time_ms 100.0
187542027,!V TRIAL_VAR Condition_ID C000075
187542033,ERROR MESSAGES LOST 5
187542033,FIX_ON TRIAL 154
187542544,GAZE_ACQUIRED TRIAL 154
187543097,FIX_OFF TRIAL 154
187543207,STIM_ON TRIAL 154
187543329,TARGET_ENTER TRIAL 154
187543415,STIM_OFF TRIAL 154
187543436,STIM_WINDOW_END TRIAL 154
187543440,REWARD TRIAL 154
187543703,!V TRIAL_VAR Status Success
187543703,!V TRIAL_VAR Subject_ID Monkey_H18
187543703,TRIAL_RESULT Success
187546747,TRIALID 155
187546747,!V TRIAL_VAR Subject_ID Monkey_H18
187546747,!V TRIAL_VAR Planned_Fixation_Duration_ms 702.9147543978075
187546747,!V TRIAL_VAR Fixation_Pos_X_deg -6.0
187546747,!V TRIAL_VAR Fixation_Pos_Y_deg 8.0
187546747,!V TRIAL_VAR Fixation_Point_Radius_deg 0.2
187546747,!V TRIAL_VAR Fix_Window_Radius_deg 3.0
187546747,!V TRIAL_VAR Stim_Pos_X_deg -6.0
187546747,!V TRIAL_VAR Stim_Pos_Y_deg 5.0
187546747,!V TRIAL_VAR Stim_Window_Radius_deg 3.5
187546747,!V TRIAL_VAR Stim_Major_Axis_deg 0.3
187546747,!V TRIAL_VAR Stim_Minor_Axis_deg 0.3
187546747,!V TRIAL_VAR Stim_Orientation_deg 0.0
187546747,!V TRIAL_VAR Gap_Duration_ms 100.0
187546747,!V TRIAL_VAR Stim_Duration_ms 200.0
187546747,!V TRIAL_VAR Stim_Hold_Time_ms 100.0
187546748,!V TRIAL_VAR Condition_ID C000076
187546748,!V TRIAL_VAR Is_Control False
187546748,!V TRIAL_VAR Stim_Color_Name Gray
187546748,!V TRIAL_VAR Stim_Intensity_Level 60
187546748,!V TRIAL_VAR Stim_Pos_X_deg -6.0
187546748,!V TRIAL_VAR Stim_Pos_Y_deg 5.0
187546754,FIX_ON TRIAL 155
187548762,FIX_OFF TRIAL 155
187548765,!V TRIAL_VAR Status nofix_1
187548765,!V TRIAL_VAR Subject_ID Monkey_H18
187548765,TRIAL_RESULT nofix_1
187551812,TRIALID 156
187551813,!V TRIAL_VAR Subject_ID Monkey_H18
187551813,!V TRIAL_VAR Planned_Fixation_Duration_ms 418.3507952875591
187551813,!V TRIAL_VAR Fixation_Pos_X_deg -6.0
187551813,!V TRIAL_VAR Fixation_Pos_Y_deg 8.0
187551813,!V TRIAL_VAR Fixation_Point_Radius_deg 0.2
187551813,!V TRIAL_VAR Fix_Window_Radius_deg 3.0
187551813,!V TRIAL_VAR Stim_Pos_X_deg -6.0
187551813,!V TRIAL_VAR Stim_Pos_Y_deg 5.0
187551813,!V TRIAL_VAR Stim_Window_Radius_deg 3.5
187551813,!V TRIAL_VAR Stim_Major_Axis_deg 0.3
187551813,!V TRIAL_VAR Stim_Minor_Axis_deg 0.3
187551813,!V TRIAL_VAR Stim_Orientation_deg 0.0
187551813,!V TRIAL_VAR Gap_Duration_ms 100.0
187551813,!V TRIAL_VAR Stim_Duration_ms 200.0
187551813,!V TRIAL_VAR Stim_Hold_Time_ms 100.0
187551813,!V TRIAL_VAR Condition_ID C000076
187551814,!V TRIAL_VAR Is_Control False
187551814,!V TRIAL_VAR Stim_Color_Name Gray
187551814,!V TRIAL_VAR Stim_Intensity_Level 60
187551814,!V TRIAL_VAR Stim_Pos_X_deg -6.0
187551814,!V TRIAL_VAR Stim_Pos_Y_deg 5.0
187551818,FIX_ON TRIAL 156
187553769,GAZE_ACQUIRED TRIAL 156
187553779,FIX_OFF TRIAL 156
187554284,!V TRIAL_VAR Status Break_1
187554284,!V TRIAL_VAR Subject_ID Monkey_H18
187554284,TRIAL_RESULT Break_1
187557336,TRIALID 157
187557337,!V TRIAL_VAR Subject_ID Monkey_H18
187557337,!V TRIAL_VAR Planned_Fixation_Duration_ms 530.0011640815743
187557337,!V TRIAL_VAR Fixation_Pos_X_deg -6.0
187557337,!V TRIAL_VAR Fixation_Pos_Y_deg 8.0
187557337,!V TRIAL_VAR Fixation_Point_Radius_deg 0.2
187557337,!V TRIAL_VAR Fix_Window_Radius_deg 3.0
187557337,!V TRIAL_VAR Stim_Pos_X_deg -6.0
187557337,!V TRIAL_VAR Stim_Pos_Y_deg 5.0
187557337,!V TRIAL_VAR Stim_Window_Radius_deg 3.5
187557337,!V TRIAL_VAR Stim_Major_Axis_deg 0.3
187557337,!V TRIAL_VAR Stim_Minor_Axis_deg 0.3
187557337,!V TRIAL_VAR Stim_Orientation_deg 0.0
187557337,!V TRIAL_VAR Gap_Duration_ms 100.0
187557337,!V TRIAL_VAR Stim_Duration_ms 200.0
187557337,!V TRIAL_VAR Stim_Hold_Time_ms 100.0
187557338,!V TRIAL_VAR Condition_ID C000076
187557338,!V TRIAL_VAR Is_Control False
187557338,!V TRIAL_VAR Stim_Color_Name Gray
187557338,!V TRIAL_VAR Stim_Intensity_Level 60
187557338,!V TRIAL_VAR Stim_Pos_X_deg -6.0
187557338,!V TRIAL_VAR Stim_Pos_Y_deg 5.0
187557344,FIX_ON TRIAL 157
187559358,FIX_OFF TRIAL 157
187559362,!V TRIAL_VAR Status nofix_1
187559362,!V TRIAL_VAR Subject_ID Monkey_H18
187559362,TRIAL_RESULT nofix_1
187562409,TRIALID 158
187562410,!V TRIAL_VAR Subject_ID Monkey_H18
187562410,!V TRIAL_VAR Planned_Fixation_Duration_ms 553.687764936479
187562410,!V TRIAL_VAR Fixation_Pos_X_deg -6.0
187562410,!V TRIAL_VAR Fixation_Pos_Y_deg 8.0
187562410,!V TRIAL_VAR Fixation_Point_Radius_deg 0.2
187562410,!V TRIAL_VAR Fix_Window_Radius_deg 3.0
187562410,!V TRIAL_VAR Stim_Pos_X_deg -6.0
187562410,!V TRIAL_VAR Stim_Pos_Y_deg 5.0
187562410,!V TRIAL_VAR Stim_Window_Radius_deg 3.5
187562410,!V TRIAL_VAR Stim_Major_Axis_deg 0.3
187562410,!V TRIAL_VAR Stim_Minor_Axis_deg 0.3
187562410,!V TRIAL_VAR Stim_Orientation_deg 0.0
187562410,!V TRIAL_VAR Gap_Duration_ms 100.0
187562410,!V TRIAL_VAR Stim_Duration_ms 200.0
187562410,!V TRIAL_VAR Stim_Hold_Time_ms 100.0
187562410,!V TRIAL_VAR Condition_ID C000076
187562411,!V TRIAL_VAR Is_Control False
187562411,!V TRIAL_VAR Stim_Color_Name Gray
187562411,!V TRIAL_VAR Stim_Intensity_Level 60
187562411,!V TRIAL_VAR Stim_Pos_X_deg -6.0
187562411,!V TRIAL_VAR Stim_Pos_Y_deg 5.0
187562414,FIX_ON TRIAL 158
187564429,FIX_OFF TRIAL 158
187564433,!V TRIAL_VAR Status nofix_1
187564433,!V TRIAL_VAR Subject_ID Monkey_H18
187564433,TRIAL_RESULT nofix_1
187567483,TRIALID 159
187567483,!V TRIAL_VAR Subject_ID Monkey_H18
187567483,!V TRIAL_VAR Planned_Fixation_Duration_ms 435.2805058285944
187567483,!V TRIAL_VAR Fixation_Pos_X_deg -6.0
187567483,!V TRIAL_VAR Fixation_Pos_Y_deg 8.0
187567483,!V TRIAL_VAR Fixation_Point_Radius_deg 0.2
187567483,!V TRIAL_VAR Fix_Window_Radius_deg 3.0
187567483,!V TRIAL_VAR Stim_Pos_X_deg -6.0
187567483,!V TRIAL_VAR Stim_Pos_Y_deg 5.0
187567483,!V TRIAL_VAR Stim_Window_Radius_deg 3.5
187567483,!V TRIAL_VAR Stim_Major_Axis_deg 0.3
187567483,!V TRIAL_VAR Stim_Minor_Axis_deg 0.3
187567483,!V TRIAL_VAR Stim_Orientation_deg 0.0
187567483,!V TRIAL_VAR Gap_Duration_ms 100.0
187567483,!V TRIAL_VAR Stim_Duration_ms 200.0
187567483,!V TRIAL_VAR Stim_Hold_Time_ms 100.0
187567483,!V TRIAL_VAR Condition_ID C000076
187567484,!V TRIAL_VAR Is_Control False
187567484,!V TRIAL_VAR Stim_Color_Name Gray
187567484,!V TRIAL_VAR Stim_Intensity_Level 60
187567484,!V TRIAL_VAR Stim_Pos_X_deg -6.0
187567484,!V TRIAL_VAR Stim_Pos_Y_deg 5.0
187567486,FIX_ON TRIAL 159
187569494,FIX_OFF TRIAL 159
187569497,!V TRIAL_VAR Status nofix_1
187569497,!V TRIAL_VAR Subject_ID Monkey_H18
187569497,TRIAL_RESULT nofix_1
187572544,TRIALID 160
187572544,!V TRIAL_VAR Subject_ID Monkey_H18
187572544,!V TRIAL_VAR Planned_Fixation_Duration_ms 551.3290375306578
187572544,!V TRIAL_VAR Fixation_Pos_X_deg -6.0
187572544,!V TRIAL_VAR Fixation_Pos_Y_deg 8.0
187572544,!V TRIAL_VAR Fixation_Point_Radius_deg 0.2
187572544,!V TRIAL_VAR Fix_Window_Radius_deg 3.0
187572544,!V TRIAL_VAR Stim_Pos_X_deg -6.0
187572544,!V TRIAL_VAR Stim_Pos_Y_deg 5.0
187572544,!V TRIAL_VAR Stim_Window_Radius_deg 3.5
187572544,!V TRIAL_VAR Stim_Major_Axis_deg 0.3
187572544,!V TRIAL_VAR Stim_Minor_Axis_deg 0.3
187572544,!V TRIAL_VAR Stim_Orientation_deg 0.0
187572544,!V TRIAL_VAR Gap_Duration_ms 100.0
187572544,!V TRIAL_VAR Stim_Duration_ms 200.0
187572544,!V TRIAL_VAR Stim_Hold_Time_ms 100.0
187572545,!V TRIAL_VAR Condition_ID C000076
187572545,!V TRIAL_VAR Is_Control False
187572545,!V TRIAL_VAR Stim_Color_Name Gray
187572545,!V TRIAL_VAR Stim_Intensity_Level 60
187572545,!V TRIAL_VAR Stim_Pos_X_deg -6.0
187572545,!V TRIAL_VAR Stim_Pos_Y_deg 5.0
187572550,FIX_ON TRIAL 160
187574561,FIX_OFF TRIAL 160
187574565,!V TRIAL_VAR Status nofix_1
187574565,!V TRIAL_VAR Subject_ID Monkey_H18
187574565,TRIAL_RESULT nofix_1
187577611,TRIALID 161
187577612,!V TRIAL_VAR Subject_ID Monkey_H18
187577612,!V TRIAL_VAR Planned_Fixation_Duration_ms 336.4668622755486
187577612,!V TRIAL_VAR Fixation_Pos_X_deg -6.0
187577612,!V TRIAL_VAR Fixation_Pos_Y_deg 8.0
187577612,!V TRIAL_VAR Fixation_Point_Radius_deg 0.2
187577612,!V TRIAL_VAR Fix_Window_Radius_deg 3.0
187577612,!V TRIAL_VAR Stim_Pos_X_deg -6.0
187577612,!V TRIAL_VAR Stim_Pos_Y_deg 5.0
187577612,!V TRIAL_VAR Stim_Window_Radius_deg 3.5
187577612,!V TRIAL_VAR Stim_Major_Axis_deg 0.3
187577612,!V TRIAL_VAR Stim_Minor_Axis_deg 0.3
187577612,!V TRIAL_VAR Stim_Orientation_deg 0.0
187577612,!V TRIAL_VAR Gap_Duration_ms 100.0
187577612,!V TRIAL_VAR Stim_Duration_ms 200.0
187577612,!V TRIAL_VAR Stim_Hold_Time_ms 100.0
187577612,!V TRIAL_VAR Condition_ID C000076
187577613,!V TRIAL_VAR Is_Control False
187577613,!V TRIAL_VAR Stim_Color_Name Gray
187577613,!V TRIAL_VAR Stim_Intensity_Level 60
187577613,!V TRIAL_VAR Stim_Pos_X_deg -6.0
187577613,!V TRIAL_VAR Stim_Pos_Y_deg 5.0
187577618,FIX_ON TRIAL 161
187579097,GAZE_ACQUIRED TRIAL 161
187579294,FIX_OFF TRIAL 161
187579400,STIM_ON TRIAL 161
187579419,TARGET_ENTER TRIAL 161
187579608,STIM_OFF TRIAL 161
187579629,STIM_WINDOW_END TRIAL 161
187579633,REWARD TRIAL 161
187579897,!V TRIAL_VAR Status Success
187579897,!V TRIAL_VAR Subject_ID Monkey_H18
187579897,TRIAL_RESULT Success
187582971,TRIALID 162
187582971,!V TRIAL_VAR Subject_ID Monkey_H18
187582971,!V TRIAL_VAR Planned_Fixation_Duration_ms 346.60041608566536
187582971,!V TRIAL_VAR Fixation_Pos_X_deg -6.0
187582971,!V TRIAL_VAR Fixation_Pos_Y_deg 8.0
187582971,!V TRIAL_VAR Fixation_Point_Radius_deg 0.2
187582971,!V TRIAL_VAR Fix_Window_Radius_deg 3.0
187582971,!V TRIAL_VAR Stim_Pos_X_deg 3.0
187582971,!V TRIAL_VAR Stim_Pos_Y_deg -10.0
187582971,!V TRIAL_VAR Stim_Window_Radius_deg 3.5
187582971,!V TRIAL_VAR Stim_Major_Axis_deg 0.3
187582971,!V TRIAL_VAR Stim_Minor_Axis_deg 0.3
187582971,!V TRIAL_VAR Stim_Orientation_deg 0.0
187582971,!V TRIAL_VAR Gap_Duration_ms 100.0
187582971,!V TRIAL_VAR Stim_Duration_ms 200.0
187582971,!V TRIAL_VAR Stim_Hold_Time_ms 100.0
187582972,!V TRIAL_VAR Condition_ID C000077
187582972,!V TRIAL_VAR Is_Control False
187582972,!V TRIAL_VAR Stim_Color_Name Gray
187582972,!V TRIAL_VAR Stim_Intensity_Level 150
187582972,!V TRIAL_VAR Stim_Pos_X_deg 3.0
187582972,!V TRIAL_VAR Stim_Pos_Y_deg -10.0
187582976,FIX_ON TRIAL 162
187583294,GAZE_ACQUIRED TRIAL 162
187583497,FIX_OFF TRIAL 162
187583604,STIM_ON TRIAL 162
187583744,TARGET_ENTER TRIAL 162
187583812,STIM_OFF TRIAL 162
187583847,STIM_WINDOW_END TRIAL 162
187583851,REWARD TRIAL 162
187584117,!V TRIAL_VAR Status Success
187584117,!V TRIAL_VAR Subject_ID Monkey_H18
187584117,TRIAL_RESULT Success
187587166,TRIALID 163
187587167,!V TRIAL_VAR Subject_ID Monkey_H18
187587167,!V TRIAL_VAR Planned_Fixation_Duration_ms 584.048543037193
187587167,!V TRIAL_VAR Fixation_Pos_X_deg -6.0
187587167,!V TRIAL_VAR Fixation_Pos_Y_deg 8.0
187587167,!V TRIAL_VAR Fixation_Point_Radius_deg 0.2
187587167,!V TRIAL_VAR Fix_Window_Radius_deg 3.0
187587167,!V TRIAL_VAR Stim_Pos_X_deg 6.0
187587167,!V TRIAL_VAR Stim_Pos_Y_deg -7.0
187587167,!V TRIAL_VAR Stim_Window_Radius_deg 3.5
187587167,!V TRIAL_VAR Stim_Major_Axis_deg 0.3
187587167,!V TRIAL_VAR Stim_Minor_Axis_deg 0.3
187587167,!V TRIAL_VAR Stim_Orientation_deg 0.0
187587167,!V TRIAL_VAR Gap_Duration_ms 100.0
187587167,!V TRIAL_VAR Stim_Duration_ms 200.0
187587167,!V TRIAL_VAR Stim_Hold_Time_ms 100.0
187587167,!V TRIAL_VAR Condition_ID C000078
187587167,!V TRIAL_VAR Is_Control False
187587168,!V TRIAL_VAR Stim_Color_Name Gray
187587168,!V TRIAL_VAR Stim_Intensity_Level 180
187587168,!V TRIAL_VAR Stim_Pos_X_deg 6.0
187587168,!V TRIAL_VAR Stim_Pos_Y_deg -7.0
187587172,FIX_ON TRIAL 163
187587562,GAZE_ACQUIRED TRIAL 163
187588000,FIX_OFF TRIAL 163
187588108,STIM_ON TRIAL 163
187588219,TARGET_ENTER TRIAL 163
187588315,STIM_OFF TRIAL 163
187588329,STIM_WINDOW_END TRIAL 163
187588333,REWARD TRIAL 163
187588596,!V TRIAL_VAR Status Success
187588596,!V TRIAL_VAR Subject_ID Monkey_H18
187588596,TRIAL_RESULT Success
187591642,TRIALID 164
187591642,!V TRIAL_VAR Subject_ID Monkey_H18
187591642,!V TRIAL_VAR Planned_Fixation_Duration_ms 448.00923391702014
187591642,!V TRIAL_VAR Fixation_Pos_X_deg -6.0
187591642,!V TRIAL_VAR Fixation_Pos_Y_deg 8.0
187591642,!V TRIAL_VAR Fixation_Point_Radius_deg 0.2
187591643,!V TRIAL_VAR Fix_Window_Radius_deg 3.0
187591643,!V TRIAL_VAR Stim_Pos_X_deg 6.0
187591643,!V TRIAL_VAR Stim_Pos_Y_deg 5.0
187591643,!V TRIAL_VAR Stim_Window_Radius_deg 3.5
187591643,!V TRIAL_VAR Stim_Major_Axis_deg 0.3
187591643,!V TRIAL_VAR Stim_Minor_Axis_deg 0.3
187591643,!V TRIAL_VAR Stim_Orientation_deg 0.0
187591643,!V TRIAL_VAR Gap_Duration_ms 100.0
187591643,!V TRIAL_VAR Stim_Duration_ms 200.0
187591643,!V TRIAL_VAR Stim_Hold_Time_ms 100.0
187591643,!V TRIAL_VAR Condition_ID C000079
187591647,ERROR MESSAGES LOST 5
187591647,FIX_ON TRIAL 164
187591940,GAZE_ACQUIRED TRIAL 164
187592240,FIX_OFF TRIAL 164
187592350,STIM_ON TRIAL 164
187592462,TARGET_ENTER TRIAL 164
187592558,STIM_OFF TRIAL 164
187592572,STIM_WINDOW_END TRIAL 164
187592576,REWARD TRIAL 164
187592840,!V TRIAL_VAR Status Success
187592840,!V TRIAL_VAR Subject_ID Monkey_H18
187592840,TRIAL_RESULT Success
187595888,TRIALID 165
187595888,!V TRIAL_VAR Subject_ID Monkey_H18
187595888,!V TRIAL_VAR Planned_Fixation_Duration_ms 731.0617440861104
187595888,!V TRIAL_VAR Fixation_Pos_X_deg -6.0
187595888,!V TRIAL_VAR Fixation_Pos_Y_deg 8.0
187595888,!V TRIAL_VAR Fixation_Point_Radius_deg 0.2
187595888,!V TRIAL_VAR Fix_Window_Radius_deg 3.0
187595888,!V TRIAL_VAR Stim_Pos_X_deg 3.0
187595888,!V TRIAL_VAR Stim_Pos_Y_deg -7.0
187595888,!V TRIAL_VAR Stim_Window_Radius_deg 3.5
187595888,!V TRIAL_VAR Stim_Major_Axis_deg 0.3
187595888,!V TRIAL_VAR Stim_Minor_Axis_deg 0.3
187595888,!V TRIAL_VAR Stim_Orientation_deg 0.0
187595888,!V TRIAL_VAR Gap_Duration_ms 100.0
187595888,!V TRIAL_VAR Stim_Duration_ms 200.0
187595888,!V TRIAL_VAR Stim_Hold_Time_ms 100.0
187595889,!V TRIAL_VAR Condition_ID C000080
187595889,!V TRIAL_VAR Is_Control False
187595889,!V TRIAL_VAR Stim_Color_Name Gray
187595889,!V TRIAL_VAR Stim_Intensity_Level 60
187595889,!V TRIAL_VAR Stim_Pos_X_deg 3.0
187595889,!V TRIAL_VAR Stim_Pos_Y_deg -7.0
187595894,FIX_ON TRIAL 165
187596269,GAZE_ACQUIRED TRIAL 165
187596854,FIX_OFF TRIAL 165
187596962,STIM_ON TRIAL 165
187597072,TARGET_ENTER TRIAL 165
187597168,STIM_OFF TRIAL 165
187597176,STIM_WINDOW_END TRIAL 165
187597180,REWARD TRIAL 165
187597442,!V TRIAL_VAR Status Success
187597442,!V TRIAL_VAR Subject_ID Monkey_H18
187597442,TRIAL_RESULT Success
187600486,TRIALID 166
187600486,!V TRIAL_VAR Subject_ID Monkey_H18
187600486,!V TRIAL_VAR Planned_Fixation_Duration_ms 737.4997762211308
187600486,!V TRIAL_VAR Fixation_Pos_X_deg 3.0
187600486,!V TRIAL_VAR Fixation_Pos_Y_deg 5.0
187600486,!V TRIAL_VAR Fixation_Point_Radius_deg 0.2
187600487,!V TRIAL_VAR Fix_Window_Radius_deg 3.0
187600487,!V TRIAL_VAR Stim_Pos_X_deg 3.0
187600487,!V TRIAL_VAR Stim_Pos_Y_deg 5.0
187600487,!V TRIAL_VAR Stim_Window_Radius_deg 3.5
187600487,!V TRIAL_VAR Stim_Major_Axis_deg 0.3
187600487,!V TRIAL_VAR Stim_Minor_Axis_deg 0.3
187600487,!V TRIAL_VAR Stim_Orientation_deg 0.0
187600487,!V TRIAL_VAR Gap_Duration_ms 100.0
187600487,!V TRIAL_VAR Stim_Duration_ms 200.0
187600487,!V TRIAL_VAR Stim_Hold_Time_ms 100.0
187600487,!V TRIAL_VAR Condition_ID C000081
187600490,ERROR MESSAGES LOST 5
187600490,FIX_ON TRIAL 166
187600879,GAZE_ACQUIRED TRIAL 166
187601475,FIX_OFF TRIAL 166
187601487,REWARD TRIAL 166
187601749,!V TRIAL_VAR Status Control_Success
187601749,!V TRIAL_VAR Subject_ID Monkey_H18
187601749,TRIAL_RESULT Control_Success
187604792,TRIALID 167
187604793,!V TRIAL_VAR Subject_ID Monkey_H18
187604793,!V TRIAL_VAR Planned_Fixation_Duration_ms 596.9603272193049
187604793,!V TRIAL_VAR Fixation_Pos_X_deg -6.0
187604793,!V TRIAL_VAR Fixation_Pos_Y_deg -1.0
187604793,!V TRIAL_VAR Fixation_Point_Radius_deg 0.2
187604793,!V TRIAL_VAR Fix_Window_Radius_deg 3.0
187604793,!V TRIAL_VAR Stim_Pos_X_deg -6.0
187604793,!V TRIAL_VAR Stim_Pos_Y_deg -1.0
187604793,!V TRIAL_VAR Stim_Window_Radius_deg 3.5
187604793,!V TRIAL_VAR Stim_Major_Axis_deg 0.3
187604793,!V TRIAL_VAR Stim_Minor_Axis_deg 0.3
187604793,!V TRIAL_VAR Stim_Orientation_deg 0.0
187604793,!V TRIAL_VAR Gap_Duration_ms 100.0
187604793,!V TRIAL_VAR Stim_Duration_ms 200.0
187604793,!V TRIAL_VAR Stim_Hold_Time_ms 100.0
187604794,!V TRIAL_VAR Condition_ID C000082
187604794,!V TRIAL_VAR Is_Control True
187604794,!V TRIAL_VAR Stim_Color_Name Control
187604794,!V TRIAL_VAR Stim_Intensity_Level 0
187604794,!V TRIAL_VAR Stim_Pos_X_deg -6.0
187604794,!V TRIAL_VAR Stim_Pos_Y_deg -1.0
187604797,FIX_ON TRIAL 167
187605179,GAZE_ACQUIRED TRIAL 167
187605290,FIX_OFF TRIAL 167
187605794,!V TRIAL_VAR Status Control_Break_1
187605794,!V TRIAL_VAR Subject_ID Monkey_H18
187605794,TRIAL_RESULT Control_Break_1
187608840,TRIALID 168
187608840,!V TRIAL_VAR Subject_ID Monkey_H18
187608840,!V TRIAL_VAR Planned_Fixation_Duration_ms 666.3837888354659
187608840,!V TRIAL_VAR Fixation_Pos_X_deg -6.0
187608840,!V TRIAL_VAR Fixation_Pos_Y_deg -1.0
187608840,!V TRIAL_VAR Fixation_Point_Radius_deg 0.2
187608840,!V TRIAL_VAR Fix_Window_Radius_deg 3.0
187608840,!V TRIAL_VAR Stim_Pos_X_deg -6.0
187608840,!V TRIAL_VAR Stim_Pos_Y_deg -1.0
187608840,!V TRIAL_VAR Stim_Window_Radius_deg 3.5
187608840,!V TRIAL_VAR Stim_Major_Axis_deg 0.3
187608840,!V TRIAL_VAR Stim_Minor_Axis_deg 0.3
187608840,!V TRIAL_VAR Stim_Orientation_deg 0.0
187608840,!V TRIAL_VAR Gap_Duration_ms 100.0
187608840,!V TRIAL_VAR Stim_Duration_ms 200.0
187608840,!V TRIAL_VAR Stim_Hold_Time_ms 100.0
187608841,!V TRIAL_VAR Condition_ID C000082
187608841,!V TRIAL_VAR Is_Control True
187608841,!V TRIAL_VAR Stim_Color_Name Control
187608841,!V TRIAL_VAR Stim_Intensity_Level 0
187608841,!V TRIAL_VAR Stim_Pos_X_deg -6.0
187608841,!V TRIAL_VAR Stim_Pos_Y_deg -1.0
187608843,FIX_ON TRIAL 168
187610851,FIX_OFF TRIAL 168
187610855,!V TRIAL_VAR Status Control_nofix_1
187610855,!V TRIAL_VAR Subject_ID Monkey_H18
187610855,TRIAL_RESULT Control_nofix_1
187613900,TRIALID 169
187613900,!V TRIAL_VAR Subject_ID Monkey_H18
187613900,!V TRIAL_VAR Planned_Fixation_Duration_ms 441.4829628810136
187613900,!V TRIAL_VAR Fixation_Pos_X_deg -6.0
187613900,!V TRIAL_VAR Fixation_Pos_Y_deg -1.0
187613900,!V TRIAL_VAR Fixation_Point_Radius_deg 0.2
187613900,!V TRIAL_VAR Fix_Window_Radius_deg 3.0
187613900,!V TRIAL_VAR Stim_Pos_X_deg -6.0
187613900,!V TRIAL_VAR Stim_Pos_Y_deg -1.0
187613900,!V TRIAL_VAR Stim_Window_Radius_deg 3.5
187613900,!V TRIAL_VAR Stim_Major_Axis_deg 0.3
187613900,!V TRIAL_VAR Stim_Minor_Axis_deg 0.3
187613900,!V TRIAL_VAR Stim_Orientation_deg 0.0
187613900,!V TRIAL_VAR Gap_Duration_ms 100.0
187613900,!V TRIAL_VAR Stim_Duration_ms 200.0
187613900,!V TRIAL_VAR Stim_Hold_Time_ms 100.0
187613900,!V TRIAL_VAR Condition_ID C000082
187613904,ERROR MESSAGES LOST 5
187613904,FIX_ON TRIAL 169
187614304,GAZE_ACQUIRED TRIAL 169
187614594,FIX_OFF TRIAL 169
187614605,REWARD TRIAL 169
187614869,!V TRIAL_VAR Status Control_Success
187614869,!V TRIAL_VAR Subject_ID Monkey_H18
187614869,TRIAL_RESULT Control_Success
187617918,TRIALID 170
187617919,!V TRIAL_VAR Subject_ID Monkey_H18
187617919,!V TRIAL_VAR Planned_Fixation_Duration_ms 723.5297926352189
187617919,!V TRIAL_VAR Fixation_Pos_X_deg -6.0
187617919,!V TRIAL_VAR Fixation_Pos_Y_deg 8.0
187617919,!V TRIAL_VAR Fixation_Point_Radius_deg 0.2
187617919,!V TRIAL_VAR Fix_Window_Radius_deg 3.0
187617919,!V TRIAL_VAR Stim_Pos_X_deg -6.0
187617919,!V TRIAL_VAR Stim_Pos_Y_deg 5.0
187617919,!V TRIAL_VAR Stim_Window_Radius_deg 3.5
187617919,!V TRIAL_VAR Stim_Major_Axis_deg 0.3
187617919,!V TRIAL_VAR Stim_Minor_Axis_deg 0.3
187617919,!V TRIAL_VAR Stim_Orientation_deg 0.0
187617919,!V TRIAL_VAR Gap_Duration_ms 100.0
187617919,!V TRIAL_VAR Stim_Duration_ms 200.0
187617919,!V TRIAL_VAR Stim_Hold_Time_ms 100.0
187617919,!V TRIAL_VAR Condition_ID C000083
187617920,!V TRIAL_VAR Is_Control False
187617920,!V TRIAL_VAR Stim_Color_Name Gray
187617920,!V TRIAL_VAR Stim_Intensity_Level 120
187617920,!V TRIAL_VAR Stim_Pos_X_deg -6.0
187617920,!V TRIAL_VAR Stim_Pos_Y_deg 5.0
187617926,FIX_ON TRIAL 170
187619933,FIX_OFF TRIAL 170
187619937,!V TRIAL_VAR Status nofix_1
187619937,!V TRIAL_VAR Subject_ID Monkey_H18
187619937,TRIAL_RESULT nofix_1
187622986,TRIALID 171
187622986,!V TRIAL_VAR Subject_ID Monkey_H18
187622987,!V TRIAL_VAR Planned_Fixation_Duration_ms 457.9177726818216
187622987,!V TRIAL_VAR Fixation_Pos_X_deg -6.0
187622987,!V TRIAL_VAR Fixation_Pos_Y_deg 8.0
187622987,!V TRIAL_VAR Fixation_Point_Radius_deg 0.2
187622987,!V TRIAL_VAR Fix_Window_Radius_deg 3.0
187622987,!V TRIAL_VAR Stim_Pos_X_deg -6.0
187622987,!V TRIAL_VAR Stim_Pos_Y_deg 5.0
187622987,!V TRIAL_VAR Stim_Window_Radius_deg 3.5
187622987,!V TRIAL_VAR Stim_Major_Axis_deg 0.3
187622987,!V TRIAL_VAR Stim_Minor_Axis_deg 0.3
187622987,!V TRIAL_VAR Stim_Orientation_deg 0.0
187622987,!V TRIAL_VAR Gap_Duration_ms 100.0
187622987,!V TRIAL_VAR Stim_Duration_ms 200.0
187622987,!V TRIAL_VAR Stim_Hold_Time_ms 100.0
187622987,!V TRIAL_VAR Condition_ID C000083
187622990,ERROR MESSAGES LOST 5
187622990,FIX_ON TRIAL 171
187625001,FIX_OFF TRIAL 171
187625005,!V TRIAL_VAR Status nofix_1
187625005,!V TRIAL_VAR Subject_ID Monkey_H18
187625005,TRIAL_RESULT nofix_1
187628056,TRIALID 172
187628056,!V TRIAL_VAR Subject_ID Monkey_H18
187628056,!V TRIAL_VAR Planned_Fixation_Duration_ms 546.7068935039048
187628056,!V TRIAL_VAR Fixation_Pos_X_deg -6.0
187628056,!V TRIAL_VAR Fixation_Pos_Y_deg 8.0
187628056,!V TRIAL_VAR Fixation_Point_Radius_deg 0.2
187628056,!V TRIAL_VAR Fix_Window_Radius_deg 3.0
187628056,!V TRIAL_VAR Stim_Pos_X_deg -6.0
187628056,!V TRIAL_VAR Stim_Pos_Y_deg 5.0
187628056,!V TRIAL_VAR Stim_Window_Radius_deg 3.5
187628056,!V TRIAL_VAR Stim_Major_Axis_deg 0.3
187628056,!V TRIAL_VAR Stim_Minor_Axis_deg 0.3
187628056,!V TRIAL_VAR Stim_Orientation_deg 0.0
187628056,!V TRIAL_VAR Gap_Duration_ms 100.0
187628056,!V TRIAL_VAR Stim_Duration_ms 200.0
187628056,!V TRIAL_VAR Stim_Hold_Time_ms 100.0
187628057,!V TRIAL_VAR Condition_ID C000083
187628057,!V TRIAL_VAR Is_Control False
187628057,!V TRIAL_VAR Stim_Color_Name Gray
187628057,!V TRIAL_VAR Stim_Intensity_Level 120
187628057,!V TRIAL_VAR Stim_Pos_X_deg -6.0
187628057,!V TRIAL_VAR Stim_Pos_Y_deg 5.0
187628062,FIX_ON TRIAL 172
187630069,FIX_OFF TRIAL 172
187630073,!V TRIAL_VAR Status nofix_1
187630073,!V TRIAL_VAR Subject_ID Monkey_H18
187630073,TRIAL_RESULT nofix_1
187633118,TRIALID 173
187633119,!V TRIAL_VAR Subject_ID Monkey_H18
187633119,!V TRIAL_VAR Planned_Fixation_Duration_ms 596.15275627121
187633119,!V TRIAL_VAR Fixation_Pos_X_deg -6.0
187633119,!V TRIAL_VAR Fixation_Pos_Y_deg 8.0
187633119,!V TRIAL_VAR Fixation_Point_Radius_deg 0.2
187633119,!V TRIAL_VAR Fix_Window_Radius_deg 3.0
187633119,!V TRIAL_VAR Stim_Pos_X_deg -6.0
187633119,!V TRIAL_VAR Stim_Pos_Y_deg 5.0
187633119,!V TRIAL_VAR Stim_Window_Radius_deg 3.5
187633119,!V TRIAL_VAR Stim_Major_Axis_deg 0.3
187633119,!V TRIAL_VAR Stim_Minor_Axis_deg 0.3
187633119,!V TRIAL_VAR Stim_Orientation_deg 0.0
187633119,!V TRIAL_VAR Gap_Duration_ms 100.0
187633119,!V TRIAL_VAR Stim_Duration_ms 200.0
187633119,!V TRIAL_VAR Stim_Hold_Time_ms 100.0
187633119,!V TRIAL_VAR Condition_ID C000083
187633119,!V TRIAL_VAR Is_Control False
187633120,!V TRIAL_VAR Stim_Color_Name Gray
187633120,!V TRIAL_VAR Stim_Intensity_Level 120
187633120,!V TRIAL_VAR Stim_Pos_X_deg -6.0
187633120,!V TRIAL_VAR Stim_Pos_Y_deg 5.0
187633122,FIX_ON TRIAL 173
187635134,FIX_OFF TRIAL 173
187635138,!V TRIAL_VAR Status nofix_1
187635138,!V TRIAL_VAR Subject_ID Monkey_H18
187635138,TRIAL_RESULT nofix_1
187638187,TRIALID 174
187638187,!V TRIAL_VAR Subject_ID Monkey_H18
187638187,!V TRIAL_VAR Planned_Fixation_Duration_ms 622.896459947516
187638187,!V TRIAL_VAR Fixation_Pos_X_deg -6.0
187638187,!V TRIAL_VAR Fixation_Pos_Y_deg 8.0
187638187,!V TRIAL_VAR Fixation_Point_Radius_deg 0.2
187638187,!V TRIAL_VAR Fix_Window_Radius_deg 3.0
187638187,!V TRIAL_VAR Stim_Pos_X_deg -6.0
187638187,!V TRIAL_VAR Stim_Pos_Y_deg 5.0
187638187,!V TRIAL_VAR Stim_Window_Radius_deg 3.5
187638187,!V TRIAL_VAR Stim_Major_Axis_deg 0.3
187638187,!V TRIAL_VAR Stim_Minor_Axis_deg 0.3
187638187,!V TRIAL_VAR Stim_Orientation_deg 0.0
187638187,!V TRIAL_VAR Gap_Duration_ms 100.0
187638187,!V TRIAL_VAR Stim_Duration_ms 200.0
187638187,!V TRIAL_VAR Stim_Hold_Time_ms 100.0
187638188,!V TRIAL_VAR Condition_ID C000083
187638188,!V TRIAL_VAR Is_Control False
187638188,!V TRIAL_VAR Stim_Color_Name Gray
187638188,!V TRIAL_VAR Stim_Intensity_Level 120
187638188,!V TRIAL_VAR Stim_Pos_X_deg -6.0
187638188,!V TRIAL_VAR Stim_Pos_Y_deg 5.0
187638194,FIX_ON TRIAL 174
187638684,GAZE_ACQUIRED TRIAL 174
187639165,FIX_OFF TRIAL 174
187639273,STIM_ON TRIAL 174
187639390,TARGET_ENTER TRIAL 174
187639476,STIM_OFF TRIAL 174
187639497,STIM_WINDOW_END TRIAL 174
187639501,REWARD TRIAL 174
187639763,!V TRIAL_VAR Status Success
187639764,!V TRIAL_VAR Subject_ID Monkey_H18
187639764,TRIAL_RESULT Success
187642811,TRIALID 175
187642812,!V TRIAL_VAR Subject_ID Monkey_H18
187642812,!V TRIAL_VAR Planned_Fixation_Duration_ms 732.9648633607388
187642812,!V TRIAL_VAR Fixation_Pos_X_deg -6.0
187642812,!V TRIAL_VAR Fixation_Pos_Y_deg 8.0
187642812,!V TRIAL_VAR Fixation_Point_Radius_deg 0.2
187642812,!V TRIAL_VAR Fix_Window_Radius_deg 3.0
187642812,!V TRIAL_VAR Stim_Pos_X_deg 9.0
187642812,!V TRIAL_VAR Stim_Pos_Y_deg -7.0
187642812,!V TRIAL_VAR Stim_Window_Radius_deg 3.5
187642812,!V TRIAL_VAR Stim_Major_Axis_deg 0.3
187642812,!V TRIAL_VAR Stim_Minor_Axis_deg 0.3
187642812,!V TRIAL_VAR Stim_Orientation_deg 0.0
187642812,!V TRIAL_VAR Gap_Duration_ms 100.0
187642812,!V TRIAL_VAR Stim_Duration_ms 200.0
187642812,!V TRIAL_VAR Stim_Hold_Time_ms 100.0
187642812,!V TRIAL_VAR Condition_ID C000084
187642813,!V TRIAL_VAR Is_Control False
187642813,!V TRIAL_VAR Stim_Color_Name Gray
187642813,!V TRIAL_VAR Stim_Intensity_Level 150
187642813,!V TRIAL_VAR Stim_Pos_X_deg 9.0
187642813,!V TRIAL_VAR Stim_Pos_Y_deg -7.0
187642818,FIX_ON TRIAL 175
187643208,GAZE_ACQUIRED TRIAL 175
187643790,FIX_OFF TRIAL 175
187643897,STIM_ON TRIAL 175
187644015,TARGET_ENTER TRIAL 175
187644105,STIM_OFF TRIAL 175
187644119,STIM_WINDOW_END TRIAL 175
187644123,REWARD TRIAL 175
187644385,!V TRIAL_VAR Status Success
187644386,!V TRIAL_VAR Subject_ID Monkey_H18
187644386,TRIAL_RESULT Success
187647429,TRIALID 176
187647429,!V TRIAL_VAR Subject_ID Monkey_H18
187647429,!V TRIAL_VAR Planned_Fixation_Duration_ms 748.7478834445176
187647429,!V TRIAL_VAR Fixation_Pos_X_deg -6.0
187647429,!V TRIAL_VAR Fixation_Pos_Y_deg 8.0
187647429,!V TRIAL_VAR Fixation_Point_Radius_deg 0.2
187647429,!V TRIAL_VAR Fix_Window_Radius_deg 3.0
187647429,!V TRIAL_VAR Stim_Pos_X_deg -6.0
187647429,!V TRIAL_VAR Stim_Pos_Y_deg 5.0
187647429,!V TRIAL_VAR Stim_Window_Radius_deg 3.5
187647429,!V TRIAL_VAR Stim_Major_Axis_deg 0.3
187647429,!V TRIAL_VAR Stim_Minor_Axis_deg 0.3
187647429,!V TRIAL_VAR Stim_Orientation_deg 0.0
187647429,!V TRIAL_VAR Gap_Duration_ms 100.0
187647429,!V TRIAL_VAR Stim_Duration_ms 200.0
187647429,!V TRIAL_VAR Stim_Hold_Time_ms 100.0
187647430,!V TRIAL_VAR Condition_ID C000085
187647430,!V TRIAL_VAR Is_Control False
187647430,!V TRIAL_VAR Stim_Color_Name Gray
187647430,!V TRIAL_VAR Stim_Intensity_Level 120
187647430,!V TRIAL_VAR Stim_Pos_X_deg -6.0
187647430,!V TRIAL_VAR Stim_Pos_Y_deg 5.0
187647433,FIX_ON TRIAL 176
187649444,FIX_OFF TRIAL 176
187649448,!V TRIAL_VAR Status nofix_1
187649448,!V TRIAL_VAR Subject_ID Monkey_H18
187649448,TRIAL_RESULT nofix_1
187652494,TRIALID 177
187652495,!V TRIAL_VAR Subject_ID Monkey_H18
187652495,!V TRIAL_VAR Planned_Fixation_Duration_ms 379.75955073998455
187652495,!V TRIAL_VAR Fixation_Pos_X_deg -6.0
187652495,!V TRIAL_VAR Fixation_Pos_Y_deg 8.0
187652495,!V TRIAL_VAR Fixation_Point_Radius_deg 0.2
187652495,!V TRIAL_VAR Fix_Window_Radius_deg 3.0
187652495,!V TRIAL_VAR Stim_Pos_X_deg -6.0
187652495,!V TRIAL_VAR Stim_Pos_Y_deg 5.0
187652495,!V TRIAL_VAR Stim_Window_Radius_deg 3.5
187652495,!V TRIAL_VAR Stim_Major_Axis_deg 0.3
187652495,!V TRIAL_VAR Stim_Minor_Axis_deg 0.3
187652495,!V TRIAL_VAR Stim_Orientation_deg 0.0
187652495,!V TRIAL_VAR Gap_Duration_ms 100.0
187652495,!V TRIAL_VAR Stim_Duration_ms 200.0
187652495,!V TRIAL_VAR Stim_Hold_Time_ms 100.0
187652495,!V TRIAL_VAR Condition_ID C000085
187652497,ERROR MESSAGES LOST 5
187652497,FIX_ON TRIAL 177
187652905,GAZE_ACQUIRED TRIAL 177
187653137,FIX_OFF TRIAL 177
187653247,STIM_ON TRIAL 177
187653373,TARGET_ENTER TRIAL 177
187653454,STIM_OFF TRIAL 177
187653483,STIM_WINDOW_END TRIAL 177
187653487,REWARD TRIAL 177
187653749,!V TRIAL_VAR Status Success
187653749,!V TRIAL_VAR Subject_ID Monkey_H18
187653749,TRIAL_RESULT Success
187656800,TRIALID 178
187656801,!V TRIAL_VAR Subject_ID Monkey_H18
187656801,!V TRIAL_VAR Planned_Fixation_Duration_ms 538.4363736113986
187656801,!V TRIAL_VAR Fixation_Pos_X_deg -6.0
187656801,!V TRIAL_VAR Fixation_Pos_Y_deg 8.0
187656801,!V TRIAL_VAR Fixation_Point_Radius_deg 0.2
187656801,!V TRIAL_VAR Fix_Window_Radius_deg 3.0
187656801,!V TRIAL_VAR Stim_Pos_X_deg 3.0
187656801,!V TRIAL_VAR Stim_Pos_Y_deg -1.0
187656801,!V TRIAL_VAR Stim_Window_Radius_deg 3.5
187656801,!V TRIAL_VAR Stim_Major_Axis_deg 0.3
187656801,!V TRIAL_VAR Stim_Minor_Axis_deg 0.3
187656801,!V TRIAL_VAR Stim_Orientation_deg 0.0
187656801,!V TRIAL_VAR Gap_Duration_ms 100.0
187656801,!V TRIAL_VAR Stim_Duration_ms 200.0
187656801,!V TRIAL_VAR Stim_Hold_Time_ms 100.0
187656801,!V TRIAL_VAR Condition_ID C000086
187656802,!V TRIAL_VAR Is_Control False
187656802,!V TRIAL_VAR Stim_Color_Name Gray
187656802,!V TRIAL_VAR Stim_Intensity_Level 30
187656802,!V TRIAL_VAR Stim_Pos_X_deg 3.0
187656802,!V TRIAL_VAR Stim_Pos_Y_deg -1.0
187656804,FIX_ON TRIAL 178
187657187,GAZE_ACQUIRED TRIAL 178
187657583,FIX_OFF TRIAL 178
187657690,STIM_ON TRIAL 178
187657801,TARGET_ENTER TRIAL 178
187657901,STIM_OFF TRIAL 178
187657908,STIM_WINDOW_END TRIAL 178
187657912,REWARD TRIAL 178
187658174,!V TRIAL_VAR Status Success
187658174,!V TRIAL_VAR Subject_ID Monkey_H18
187658174,TRIAL_RESULT Success
187661219,TRIALID 179
187661219,!V TRIAL_VAR Subject_ID Monkey_H18
187661219,!V TRIAL_VAR Planned_Fixation_Duration_ms 325.305044096795
187661219,!V TRIAL_VAR Fixation_Pos_X_deg -6.0
187661219,!V TRIAL_VAR Fixation_Pos_Y_deg 8.0
187661219,!V TRIAL_VAR Fixation_Point_Radius_deg 0.2
187661219,!V TRIAL_VAR Fix_Window_Radius_deg 3.0
187661219,!V TRIAL_VAR Stim_Pos_X_deg -6.0
187661219,!V TRIAL_VAR Stim_Pos_Y_deg 2.0
187661219,!V TRIAL_VAR Stim_Window_Radius_deg 3.5
187661219,!V TRIAL_VAR Stim_Major_Axis_deg 0.3
187661219,!V TRIAL_VAR Stim_Minor_Axis_deg 0.3
187661219,!V TRIAL_VAR Stim_Orientation_deg 0.0
187661219,!V TRIAL_VAR Gap_Duration_ms 100.0
187661219,!V TRIAL_VAR Stim_Duration_ms 200.0
187661219,!V TRIAL_VAR Stim_Hold_Time_ms 100.0
187661223,ERROR MESSAGES LOST 6
187661223,FIX_ON TRIAL 179
187661691,GAZE_ACQUIRED TRIAL 179
187661872,FIX_OFF TRIAL 179
187661980,STIM_ON TRIAL 179
187662148,TARGET_ENTER TRIAL 179
187662186,STIM_OFF TRIAL 179
187662258,STIM_WINDOW_END TRIAL 179
187662262,REWARD TRIAL 179
187662524,!V TRIAL_VAR Status Success
187662524,!V TRIAL_VAR Subject_ID Monkey_H18
187662524,TRIAL_RESULT Success
187665577,TRIALID 180
187665577,!V TRIAL_VAR Subject_ID Monkey_H18
187665577,!V TRIAL_VAR Planned_Fixation_Duration_ms 385.9642241858678
187665577,!V TRIAL_VAR Fixation_Pos_X_deg -6.0
187665577,!V TRIAL_VAR Fixation_Pos_Y_deg 8.0
187665577,!V TRIAL_VAR Fixation_Point_Radius_deg 0.2
187665577,!V TRIAL_VAR Fix_Window_Radius_deg 3.0
187665577,!V TRIAL_VAR Stim_Pos_X_deg 3.0
187665577,!V TRIAL_VAR Stim_Pos_Y_deg -1.0
187665577,!V TRIAL_VAR Stim_Window_Radius_deg 3.5
187665577,!V TRIAL_VAR Stim_Major_Axis_deg 0.3
187665577,!V TRIAL_VAR Stim_Minor_Axis_deg 0.3
187665577,!V TRIAL_VAR Stim_Orientation_deg 0.0
187665577,!V TRIAL_VAR Gap_Duration_ms 100.0
187665577,!V TRIAL_VAR Stim_Duration_ms 200.0
187665577,!V TRIAL_VAR Stim_Hold_Time_ms 100.0
187665578,!V TRIAL_VAR Condition_ID C000088
187665578,!V TRIAL_VAR Is_Control False
187665578,!V TRIAL_VAR Stim_Color_Name Gray
187665578,!V TRIAL_VAR Stim_Intensity_Level 90
187665578,!V TRIAL_VAR Stim_Pos_X_deg 3.0
187665578,!V TRIAL_VAR Stim_Pos_Y_deg -1.0
187665584,FIX_ON TRIAL 180
187665955,GAZE_ACQUIRED TRIAL 180
187666186,FIX_OFF TRIAL 180
187666294,STIM_ON TRIAL 180
187666408,TARGET_ENTER TRIAL 180
187666497,STIM_OFF TRIAL 180
187666512,STIM_WINDOW_END TRIAL 180
187666515,REWARD TRIAL 180
187666778,!V TRIAL_VAR Status Success
187666778,!V TRIAL_VAR Subject_ID Monkey_H18
187666778,TRIAL_RESULT Success
187669824,TRIALID 181
187669824,!V TRIAL_VAR Subject_ID Monkey_H18
187669824,!V TRIAL_VAR Planned_Fixation_Duration_ms 799.5587616316955
187669824,!V TRIAL_VAR Fixation_Pos_X_deg -6.0
187669824,!V TRIAL_VAR Fixation_Pos_Y_deg 8.0
187669824,!V TRIAL_VAR Fixation_Point_Radius_deg 0.2
187669824,!V TRIAL_VAR Fix_Window_Radius_deg 3.0
187669824,!V TRIAL_VAR Stim_Pos_X_deg 3.0
187669824,!V TRIAL_VAR Stim_Pos_Y_deg 8.0
187669824,!V TRIAL_VAR Stim_Window_Radius_deg 3.5
187669824,!V TRIAL_VAR Stim_Major_Axis_deg 0.3
187669824,!V TRIAL_VAR Stim_Minor_Axis_deg 0.3
187669824,!V TRIAL_VAR Stim_Orientation_deg 0.0
187669824,!V TRIAL_VAR Gap_Duration_ms 100.0
187669824,!V TRIAL_VAR Stim_Duration_ms 200.0
187669824,!V TRIAL_VAR Stim_Hold_Time_ms 100.0
187669825,!V TRIAL_VAR Condition_ID C000089
187669825,!V TRIAL_VAR Is_Control False
187669825,!V TRIAL_VAR Stim_Color_Name Gray
187669825,!V TRIAL_VAR Stim_Intensity_Level 150
187669825,!V TRIAL_VAR Stim_Pos_X_deg 3.0
187669825,!V TRIAL_VAR Stim_Pos_Y_deg 8.0
187669829,FIX_ON TRIAL 181
187670201,GAZE_ACQUIRED TRIAL 181
187670855,FIX_OFF TRIAL 181
187670962,STIM_ON TRIAL 181
187671087,TARGET_ENTER TRIAL 181
187671168,STIM_OFF TRIAL 181
187671197,STIM_WINDOW_END TRIAL 181
187671201,REWARD TRIAL 181
187671464,!V TRIAL_VAR Status Success
187671464,!V TRIAL_VAR Subject_ID Monkey_H18
187671464,TRIAL_RESULT Success
187674513,TRIALID 182
187674513,!V TRIAL_VAR Subject_ID Monkey_H18
187674513,!V TRIAL_VAR Planned_Fixation_Duration_ms 537.4217009570615
187674513,!V TRIAL_VAR Fixation_Pos_X_deg -6.0
187674513,!V TRIAL_VAR Fixation_Pos_Y_deg 8.0
187674513,!V TRIAL_VAR Fixation_Point_Radius_deg 0.2
187674513,!V TRIAL_VAR Fix_Window_Radius_deg 3.0
187674513,!V TRIAL_VAR Stim_Pos_X_deg 0.0
187674513,!V TRIAL_VAR Stim_Pos_Y_deg -1.0
187674513,!V TRIAL_VAR Stim_Window_Radius_deg 3.5
187674513,!V TRIAL_VAR Stim_Major_Axis_deg 0.3
187674513,!V TRIAL_VAR Stim_Minor_Axis_deg 0.3
187674513,!V TRIAL_VAR Stim_Orientation_deg 0.0
187674513,!V TRIAL_VAR Gap_Duration_ms 100.0
187674513,!V TRIAL_VAR Stim_Duration_ms 200.0
187674513,!V TRIAL_VAR Stim_Hold_Time_ms 100.0
187674513,!V TRIAL_VAR Condition_ID C000090
187674518,ERROR MESSAGES LOST 5
187674518,FIX_ON TRIAL 182
187674858,GAZE_ACQUIRED TRIAL 182
187675251,FIX_OFF TRIAL 182
187675362,STIM_ON TRIAL 182
187675465,TARGET_ENTER TRIAL 182
187675569,STIM_OFF TRIAL 182
187675569,STIM_WINDOW_END TRIAL 182
187675573,REWARD TRIAL 182
187675839,!V TRIAL_VAR Status Success
187675839,!V TRIAL_VAR Subject_ID Monkey_H18
187675839,TRIAL_RESULT Success
187678883,TRIALID 183
187678884,!V TRIAL_VAR Subject_ID Monkey_H18
187678884,!V TRIAL_VAR Planned_Fixation_Duration_ms 726.9186073452333
187678884,!V TRIAL_VAR Fixation_Pos_X_deg -6.0
187678884,!V TRIAL_VAR Fixation_Pos_Y_deg 8.0
187678884,!V TRIAL_VAR Fixation_Point_Radius_deg 0.2
187678884,!V TRIAL_VAR Fix_Window_Radius_deg 3.0
187678884,!V TRIAL_VAR Stim_Pos_X_deg 6.0
187678884,!V TRIAL_VAR Stim_Pos_Y_deg 2.0
187678884,!V TRIAL_VAR Stim_Window_Radius_deg 3.5
187678884,!V TRIAL_VAR Stim_Major_Axis_deg 0.3
187678884,!V TRIAL_VAR Stim_Minor_Axis_deg 0.3
187678884,!V TRIAL_VAR Stim_Orientation_deg 0.0
187678884,!V TRIAL_VAR Gap_Duration_ms 100.0
187678884,!V TRIAL_VAR Stim_Duration_ms 200.0
187678884,!V TRIAL_VAR Stim_Hold_Time_ms 100.0
187678885,!V TRIAL_VAR Condition_ID C000091
187678885,!V TRIAL_VAR Is_Control False
187678885,!V TRIAL_VAR Stim_Color_Name Gray
187678885,!V TRIAL_VAR Stim_Intensity_Level 30
187678885,!V TRIAL_VAR Stim_Pos_X_deg 6.0
187678885,!V TRIAL_VAR Stim_Pos_Y_deg 2.0
187678890,FIX_ON TRIAL 183
187679437,GAZE_ACQUIRED TRIAL 183
187680012,FIX_OFF TRIAL 183
187680119,STIM_ON TRIAL 183
187680251,TARGET_ENTER TRIAL 183
187680326,STIM_OFF TRIAL 183
187680362,STIM_WINDOW_END TRIAL 183
187680365,REWARD TRIAL 183
187680629,!V TRIAL_VAR Status Success
187680629,!V TRIAL_VAR Subject_ID Monkey_H18
187680629,TRIAL_RESULT Success
187683674,TRIALID 184
187683674,!V TRIAL_VAR Subject_ID Monkey_H18
187683674,!V TRIAL_VAR Planned_Fixation_Duration_ms 502.1706095833209
187683674,!V TRIAL_VAR Fixation_Pos_X_deg -6.0
187683674,!V TRIAL_VAR Fixation_Pos_Y_deg 8.0
187683674,!V TRIAL_VAR Fixation_Point_Radius_deg 0.2
187683674,!V TRIAL_VAR Fix_Window_Radius_deg 3.0
187683674,!V TRIAL_VAR Stim_Pos_X_deg -6.0
187683674,!V TRIAL_VAR Stim_Pos_Y_deg -10.0
187683674,!V TRIAL_VAR Stim_Window_Radius_deg 3.5
187683674,!V TRIAL_VAR Stim_Major_Axis_deg 0.3
187683674,!V TRIAL_VAR Stim_Minor_Axis_deg 0.3
187683674,!V TRIAL_VAR Stim_Orientation_deg 0.0
187683674,!V TRIAL_VAR Gap_Duration_ms 100.0
187683674,!V TRIAL_VAR Stim_Duration_ms 200.0
187683674,!V TRIAL_VAR Stim_Hold_Time_ms 100.0
187683675,!V TRIAL_VAR Condition_ID C000092
187683675,!V TRIAL_VAR Is_Control False
187683675,!V TRIAL_VAR Stim_Color_Name Gray
187683675,!V TRIAL_VAR Stim_Intensity_Level 90
187683675,!V TRIAL_VAR Stim_Pos_X_deg -6.0
187683675,!V TRIAL_VAR Stim_Pos_Y_deg -10.0
187683679,FIX_ON TRIAL 184
187685690,FIX_OFF TRIAL 184
187685695,!V TRIAL_VAR Status nofix_1
187685695,!V TRIAL_VAR Subject_ID Monkey_H18
187685695,TRIAL_RESULT nofix_1
187688744,TRIALID 185
187688745,!V TRIAL_VAR Subject_ID Monkey_H18
187688745,!V TRIAL_VAR Planned_Fixation_Duration_ms 589.8430244160064
187688745,!V TRIAL_VAR Fixation_Pos_X_deg -6.0
187688745,!V TRIAL_VAR Fixation_Pos_Y_deg 8.0
187688745,!V TRIAL_VAR Fixation_Point_Radius_deg 0.2
187688745,!V TRIAL_VAR Fix_Window_Radius_deg 3.0
187688745,!V TRIAL_VAR Stim_Pos_X_deg -6.0
187688745,!V TRIAL_VAR Stim_Pos_Y_deg -10.0
187688745,!V TRIAL_VAR Stim_Window_Radius_deg 3.5
187688745,!V TRIAL_VAR Stim_Major_Axis_deg 0.3
187688745,!V TRIAL_VAR Stim_Minor_Axis_deg 0.3
187688745,!V TRIAL_VAR Stim_Orientation_deg 0.0
187688745,!V TRIAL_VAR Gap_Duration_ms 100.0
187688745,!V TRIAL_VAR Stim_Duration_ms 200.0
187688745,!V TRIAL_VAR Stim_Hold_Time_ms 100.0
187688745,!V TRIAL_VAR Condition_ID C000092
187688746,!V TRIAL_VAR Is_Control False
187688746,!V TRIAL_VAR Stim_Color_Name Gray
187688746,!V TRIAL_VAR Stim_Intensity_Level 90
187688746,!V TRIAL_VAR Stim_Pos_X_deg -6.0
187688746,!V TRIAL_VAR Stim_Pos_Y_deg -10.0
187688751,FIX_ON TRIAL 185
187689842,GAZE_ACQUIRED TRIAL 185
187690286,FIX_OFF TRIAL 185
187690394,STIM_ON TRIAL 185
187690551,TARGET_ENTER TRIAL 185
187690597,STIM_OFF TRIAL 185
187690662,STIM_WINDOW_END TRIAL 185
187690665,REWARD TRIAL 185
187690929,!V TRIAL_VAR Status Success
187690930,!V TRIAL_VAR Subject_ID Monkey_H18
187690930,TRIAL_RESULT Success
187694023,TRIALID 186
187694024,!V TRIAL_VAR Subject_ID Monkey_H18
187694024,!V TRIAL_VAR Planned_Fixation_Duration_ms 321.0366597705302
187694024,!V TRIAL_VAR Fixation_Pos_X_deg -6.0
187694024,!V TRIAL_VAR Fixation_Pos_Y_deg 8.0
187694024,!V TRIAL_VAR Fixation_Point_Radius_deg 0.2
187694024,!V TRIAL_VAR Fix_Window_Radius_deg 3.0
187694024,!V TRIAL_VAR Stim_Pos_X_deg 0.0
187694024,!V TRIAL_VAR Stim_Pos_Y_deg 2.0
187694024,!V TRIAL_VAR Stim_Window_Radius_deg 3.5
187694024,!V TRIAL_VAR Stim_Major_Axis_deg 0.3
187694024,!V TRIAL_VAR Stim_Minor_Axis_deg 0.3
187694024,!V TRIAL_VAR Stim_Orientation_deg 0.0
187694024,!V TRIAL_VAR Gap_Duration_ms 100.0
187694024,!V TRIAL_VAR Stim_Duration_ms 200.0
187694024,!V TRIAL_VAR Stim_Hold_Time_ms 100.0
187694024,!V TRIAL_VAR Condition_ID C000093
187694026,ERROR MESSAGES LOST 5
187694026,FIX_ON TRIAL 186
187694308,GAZE_ACQUIRED TRIAL 186
187694476,FIX_OFF TRIAL 186
187694583,STIM_ON TRIAL 186
187694751,TARGET_ENTER TRIAL 186
187694790,STIM_OFF TRIAL 186
187694855,STIM_WINDOW_END TRIAL 186
187694858,REWARD TRIAL 186
187695121,!V TRIAL_VAR Status Success
187695121,!V TRIAL_VAR Subject_ID Monkey_H18
187695121,TRIAL_RESULT Success
187698165,TRIALID 187
187698166,!V TRIAL_VAR Subject_ID Monkey_H18
187698166,!V TRIAL_VAR Planned_Fixation_Duration_ms 672.8617639347884
187698166,!V TRIAL_VAR Fixation_Pos_X_deg -6.0
187698166,!V TRIAL_VAR Fixation_Pos_Y_deg 8.0
187698166,!V TRIAL_VAR Fixation_Point_Radius_deg 0.2
187698166,!V TRIAL_VAR Fix_Window_Radius_deg 3.0
187698166,!V TRIAL_VAR Stim_Pos_X_deg 9.0
187698166,!V TRIAL_VAR Stim_Pos_Y_deg -10.0
187698166,!V TRIAL_VAR Stim_Window_Radius_deg 3.5
187698166,!V TRIAL_VAR Stim_Major_Axis_deg 0.3
187698166,!V TRIAL_VAR Stim_Minor_Axis_deg 0.3
187698166,!V TRIAL_VAR Stim_Orientation_deg 0.0
187698166,!V TRIAL_VAR Gap_Duration_ms 100.0
187698166,!V TRIAL_VAR Stim_Duration_ms 200.0
187698166,!V TRIAL_VAR Stim_Hold_Time_ms 100.0
187698166,!V TRIAL_VAR Condition_ID C000094
187698167,!V TRIAL_VAR Is_Control False
187698167,!V TRIAL_VAR Stim_Color_Name Gray
187698167,!V TRIAL_VAR Stim_Intensity_Level 60
187698167,!V TRIAL_VAR Stim_Pos_X_deg 9.0
187698167,!V TRIAL_VAR Stim_Pos_Y_deg -10.0
187698173,FIX_ON TRIAL 187
187698455,GAZE_ACQUIRED TRIAL 187
187698987,FIX_OFF TRIAL 187
187699094,STIM_ON TRIAL 187
187699301,STIM_OFF TRIAL 187
187699376,TARGET_ENTER TRIAL 187
187699479,STIM_WINDOW_END TRIAL 187
187699484,REWARD TRIAL 187
187699747,!V TRIAL_VAR Status Success
187699747,!V TRIAL_VAR Subject_ID Monkey_H18
187699747,TRIAL_RESULT Success
187702794,TRIALID 188
187702794,!V TRIAL_VAR Subject_ID Monkey_H18
187702794,!V TRIAL_VAR Planned_Fixation_Duration_ms 367.2301280613063
187702794,!V TRIAL_VAR Fixation_Pos_X_deg -6.0
187702794,!V TRIAL_VAR Fixation_Pos_Y_deg 8.0
187702794,!V TRIAL_VAR Fixation_Point_Radius_deg 0.2
187702794,!V TRIAL_VAR Fix_Window_Radius_deg 3.0
187702794,!V TRIAL_VAR Stim_Pos_X_deg 3.0
187702794,!V TRIAL_VAR Stim_Pos_Y_deg 5.0
187702794,!V TRIAL_VAR Stim_Window_Radius_deg 3.5
187702794,!V TRIAL_VAR Stim_Major_Axis_deg 0.3
187702794,!V TRIAL_VAR Stim_Minor_Axis_deg 0.3
187702794,!V TRIAL_VAR Stim_Orientation_deg 0.0
187702794,!V TRIAL_VAR Gap_Duration_ms 100.0
187702794,!V TRIAL_VAR Stim_Duration_ms 200.0
187702794,!V TRIAL_VAR Stim_Hold_Time_ms 100.0
187702795,!V TRIAL_VAR Condition_ID C000095
187702795,!V TRIAL_VAR Is_Control False
187702795,!V TRIAL_VAR Stim_Color_Name Gray
187702795,!V TRIAL_VAR Stim_Intensity_Level 120
187702795,!V TRIAL_VAR Stim_Pos_X_deg 3.0
187702795,!V TRIAL_VAR Stim_Pos_Y_deg 5.0
187702797,FIX_ON TRIAL 188
187703098,GAZE_ACQUIRED TRIAL 188
187703319,FIX_OFF TRIAL 188
187703426,STIM_ON TRIAL 188
187703558,TARGET_ENTER TRIAL 188
187703634,STIM_OFF TRIAL 188
187703662,STIM_WINDOW_END TRIAL 188
187703665,REWARD TRIAL 188
187703929,!V TRIAL_VAR Status Success
187703929,!V TRIAL_VAR Subject_ID Monkey_H18
187703929,TRIAL_RESULT Success
187706976,TRIALID 189
187706977,!V TRIAL_VAR Subject_ID Monkey_H18
187706977,!V TRIAL_VAR Planned_Fixation_Duration_ms 627.2607785855045
187706977,!V TRIAL_VAR Fixation_Pos_X_deg -6.0
187706977,!V TRIAL_VAR Fixation_Pos_Y_deg 8.0
187706977,!V TRIAL_VAR Fixation_Point_Radius_deg 0.2
187706977,!V TRIAL_VAR Fix_Window_Radius_deg 3.0
187706977,!V TRIAL_VAR Stim_Pos_X_deg 0.0
187706977,!V TRIAL_VAR Stim_Pos_Y_deg -4.0
187706977,!V TRIAL_VAR Stim_Window_Radius_deg 3.5
187706977,!V TRIAL_VAR Stim_Major_Axis_deg 0.3
187706977,!V TRIAL_VAR Stim_Minor_Axis_deg 0.3
187706977,!V TRIAL_VAR Stim_Orientation_deg 0.0
187706977,!V TRIAL_VAR Gap_Duration_ms 100.0
187706977,!V TRIAL_VAR Stim_Duration_ms 200.0
187706977,!V TRIAL_VAR Stim_Hold_Time_ms 100.0
187706978,!V TRIAL_VAR Condition_ID C000096
187706978,!V TRIAL_VAR Is_Control False
187706978,!V TRIAL_VAR Stim_Color_Name Gray
187706978,!V TRIAL_VAR Stim_Intensity_Level 180
187706978,!V TRIAL_VAR Stim_Pos_X_deg 0.0
187706978,!V TRIAL_VAR Stim_Pos_Y_deg -4.0
187706984,FIX_ON TRIAL 189
187707358,GAZE_ACQUIRED TRIAL 189
187707840,FIX_OFF TRIAL 189
187707947,STIM_ON TRIAL 189
187708051,TARGET_ENTER TRIAL 189
187708155,STIM_OFF TRIAL 189
187708155,STIM_WINDOW_END TRIAL 189
187708158,REWARD TRIAL 189
187708422,!V TRIAL_VAR Status Success
187708422,!V TRIAL_VAR Subject_ID Monkey_H18
187708422,TRIAL_RESULT Success
187711473,TRIALID 190
187711474,!V TRIAL_VAR Subject_ID Monkey_H18
187711474,!V TRIAL_VAR Planned_Fixation_Duration_ms 340.08937559034575
187711474,!V TRIAL_VAR Fixation_Pos_X_deg -6.0
187711474,!V TRIAL_VAR Fixation_Pos_Y_deg 8.0
187711474,!V TRIAL_VAR Fixation_Point_Radius_deg 0.2
187711474,!V TRIAL_VAR Fix_Window_Radius_deg 3.0
187711474,!V TRIAL_VAR Stim_Pos_X_deg -6.0
187711474,!V TRIAL_VAR Stim_Pos_Y_deg -10.0
187711474,!V TRIAL_VAR Stim_Window_Radius_deg 3.5
187711474,!V TRIAL_VAR Stim_Major_Axis_deg 0.3
187711474,!V TRIAL_VAR Stim_Minor_Axis_deg 0.3
187711474,!V TRIAL_VAR Stim_Orientation_deg 0.0
187711474,!V TRIAL_VAR Gap_Duration_ms 100.0
187711474,!V TRIAL_VAR Stim_Duration_ms 200.0
187711474,!V TRIAL_VAR Stim_Hold_Time_ms 100.0
187711475,!V TRIAL_VAR Condition_ID C000097
187711475,!V TRIAL_VAR Is_Control False
187711475,!V TRIAL_VAR Stim_Color_Name Gray
187711475,!V TRIAL_VAR Stim_Intensity_Level 120
187711475,!V TRIAL_VAR Stim_Pos_X_deg -6.0
187711475,!V TRIAL_VAR Stim_Pos_Y_deg -10.0
187711479,FIX_ON TRIAL 190
187711858,GAZE_ACQUIRED TRIAL 190
187712047,FIX_OFF TRIAL 190
187712155,STIM_ON TRIAL 190
187712294,TARGET_ENTER TRIAL 190
187712362,STIM_OFF TRIAL 190
187712397,STIM_WINDOW_END TRIAL 190
187712401,REWARD TRIAL 190
187712666,!V TRIAL_VAR Status Success
187712666,!V TRIAL_VAR Subject_ID Monkey_H18
187712666,TRIAL_RESULT Success
187715717,TRIALID 191
187715717,!V TRIAL_VAR Subject_ID Monkey_H18
187715717,!V TRIAL_VAR Planned_Fixation_Duration_ms 413.92930102677275
187715717,!V TRIAL_VAR Fixation_Pos_X_deg -6.0
187715717,!V TRIAL_VAR Fixation_Pos_Y_deg 8.0
187715717,!V TRIAL_VAR Fixation_Point_Radius_deg 0.2
187715717,!V TRIAL_VAR Fix_Window_Radius_deg 3.0
187715717,!V TRIAL_VAR Stim_Pos_X_deg 12.0
187715717,!V TRIAL_VAR Stim_Pos_Y_deg 5.0
187715717,!V TRIAL_VAR Stim_Window_Radius_deg 3.5
187715717,!V TRIAL_VAR Stim_Major_Axis_deg 0.3
187715717,!V TRIAL_VAR Stim_Minor_Axis_deg 0.3
187715717,!V TRIAL_VAR Stim_Orientation_deg 0.0
187715717,!V TRIAL_VAR Gap_Duration_ms 100.0
187715717,!V TRIAL_VAR Stim_Duration_ms 200.0
187715717,!V TRIAL_VAR Stim_Hold_Time_ms 100.0
187715718,!V TRIAL_VAR Condition_ID C000098
187715718,!V TRIAL_VAR Is_Control False
187715718,!V TRIAL_VAR Stim_Color_Name Gray
187715718,!V TRIAL_VAR Stim_Intensity_Level 120
187715718,!V TRIAL_VAR Stim_Pos_X_deg 12.0
187715718,!V TRIAL_VAR Stim_Pos_Y_deg 5.0
187715723,FIX_ON TRIAL 191
187716237,GAZE_ACQUIRED TRIAL 191
187716497,FIX_OFF TRIAL 191
187716605,STIM_ON TRIAL 191
187716740,TARGET_ENTER TRIAL 191
187716808,STIM_OFF TRIAL 191
187716845,STIM_WINDOW_END TRIAL 191
187716848,REWARD TRIAL 191
187717111,!V TRIAL_VAR Status Success
187717111,!V TRIAL_VAR Subject_ID Monkey_H18
187717111,TRIAL_RESULT Success
187720161,TRIALID 192
187720162,!V TRIAL_VAR Subject_ID Monkey_H18
187720162,!V TRIAL_VAR Planned_Fixation_Duration_ms 318.36970348789987
187720162,!V TRIAL_VAR Fixation_Pos_X_deg -6.0
187720162,!V TRIAL_VAR Fixation_Pos_Y_deg 8.0
187720162,!V TRIAL_VAR Fixation_Point_Radius_deg 0.2
187720162,!V TRIAL_VAR Fix_Window_Radius_deg 3.0
187720162,!V TRIAL_VAR Stim_Pos_X_deg 0.0
187720162,!V TRIAL_VAR Stim_Pos_Y_deg 8.0
187720162,!V TRIAL_VAR Stim_Window_Radius_deg 3.5
187720162,!V TRIAL_VAR Stim_Major_Axis_deg 0.3
187720162,!V TRIAL_VAR Stim_Minor_Axis_deg 0.3
187720162,!V TRIAL_VAR Stim_Orientation_deg 0.0
187720162,!V TRIAL_VAR Gap_Duration_ms 100.0
187720162,!V TRIAL_VAR Stim_Duration_ms 200.0
187720162,!V TRIAL_VAR Stim_Hold_Time_ms 100.0
187720162,!V TRIAL_VAR Condition_ID C000099
187720165,ERROR MESSAGES LOST 5
187720165,FIX_ON TRIAL 192
187722176,FIX_OFF TRIAL 192
187722180,!V TRIAL_VAR Status nofix_1
187722180,!V TRIAL_VAR Subject_ID Monkey_H18
187722180,TRIAL_RESULT nofix_1
187725236,TRIALID 193
187725236,!V TRIAL_VAR Subject_ID Monkey_H18
187725236,!V TRIAL_VAR Planned_Fixation_Duration_ms 768.886209862047
187725236,!V TRIAL_VAR Fixation_Pos_X_deg -6.0
187725236,!V TRIAL_VAR Fixation_Pos_Y_deg 8.0
187725236,!V TRIAL_VAR Fixation_Point_Radius_deg 0.2
187725236,!V TRIAL_VAR Fix_Window_Radius_deg 3.0
187725236,!V TRIAL_VAR Stim_Pos_X_deg 0.0
187725236,!V TRIAL_VAR Stim_Pos_Y_deg 8.0
187725236,!V TRIAL_VAR Stim_Window_Radius_deg 3.5
187725236,!V TRIAL_VAR Stim_Major_Axis_deg 0.3
187725236,!V TRIAL_VAR Stim_Minor_Axis_deg 0.3
187725236,!V TRIAL_VAR Stim_Orientation_deg 0.0
187725236,!V TRIAL_VAR Gap_Duration_ms 100.0
187725236,!V TRIAL_VAR Stim_Duration_ms 200.0
187725236,!V TRIAL_VAR Stim_Hold_Time_ms 100.0
187725237,!V TRIAL_VAR Condition_ID C000099
187725237,!V TRIAL_VAR Is_Control False
187725237,!V TRIAL_VAR Stim_Color_Name Gray
187725237,!V TRIAL_VAR Stim_Intensity_Level 180
187725237,!V TRIAL_VAR Stim_Pos_X_deg 0.0
187725237,!V TRIAL_VAR Stim_Pos_Y_deg 8.0
187725240,FIX_ON TRIAL 193
187727251,FIX_OFF TRIAL 193
187727255,!V TRIAL_VAR Status nofix_1
187727255,!V TRIAL_VAR Subject_ID Monkey_H18
187727255,TRIAL_RESULT nofix_1
187736236,TRIALID 194
187736237,!V TRIAL_VAR Subject_ID Monkey_H18
187736237,!V TRIAL_VAR Planned_Fixation_Duration_ms 389.63405255865473
187736237,!V TRIAL_VAR Fixation_Pos_X_deg -6.0
187736237,!V TRIAL_VAR Fixation_Pos_Y_deg 8.0
187736237,!V TRIAL_VAR Fixation_Point_Radius_deg 0.2
187736237,!V TRIAL_VAR Fix_Window_Radius_deg 3.0
187736237,!V TRIAL_VAR Stim_Pos_X_deg 0.0
187736237,!V TRIAL_VAR Stim_Pos_Y_deg 8.0
187736237,!V TRIAL_VAR Stim_Window_Radius_deg 3.5
187736237,!V TRIAL_VAR Stim_Major_Axis_deg 0.3
187736237,!V TRIAL_VAR Stim_Minor_Axis_deg 0.3
187736237,!V TRIAL_VAR Stim_Orientation_deg 0.0
187736237,!V TRIAL_VAR Gap_Duration_ms 100.0
187736237,!V TRIAL_VAR Stim_Duration_ms 200.0
187736237,!V TRIAL_VAR Stim_Hold_Time_ms 100.0
187736237,!V TRIAL_VAR Condition_ID C000099
187736238,!V TRIAL_VAR Is_Control False
187736238,!V TRIAL_VAR Stim_Color_Name Gray
187736238,!V TRIAL_VAR Stim_Intensity_Level 180
187736238,!V TRIAL_VAR Stim_Pos_X_deg 0.0
187736238,!V TRIAL_VAR Stim_Pos_Y_deg 8.0
187736240,FIX_ON TRIAL 194
187736558,GAZE_ACQUIRED TRIAL 194
187736801,FIX_OFF TRIAL 194
187736908,STIM_ON TRIAL 194
187737034,TARGET_ENTER TRIAL 194
187737115,STIM_OFF TRIAL 194
187737137,STIM_WINDOW_END TRIAL 194
187737141,REWARD TRIAL 194
187737404,!V TRIAL_VAR Status Success
187737404,!V TRIAL_VAR Subject_ID Monkey_H18
187737404,TRIAL_RESULT Success
187740449,TRIALID 195
187740449,!V TRIAL_VAR Subject_ID Monkey_H18
187740449,!V TRIAL_VAR Planned_Fixation_Duration_ms 541.3287060777484
187740449,!V TRIAL_VAR Fixation_Pos_X_deg 0.0
187740449,!V TRIAL_VAR Fixation_Pos_Y_deg -4.0
187740449,!V TRIAL_VAR Fixation_Point_Radius_deg 0.2
187740449,!V TRIAL_VAR Fix_Window_Radius_deg 3.0
187740449,!V TRIAL_VAR Stim_Pos_X_deg 0.0
187740449,!V TRIAL_VAR Stim_Pos_Y_deg -4.0
187740449,!V TRIAL_VAR Stim_Window_Radius_deg 3.5
187740449,!V TRIAL_VAR Stim_Major_Axis_deg 0.3
187740449,!V TRIAL_VAR Stim_Minor_Axis_deg 0.3
187740449,!V TRIAL_VAR Stim_Orientation_deg 0.0
187740449,!V TRIAL_VAR Gap_Duration_ms 100.0
187740449,!V TRIAL_VAR Stim_Duration_ms 200.0
187740449,!V TRIAL_VAR Stim_Hold_Time_ms 100.0
187740451,ERROR MESSAGES LOST 6
187740451,FIX_ON TRIAL 195
187740934,GAZE_ACQUIRED TRIAL 195
187741326,FIX_OFF TRIAL 195
187741337,REWARD TRIAL 195
187741599,!V TRIAL_VAR Status Control_Success
187741599,!V TRIAL_VAR Subject_ID Monkey_H18
187741599,TRIAL_RESULT Control_Success
187744649,TRIALID 196
187744650,!V TRIAL_VAR Subject_ID Monkey_H18
187744650,!V TRIAL_VAR Planned_Fixation_Duration_ms 314.0533183837339
187744650,!V TRIAL_VAR Fixation_Pos_X_deg -6.0
187744650,!V TRIAL_VAR Fixation_Pos_Y_deg 8.0
187744650,!V TRIAL_VAR Fixation_Point_Radius_deg 0.2
187744650,!V TRIAL_VAR Fix_Window_Radius_deg 3.0
187744650,!V TRIAL_VAR Stim_Pos_X_deg 0.0
187744650,!V TRIAL_VAR Stim_Pos_Y_deg 8.0
187744650,!V TRIAL_VAR Stim_Window_Radius_deg 3.5
187744650,!V TRIAL_VAR Stim_Major_Axis_deg 0.3
187744650,!V TRIAL_VAR Stim_Minor_Axis_deg 0.3
187744650,!V TRIAL_VAR Stim_Orientation_deg 0.0
187744650,!V TRIAL_VAR Gap_Duration_ms 100.0
187744650,!V TRIAL_VAR Stim_Duration_ms 200.0
187744650,!V TRIAL_VAR Stim_Hold_Time_ms 100.0
187744650,!V TRIAL_VAR Condition_ID C000101
187744650,!V TRIAL_VAR Is_Control False
187744650,!V TRIAL_VAR Stim_Color_Name Gray
187744650,!V TRIAL_VAR Stim_Intensity_Level 180
187744650,!V TRIAL_VAR Stim_Pos_X_deg 0.0
187744650,!V TRIAL_VAR Stim_Pos_Y_deg 8.0
187744655,FIX_ON TRIAL 196
187745187,GAZE_ACQUIRED TRIAL 196
187745284,FIX_OFF TRIAL 196
187745788,!V TRIAL_VAR Status Break_1
187745788,!V TRIAL_VAR Subject_ID Monkey_H18
187745788,TRIAL_RESULT Break_1
187748834,TRIALID 197
187748834,!V TRIAL_VAR Subject_ID Monkey_H18
187748834,!V TRIAL_VAR Planned_Fixation_Duration_ms 365.26684923552716
187748834,!V TRIAL_VAR Fixation_Pos_X_deg -6.0
187748834,!V TRIAL_VAR Fixation_Pos_Y_deg 8.0
187748834,!V TRIAL_VAR Fixation_Point_Radius_deg 0.2
187748834,!V TRIAL_VAR Fix_Window_Radius_deg 3.0
187748834,!V TRIAL_VAR Stim_Pos_X_deg 0.0
187748834,!V TRIAL_VAR Stim_Pos_Y_deg 8.0
187748834,!V TRIAL_VAR Stim_Window_Radius_deg 3.5
187748834,!V TRIAL_VAR Stim_Major_Axis_deg 0.3
187748834,!V TRIAL_VAR Stim_Minor_Axis_deg 0.3
187748834,!V TRIAL_VAR Stim_Orientation_deg 0.0
187748834,!V TRIAL_VAR Gap_Duration_ms 100.0
187748834,!V TRIAL_VAR Stim_Duration_ms 200.0
187748834,!V TRIAL_VAR Stim_Hold_Time_ms 100.0
187748835,!V TRIAL_VAR Condition_ID C000101
187748835,!V TRIAL_VAR Is_Control False
187748835,!V TRIAL_VAR Stim_Color_Name Gray
187748835,!V TRIAL_VAR Stim_Intensity_Level 180
187748835,!V TRIAL_VAR Stim_Pos_X_deg 0.0
187748835,!V TRIAL_VAR Stim_Pos_Y_deg 8.0
187748840,FIX_ON TRIAL 197
187753848,FIX_OFF TRIAL 197
187753851,!V TRIAL_VAR Status nofix_1
187753851,!V TRIAL_VAR Subject_ID Monkey_H18
187753851,TRIAL_RESULT nofix_1
187756898,TRIALID 198
187756898,!V TRIAL_VAR Subject_ID Monkey_H18
187756898,!V TRIAL_VAR Planned_Fixation_Duration_ms 602.1610861603725
187756898,!V TRIAL_VAR Fixation_Pos_X_deg -6.0
187756898,!V TRIAL_VAR Fixation_Pos_Y_deg 8.0
187756898,!V TRIAL_VAR Fixation_Point_Radius_deg 0.2
187756898,!V TRIAL_VAR Fix_Window_Radius_deg 3.0
187756898,!V TRIAL_VAR Stim_Pos_X_deg 0.0
187756898,!V TRIAL_VAR Stim_Pos_Y_deg 8.0
187756898,!V TRIAL_VAR Stim_Window_Radius_deg 3.5
187756898,!V TRIAL_VAR Stim_Major_Axis_deg 0.3
187756898,!V TRIAL_VAR Stim_Minor_Axis_deg 0.3
187756898,!V TRIAL_VAR Stim_Orientation_deg 0.0
187756898,!V TRIAL_VAR Gap_Duration_ms 100.0
187756898,!V TRIAL_VAR Stim_Duration_ms 200.0
187756898,!V TRIAL_VAR Stim_Hold_Time_ms 100.0
187756899,!V TRIAL_VAR Condition_ID C000101
187756899,!V TRIAL_VAR Is_Control False
187756899,!V TRIAL_VAR Stim_Color_Name Gray
187756899,!V TRIAL_VAR Stim_Intensity_Level 180
187756899,!V TRIAL_VAR Stim_Pos_X_deg 0.0
187756899,!V TRIAL_VAR Stim_Pos_Y_deg 8.0
187756901,FIX_ON TRIAL 198
187761915,FIX_OFF TRIAL 198
187761919,!V TRIAL_VAR Status nofix_1
187761919,!V TRIAL_VAR Subject_ID Monkey_H18
187761919,TRIAL_RESULT nofix_1
187764966,TRIALID 199
187764967,!V TRIAL_VAR Subject_ID Monkey_H18
187764967,!V TRIAL_VAR Planned_Fixation_Duration_ms 312.4159781221709
187764967,!V TRIAL_VAR Fixation_Pos_X_deg -6.0
187764967,!V TRIAL_VAR Fixation_Pos_Y_deg 8.0
187764967,!V TRIAL_VAR Fixation_Point_Radius_deg 0.2
187764967,!V TRIAL_VAR Fix_Window_Radius_deg 3.0
187764967,!V TRIAL_VAR Stim_Pos_X_deg 0.0
187764967,!V TRIAL_VAR Stim_Pos_Y_deg 8.0
187764967,!V TRIAL_VAR Stim_Window_Radius_deg 3.5
187764967,!V TRIAL_VAR Stim_Major_Axis_deg 0.3
187764967,!V TRIAL_VAR Stim_Minor_Axis_deg 0.3
187764967,!V TRIAL_VAR Stim_Orientation_deg 0.0
187764967,!V TRIAL_VAR Gap_Duration_ms 100.0
187764967,!V TRIAL_VAR Stim_Duration_ms 200.0
187764967,!V TRIAL_VAR Stim_Hold_Time_ms 100.0
187764967,!V TRIAL_VAR Condition_ID C000101
187764967,!V TRIAL_VAR Is_Control False
187764968,!V TRIAL_VAR Stim_Color_Name Gray
187764968,!V TRIAL_VAR Stim_Intensity_Level 180
187764968,!V TRIAL_VAR Stim_Pos_X_deg 0.0
187764968,!V TRIAL_VAR Stim_Pos_Y_deg 8.0
187764973,FIX_ON TRIAL 199
187766663,GAZE_ACQUIRED TRIAL 199
187766830,FIX_OFF TRIAL 199
187766937,STIM_ON TRIAL 199
187767048,TARGET_ENTER TRIAL 199
187767145,STIM_OFF TRIAL 199
187767151,STIM_WINDOW_END TRIAL 199
187767156,REWARD TRIAL 199
187767418,!V TRIAL_VAR Status Success
187767419,!V TRIAL_VAR Subject_ID Monkey_H18
187767419,TRIAL_RESULT Success
187770467,TRIALID 200
187770468,!V TRIAL_VAR Subject_ID Monkey_H18
187770468,!V TRIAL_VAR Planned_Fixation_Duration_ms 651.42300885024
187770468,!V TRIAL_VAR Fixation_Pos_X_deg -6.0
187770468,!V TRIAL_VAR Fixation_Pos_Y_deg 8.0
187770468,!V TRIAL_VAR Fixation_Point_Radius_deg 0.2
187770468,!V TRIAL_VAR Fix_Window_Radius_deg 3.0
187770468,!V TRIAL_VAR Stim_Pos_X_deg 9.0
187770468,!V TRIAL_VAR Stim_Pos_Y_deg 2.0
187770468,!V TRIAL_VAR Stim_Window_Radius_deg 3.5
187770468,!V TRIAL_VAR Stim_Major_Axis_deg 0.3
187770468,!V TRIAL_VAR Stim_Minor_Axis_deg 0.3
187770468,!V TRIAL_VAR Stim_Orientation_deg 0.0
187770468,!V TRIAL_VAR Gap_Duration_ms 100.0
187770468,!V TRIAL_VAR Stim_Duration_ms 200.0
187770468,!V TRIAL_VAR Stim_Hold_Time_ms 100.0
187770468,!V TRIAL_VAR Condition_ID C000102
187770473,ERROR MESSAGES LOST 5
187770473,FIX_ON TRIAL 200
187775480,FIX_OFF TRIAL 200
187775484,!V TRIAL_VAR Status nofix_1
187775484,!V TRIAL_VAR Subject_ID Monkey_H18
187775484,TRIAL_RESULT nofix_1
187778534,TRIALID 201
187778535,!V TRIAL_VAR Subject_ID Monkey_H18
187778535,!V TRIAL_VAR Planned_Fixation_Duration_ms 393.63744921350093
187778535,!V TRIAL_VAR Fixation_Pos_X_deg -6.0
187778535,!V TRIAL_VAR Fixation_Pos_Y_deg 8.0
187778535,!V TRIAL_VAR Fixation_Point_Radius_deg 0.2
187778535,!V TRIAL_VAR Fix_Window_Radius_deg 3.0
187778535,!V TRIAL_VAR Stim_Pos_X_deg 9.0
187778535,!V TRIAL_VAR Stim_Pos_Y_deg 2.0
187778535,!V TRIAL_VAR Stim_Window_Radius_deg 3.5
187778535,!V TRIAL_VAR Stim_Major_Axis_deg 0.3
187778535,!V TRIAL_VAR Stim_Minor_Axis_deg 0.3
187778535,!V TRIAL_VAR Stim_Orientation_deg 0.0
187778535,!V TRIAL_VAR Gap_Duration_ms 100.0
187778535,!V TRIAL_VAR Stim_Duration_ms 200.0
187778535,!V TRIAL_VAR Stim_Hold_Time_ms 100.0
187778535,!V TRIAL_VAR Condition_ID C000102
187778536,!V TRIAL_VAR Is_Control False
187778536,!V TRIAL_VAR Stim_Color_Name Gray
187778536,!V TRIAL_VAR Stim_Intensity_Level 180
187778536,!V TRIAL_VAR Stim_Pos_X_deg 9.0
187778536,!V TRIAL_VAR Stim_Pos_Y_deg 2.0
187778540,FIX_ON TRIAL 201
187778965,GAZE_ACQUIRED TRIAL 201
187779090,FIX_OFF TRIAL 201
187779595,!V TRIAL_VAR Status Break_1
187779595,!V TRIAL_VAR Subject_ID Monkey_H18
187779595,TRIAL_RESULT Break_1
187782641,TRIALID 202
187782641,!V TRIAL_VAR Subject_ID Monkey_H18
187782641,!V TRIAL_VAR Planned_Fixation_Duration_ms 742.9102589222149
187782641,!V TRIAL_VAR Fixation_Pos_X_deg -6.0
187782641,!V TRIAL_VAR Fixation_Pos_Y_deg 8.0
187782641,!V TRIAL_VAR Fixation_Point_Radius_deg 0.2
187782641,!V TRIAL_VAR Fix_Window_Radius_deg 3.0
187782641,!V TRIAL_VAR Stim_Pos_X_deg 9.0
187782641,!V TRIAL_VAR Stim_Pos_Y_deg 2.0
187782641,!V TRIAL_VAR Stim_Window_Radius_deg 3.5
187782641,!V TRIAL_VAR Stim_Major_Axis_deg 0.3
187782641,!V TRIAL_VAR Stim_Minor_Axis_deg 0.3
187782641,!V TRIAL_VAR Stim_Orientation_deg 0.0
187782641,!V TRIAL_VAR Gap_Duration_ms 100.0
187782641,!V TRIAL_VAR Stim_Duration_ms 200.0
187782641,!V TRIAL_VAR Stim_Hold_Time_ms 100.0
187782642,!V TRIAL_VAR Condition_ID C000102
187782642,!V TRIAL_VAR Is_Control False
187782642,!V TRIAL_VAR Stim_Color_Name Gray
187782642,!V TRIAL_VAR Stim_Intensity_Level 180
187782642,!V TRIAL_VAR Stim_Pos_X_deg 9.0
187782642,!V TRIAL_VAR Stim_Pos_Y_deg 2.0
187782647,FIX_ON TRIAL 202
187782816,GAZE_ACQUIRED TRIAL 202
187783408,FIX_OFF TRIAL 202
187783515,STIM_ON TRIAL 202
187783648,TARGET_ENTER TRIAL 202
187783719,STIM_OFF TRIAL 202
187783755,STIM_WINDOW_END TRIAL 202
187783758,REWARD TRIAL 202
187784021,!V TRIAL_VAR Status Success
187784021,!V TRIAL_VAR Subject_ID Monkey_H18
187784021,TRIAL_RESULT Success
187787065,TRIALID 203
187787066,!V TRIAL_VAR Subject_ID Monkey_H18
187787066,!V TRIAL_VAR Planned_Fixation_Duration_ms 564.6933094846149
187787066,!V TRIAL_VAR Fixation_Pos_X_deg -6.0
187787066,!V TRIAL_VAR Fixation_Pos_Y_deg 8.0
187787066,!V TRIAL_VAR Fixation_Point_Radius_deg 0.2
187787066,!V TRIAL_VAR Fix_Window_Radius_deg 3.0
187787066,!V TRIAL_VAR Stim_Pos_X_deg 3.0
187787066,!V TRIAL_VAR Stim_Pos_Y_deg 2.0
187787066,!V TRIAL_VAR Stim_Window_Radius_deg 3.5
187787066,!V TRIAL_VAR Stim_Major_Axis_deg 0.3
187787066,!V TRIAL_VAR Stim_Minor_Axis_deg 0.3
187787066,!V TRIAL_VAR Stim_Orientation_deg 0.0
187787066,!V TRIAL_VAR Gap_Duration_ms 100.0
187787066,!V TRIAL_VAR Stim_Duration_ms 200.0
187787066,!V TRIAL_VAR Stim_Hold_Time_ms 100.0
187787067,!V TRIAL_VAR Condition_ID C000103
187787067,!V TRIAL_VAR Is_Control False
187787067,!V TRIAL_VAR Stim_Color_Name Gray
187787067,!V TRIAL_VAR Stim_Intensity_Level 30
187787067,!V TRIAL_VAR Stim_Pos_X_deg 3.0
187787067,!V TRIAL_VAR Stim_Pos_Y_deg 2.0
187787069,FIX_ON TRIAL 203
187787759,GAZE_ACQUIRED TRIAL 203
187788176,FIX_OFF TRIAL 203
187788284,STIM_ON TRIAL 203
187788401,TARGET_ENTER TRIAL 203
187788490,STIM_OFF TRIAL 203
187788505,STIM_WINDOW_END TRIAL 203
187788509,REWARD TRIAL 203
187788772,!V TRIAL_VAR Status Success
187788772,!V TRIAL_VAR Subject_ID Monkey_H18
187788772,TRIAL_RESULT Success
187791816,TRIALID 204
187791817,!V TRIAL_VAR Subject_ID Monkey_H18
187791817,!V TRIAL_VAR Planned_Fixation_Duration_ms 618.3785532696022
187791817,!V TRIAL_VAR Fixation_Pos_X_deg -6.0
187791817,!V TRIAL_VAR Fixation_Pos_Y_deg 8.0
187791817,!V TRIAL_VAR Fixation_Point_Radius_deg 0.2
187791817,!V TRIAL_VAR Fix_Window_Radius_deg 3.0
187791817,!V TRIAL_VAR Stim_Pos_X_deg -3.0
187791817,!V TRIAL_VAR Stim_Pos_Y_deg 5.0
187791817,!V TRIAL_VAR Stim_Window_Radius_deg 3.5
187791817,!V TRIAL_VAR Stim_Major_Axis_deg 0.3
187791817,!V TRIAL_VAR Stim_Minor_Axis_deg 0.3
187791817,!V TRIAL_VAR Stim_Orientation_deg 0.0
187791817,!V TRIAL_VAR Gap_Duration_ms 100.0
187791817,!V TRIAL_VAR Stim_Duration_ms 200.0
187791817,!V TRIAL_VAR Stim_Hold_Time_ms 100.0
187791817,!V TRIAL_VAR Condition_ID C000104
187791818,!V TRIAL_VAR Is_Control False
187791818,!V TRIAL_VAR Stim_Color_Name Gray
187791818,!V TRIAL_VAR Stim_Intensity_Level 150
187791818,!V TRIAL_VAR Stim_Pos_X_deg -3.0
187791818,!V TRIAL_VAR Stim_Pos_Y_deg 5.0
187791823,FIX_ON TRIAL 204
187796830,FIX_OFF TRIAL 204
187796834,!V TRIAL_VAR Status nofix_1
187796834,!V TRIAL_VAR Subject_ID Monkey_H18
187796834,TRIAL_RESULT nofix_1
187799883,TRIALID 205
187799883,!V TRIAL_VAR Subject_ID Monkey_H18
187799883,!V TRIAL_VAR Planned_Fixation_Duration_ms 562.5019333569456
187799883,!V TRIAL_VAR Fixation_Pos_X_deg -6.0
187799883,!V TRIAL_VAR Fixation_Pos_Y_deg 8.0
187799883,!V TRIAL_VAR Fixation_Point_Radius_deg 0.2
187799883,!V TRIAL_VAR Fix_Window_Radius_deg 3.0
187799883,!V TRIAL_VAR Stim_Pos_X_deg -3.0
187799883,!V TRIAL_VAR Stim_Pos_Y_deg 5.0
187799883,!V TRIAL_VAR Stim_Window_Radius_deg 3.5
187799883,!V TRIAL_VAR Stim_Major_Axis_deg 0.3
187799883,!V TRIAL_VAR Stim_Minor_Axis_deg 0.3
187799883,!V TRIAL_VAR Stim_Orientation_deg 0.0
187799883,!V TRIAL_VAR Gap_Duration_ms 100.0
187799883,!V TRIAL_VAR Stim_Duration_ms 200.0
187799883,!V TRIAL_VAR Stim_Hold_Time_ms 100.0
187799884,!V TRIAL_VAR Condition_ID C000104
187799884,!V TRIAL_VAR Is_Control False
187799884,!V TRIAL_VAR Stim_Color_Name Gray
187799884,!V TRIAL_VAR Stim_Intensity_Level 150
187799884,!V TRIAL_VAR Stim_Pos_X_deg -3.0
187799884,!V TRIAL_VAR Stim_Pos_Y_deg 5.0
187799887,FIX_ON TRIAL 205
187804223,GAZE_ACQUIRED TRIAL 205
187804248,FIX_OFF TRIAL 205
187804753,!V TRIAL_VAR Status Break_1
187804753,!V TRIAL_VAR Subject_ID Monkey_H18
187804753,TRIAL_RESULT Break_1
187807801,TRIALID 206
187807802,!V TRIAL_VAR Subject_ID Monkey_H18
187807802,!V TRIAL_VAR Planned_Fixation_Duration_ms 627.8117401526711
187807802,!V TRIAL_VAR Fixation_Pos_X_deg -6.0
187807802,!V TRIAL_VAR Fixation_Pos_Y_deg 8.0
187807802,!V TRIAL_VAR Fixation_Point_Radius_deg 0.2
187807802,!V TRIAL_VAR Fix_Window_Radius_deg 3.0
187807802,!V TRIAL_VAR Stim_Pos_X_deg -3.0
187807802,!V TRIAL_VAR Stim_Pos_Y_deg 5.0
187807802,!V TRIAL_VAR Stim_Window_Radius_deg 3.5
187807802,!V TRIAL_VAR Stim_Major_Axis_deg 0.3
187807802,!V TRIAL_VAR Stim_Minor_Axis_deg 0.3
187807802,!V TRIAL_VAR Stim_Orientation_deg 0.0
187807802,!V TRIAL_VAR Gap_Duration_ms 100.0
187807802,!V TRIAL_VAR Stim_Duration_ms 200.0
187807802,!V TRIAL_VAR Stim_Hold_Time_ms 100.0
187807803,!V TRIAL_VAR Condition_ID C000104
187807803,!V TRIAL_VAR Is_Control False
187807803,!V TRIAL_VAR Stim_Color_Name Gray
187807803,!V TRIAL_VAR Stim_Intensity_Level 150
187807803,!V TRIAL_VAR Stim_Pos_X_deg -3.0
187807803,!V TRIAL_VAR Stim_Pos_Y_deg 5.0
187807808,FIX_ON TRIAL 206
187812819,FIX_OFF TRIAL 206
187812823,!V TRIAL_VAR Status nofix_1
187812823,!V TRIAL_VAR Subject_ID Monkey_H18
187812823,TRIAL_RESULT nofix_1
187815874,TRIALID 207
187815874,!V TRIAL_VAR Subject_ID Monkey_H18
187815874,!V TRIAL_VAR Planned_Fixation_Duration_ms 724.3631895302842
187815874,!V TRIAL_VAR Fixation_Pos_X_deg -6.0
187815874,!V TRIAL_VAR Fixation_Pos_Y_deg 8.0
187815874,!V TRIAL_VAR Fixation_Point_Radius_deg 0.2
187815874,!V TRIAL_VAR Fix_Window_Radius_deg 3.0
187815874,!V TRIAL_VAR Stim_Pos_X_deg -3.0
187815874,!V TRIAL_VAR Stim_Pos_Y_deg 5.0
187815874,!V TRIAL_VAR Stim_Window_Radius_deg 3.5
187815874,!V TRIAL_VAR Stim_Major_Axis_deg 0.3
187815874,!V TRIAL_VAR Stim_Minor_Axis_deg 0.3
187815874,!V TRIAL_VAR Stim_Orientation_deg 0.0
187815874,!V TRIAL_VAR Gap_Duration_ms 100.0
187815874,!V TRIAL_VAR Stim_Duration_ms 200.0
187815874,!V TRIAL_VAR Stim_Hold_Time_ms 100.0
187815875,!V TRIAL_VAR Condition_ID C000104
187815875,!V TRIAL_VAR Is_Control False
187815875,!V TRIAL_VAR Stim_Color_Name Gray
187815875,!V TRIAL_VAR Stim_Intensity_Level 150
187815875,!V TRIAL_VAR Stim_Pos_X_deg -3.0
187815875,!V TRIAL_VAR Stim_Pos_Y_deg 5.0
187815880,FIX_ON TRIAL 207
187816187,GAZE_ACQUIRED TRIAL 207
187816769,FIX_OFF TRIAL 207
187816876,STIM_ON TRIAL 207
187817023,TARGET_ENTER TRIAL 207
187817084,STIM_OFF TRIAL 207
187817126,STIM_WINDOW_END TRIAL 207
187817130,REWARD TRIAL 207
187817395,!V TRIAL_VAR Status Success
187817395,!V TRIAL_VAR Subject_ID Monkey_H18
187817395,TRIAL_RESULT Success
187820442,TRIALID 208
187820443,!V TRIAL_VAR Subject_ID Monkey_H18
187820443,!V TRIAL_VAR Planned_Fixation_Duration_ms 407.372688649194
187820443,!V TRIAL_VAR Fixation_Pos_X_deg -6.0
187820443,!V TRIAL_VAR Fixation_Pos_Y_deg 8.0
187820443,!V TRIAL_VAR Fixation_Point_Radius_deg 0.2
187820443,!V TRIAL_VAR Fix_Window_Radius_deg 3.0
187820443,!V TRIAL_VAR Stim_Pos_X_deg 12.0
187820443,!V TRIAL_VAR Stim_Pos_Y_deg -4.0
187820443,!V TRIAL_VAR Stim_Window_Radius_deg 3.5
187820443,!V TRIAL_VAR Stim_Major_Axis_deg 0.3
187820443,!V TRIAL_VAR Stim_Minor_Axis_deg 0.3
187820443,!V TRIAL_VAR Stim_Orientation_deg 0.0
187820443,!V TRIAL_VAR Gap_Duration_ms 100.0
187820443,!V TRIAL_VAR Stim_Duration_ms 200.0
187820443,!V TRIAL_VAR Stim_Hold_Time_ms 100.0
187820443,!V TRIAL_VAR Condition_ID C000105
187820444,!V TRIAL_VAR Is_Control False
187820444,!V TRIAL_VAR Stim_Color_Name Gray
187820444,!V TRIAL_VAR Stim_Intensity_Level 180
187820444,!V TRIAL_VAR Stim_Pos_X_deg 12.0
187820444,!V TRIAL_VAR Stim_Pos_Y_deg -4.0
187820447,FIX_ON TRIAL 208
187822216,GAZE_ACQUIRED TRIAL 208
187822473,FIX_OFF TRIAL 208
187822580,STIM_ON TRIAL 208
187822705,TARGET_ENTER TRIAL 208
187822787,STIM_OFF TRIAL 208
187822808,STIM_WINDOW_END TRIAL 208
187822813,REWARD TRIAL 208
187823077,!V TRIAL_VAR Status Success
187823077,!V TRIAL_VAR Subject_ID Monkey_H18
187823077,TRIAL_RESULT Success
187826128,TRIALID 209
187826128,!V TRIAL_VAR Subject_ID Monkey_H18
187826128,!V TRIAL_VAR Planned_Fixation_Duration_ms 778.8927282736602
187826128,!V TRIAL_VAR Fixation_Pos_X_deg -6.0
187826128,!V TRIAL_VAR Fixation_Pos_Y_deg 8.0
187826128,!V TRIAL_VAR Fixation_Point_Radius_deg 0.2
187826128,!V TRIAL_VAR Fix_Window_Radius_deg 3.0
187826128,!V TRIAL_VAR Stim_Pos_X_deg 3.0
187826128,!V TRIAL_VAR Stim_Pos_Y_deg -7.0
187826128,!V TRIAL_VAR Stim_Window_Radius_deg 3.5
187826128,!V TRIAL_VAR Stim_Major_Axis_deg 0.3
187826128,!V TRIAL_VAR Stim_Minor_Axis_deg 0.3
187826128,!V TRIAL_VAR Stim_Orientation_deg 0.0
187826128,!V TRIAL_VAR Gap_Duration_ms 100.0
187826128,!V TRIAL_VAR Stim_Duration_ms 200.0
187826128,!V TRIAL_VAR Stim_Hold_Time_ms 100.0
187826129,!V TRIAL_VAR Condition_ID C000106
187826129,!V TRIAL_VAR Is_Control False
187826129,!V TRIAL_VAR Stim_Color_Name Gray
187826129,!V TRIAL_VAR Stim_Intensity_Level 150
187826129,!V TRIAL_VAR Stim_Pos_X_deg 3.0
187826129,!V TRIAL_VAR Stim_Pos_Y_deg -7.0
187826134,FIX_ON TRIAL 209
187826552,GAZE_ACQUIRED TRIAL 209
187827190,FIX_OFF TRIAL 209
187827298,STIM_ON TRIAL 209
187827416,TARGET_ENTER TRIAL 209
187827505,STIM_OFF TRIAL 209
187827519,STIM_WINDOW_END TRIAL 209
187827523,REWARD TRIAL 209
187827786,!V TRIAL_VAR Status Success
187827786,!V TRIAL_VAR Subject_ID Monkey_H18
187827786,TRIAL_RESULT Success
187830832,TRIALID 210
187830833,!V TRIAL_VAR Subject_ID Monkey_H18
187830833,!V TRIAL_VAR Planned_Fixation_Duration_ms 436.13095550887107
187830833,!V TRIAL_VAR Fixation_Pos_X_deg 6.0
187830833,!V TRIAL_VAR Fixation_Pos_Y_deg -4.0
187830833,!V TRIAL_VAR Fixation_Point_Radius_deg 0.2
187830833,!V TRIAL_VAR Fix_Window_Radius_deg 3.0
187830833,!V TRIAL_VAR Stim_Pos_X_deg 6.0
187830833,!V TRIAL_VAR Stim_Pos_Y_deg -4.0
187830833,!V TRIAL_VAR Stim_Window_Radius_deg 3.5
187830833,!V TRIAL_VAR Stim_Major_Axis_deg 0.3
187830833,!V TRIAL_VAR Stim_Minor_Axis_deg 0.3
187830833,!V TRIAL_VAR Stim_Orientation_deg 0.0
187830833,!V TRIAL_VAR Gap_Duration_ms 100.0
187830833,!V TRIAL_VAR Stim_Duration_ms 200.0
187830833,!V TRIAL_VAR Stim_Hold_Time_ms 100.0
187830834,!V TRIAL_VAR Condition_ID C000107
187830834,!V TRIAL_VAR Is_Control True
187830834,!V TRIAL_VAR Stim_Color_Name Control
187830834,!V TRIAL_VAR Stim_Intensity_Level 0
187830834,!V TRIAL_VAR Stim_Pos_X_deg 6.0
187830834,!V TRIAL_VAR Stim_Pos_Y_deg -4.0
187830837,FIX_ON TRIAL 210
187831202,GAZE_ACQUIRED TRIAL 210
187831490,FIX_OFF TRIAL 210
187831501,REWARD TRIAL 210
187831766,!V TRIAL_VAR Status Control_Success
187831766,!V TRIAL_VAR Subject_ID Monkey_H18
187831766,TRIAL_RESULT Control_Success
187834815,TRIALID 211
187834816,!V TRIAL_VAR Subject_ID Monkey_H18
187834816,!V TRIAL_VAR Planned_Fixation_Duration_ms 518.2448043632475
187834816,!V TRIAL_VAR Fixation_Pos_X_deg 12.0
187834816,!V TRIAL_VAR Fixation_Pos_Y_deg 2.0
187834816,!V TRIAL_VAR Fixation_Point_Radius_deg 0.2
187834816,!V TRIAL_VAR Fix_Window_Radius_deg 3.0
187834816,!V TRIAL_VAR Stim_Pos_X_deg 12.0
187834816,!V TRIAL_VAR Stim_Pos_Y_deg 2.0
187834816,!V TRIAL_VAR Stim_Window_Radius_deg 3.5
187834816,!V TRIAL_VAR Stim_Major_Axis_deg 0.3
187834816,!V TRIAL_VAR Stim_Minor_Axis_deg 0.3
187834816,!V TRIAL_VAR Stim_Orientation_deg 0.0
187834816,!V TRIAL_VAR Gap_Duration_ms 100.0
187834816,!V TRIAL_VAR Stim_Duration_ms 200.0
187834816,!V TRIAL_VAR Stim_Hold_Time_ms 100.0
187834816,!V TRIAL_VAR Condition_ID C000108
187834817,!V TRIAL_VAR Is_Control True
187834817,!V TRIAL_VAR Stim_Color_Name Control
187834817,!V TRIAL_VAR Stim_Intensity_Level 0
187834817,!V TRIAL_VAR Stim_Pos_X_deg 12.0
187834817,!V TRIAL_VAR Stim_Pos_Y_deg 2.0
187834819,FIX_ON TRIAL 211
187835095,GAZE_ACQUIRED TRIAL 211
187835466,FIX_OFF TRIAL 211
187835477,REWARD TRIAL 211
187835741,!V TRIAL_VAR Status Control_Success
187835741,!V TRIAL_VAR Subject_ID Monkey_H18
187835741,TRIAL_RESULT Control_Success
187838791,TRIALID 212
187838791,!V TRIAL_VAR Subject_ID Monkey_H18
187838791,!V TRIAL_VAR Planned_Fixation_Duration_ms 349.46770833183376
187838791,!V TRIAL_VAR Fixation_Pos_X_deg -6.0
187838791,!V TRIAL_VAR Fixation_Pos_Y_deg 8.0
187838791,!V TRIAL_VAR Fixation_Point_Radius_deg 0.2
187838791,!V TRIAL_VAR Fix_Window_Radius_deg 3.0
187838791,!V TRIAL_VAR Stim_Pos_X_deg -3.0
187838791,!V TRIAL_VAR Stim_Pos_Y_deg 2.0
187838791,!V TRIAL_VAR Stim_Window_Radius_deg 3.5
187838791,!V TRIAL_VAR Stim_Major_Axis_deg 0.3
187838791,!V TRIAL_VAR Stim_Minor_Axis_deg 0.3
187838791,!V TRIAL_VAR Stim_Orientation_deg 0.0
187838791,!V TRIAL_VAR Gap_Duration_ms 100.0
187838791,!V TRIAL_VAR Stim_Duration_ms 200.0
187838791,!V TRIAL_VAR Stim_Hold_Time_ms 100.0
187838792,!V TRIAL_VAR Condition_ID C000109
187838792,!V TRIAL_VAR Is_Control False
187838792,!V TRIAL_VAR Stim_Color_Name Gray
187838792,!V TRIAL_VAR Stim_Intensity_Level 180
187838792,!V TRIAL_VAR Stim_Pos_X_deg -3.0
187838792,!V TRIAL_VAR Stim_Pos_Y_deg 2.0
187838798,FIX_ON TRIAL 212
187842009,GAZE_ACQUIRED TRIAL 212
187842212,FIX_OFF TRIAL 212
187842775,!V TRIAL_VAR Status Break_Gap
187842775,!V TRIAL_VAR Subject_ID Monkey_H18
187842775,TRIAL_RESULT Break_Gap
187845819,TRIALID 213
187845819,!V TRIAL_VAR Subject_ID Monkey_H18
187845819,!V TRIAL_VAR Planned_Fixation_Duration_ms 424.8294268864126
187845819,!V TRIAL_VAR Fixation_Pos_X_deg -6.0
187845819,!V TRIAL_VAR Fixation_Pos_Y_deg 8.0
187845819,!V TRIAL_VAR Fixation_Point_Radius_deg 0.2
187845819,!V TRIAL_VAR Fix_Window_Radius_deg 3.0
187845819,!V TRIAL_VAR Stim_Pos_X_deg -3.0
187845819,!V TRIAL_VAR Stim_Pos_Y_deg 2.0
187845819,!V TRIAL_VAR Stim_Window_Radius_deg 3.5
187845819,!V TRIAL_VAR Stim_Major_Axis_deg 0.3
187845819,!V TRIAL_VAR Stim_Minor_Axis_deg 0.3
187845819,!V TRIAL_VAR Stim_Orientation_deg 0.0
187845819,!V TRIAL_VAR Gap_Duration_ms 100.0
187845819,!V TRIAL_VAR Stim_Duration_ms 200.0
187845819,!V TRIAL_VAR Stim_Hold_Time_ms 100.0
187845820,!V TRIAL_VAR Condition_ID C000109
187845820,!V TRIAL_VAR Is_Control False
187845820,!V TRIAL_VAR Stim_Color_Name Gray
187845820,!V TRIAL_VAR Stim_Intensity_Level 180
187845820,!V TRIAL_VAR Stim_Pos_X_deg -3.0
187845820,!V TRIAL_VAR Stim_Pos_Y_deg 2.0
187845826,FIX_ON TRIAL 213
187846116,GAZE_ACQUIRED TRIAL 213
187846391,FIX_OFF TRIAL 213
187846498,STIM_ON TRIAL 213
187846602,TARGET_ENTER TRIAL 213
187846708,STIM_OFF TRIAL 213
187846708,STIM_WINDOW_END TRIAL 213
187846712,REWARD TRIAL 213
187846975,!V TRIAL_VAR Status Success
187846975,!V TRIAL_VAR Subject_ID Monkey_H18
187846975,TRIAL_RESULT Success
187850023,TRIALID 214
187850024,!V TRIAL_VAR Subject_ID Monkey_H18
187850024,!V TRIAL_VAR Planned_Fixation_Duration_ms 417.85187582385527
187850024,!V TRIAL_VAR Fixation_Pos_X_deg -6.0
187850024,!V TRIAL_VAR Fixation_Pos_Y_deg 8.0
187850024,!V TRIAL_VAR Fixation_Point_Radius_deg 0.2
187850024,!V TRIAL_VAR Fix_Window_Radius_deg 3.0
187850024,!V TRIAL_VAR Stim_Pos_X_deg 0.0
187850024,!V TRIAL_VAR Stim_Pos_Y_deg -10.0
187850024,!V TRIAL_VAR Stim_Window_Radius_deg 3.5
187850024,!V TRIAL_VAR Stim_Major_Axis_deg 0.3
187850024,!V TRIAL_VAR Stim_Minor_Axis_deg 0.3
187850024,!V TRIAL_VAR Stim_Orientation_deg 0.0
187850024,!V TRIAL_VAR Gap_Duration_ms 100.0
187850024,!V TRIAL_VAR Stim_Duration_ms 200.0
187850024,!V TRIAL_VAR Stim_Hold_Time_ms 100.0
187850025,!V TRIAL_VAR Condition_ID C000110
187850025,!V TRIAL_VAR Is_Control False
187850025,!V TRIAL_VAR Stim_Color_Name Gray
187850025,!V TRIAL_VAR Stim_Intensity_Level 120
187850025,!V TRIAL_VAR Stim_Pos_X_deg 0.0
187850025,!V TRIAL_VAR Stim_Pos_Y_deg -10.0
187850030,FIX_ON TRIAL 214
187851498,GAZE_ACQUIRED TRIAL 214
187851769,FIX_OFF TRIAL 214
187851876,STIM_ON TRIAL 214
187852009,TARGET_ENTER TRIAL 214
187852084,STIM_OFF TRIAL 214
187852119,STIM_WINDOW_END TRIAL 214
187852124,REWARD TRIAL 214
187852387,!V TRIAL_VAR Status Success
187852387,!V TRIAL_VAR Subject_ID Monkey_H18
187852387,TRIAL_RESULT Success
187855438,TRIALID 215
187855438,!V TRIAL_VAR Subject_ID Monkey_H18
187855438,!V TRIAL_VAR Planned_Fixation_Duration_ms 782.660245560034
187855438,!V TRIAL_VAR Fixation_Pos_X_deg -6.0
187855438,!V TRIAL_VAR Fixation_Pos_Y_deg 8.0
187855438,!V TRIAL_VAR Fixation_Point_Radius_deg 0.2
187855438,!V TRIAL_VAR Fix_Window_Radius_deg 3.0
187855438,!V TRIAL_VAR Stim_Pos_X_deg 9.0
187855438,!V TRIAL_VAR Stim_Pos_Y_deg -1.0
187855438,!V TRIAL_VAR Stim_Window_Radius_deg 3.5
187855438,!V TRIAL_VAR Stim_Major_Axis_deg 0.3
187855438,!V TRIAL_VAR Stim_Minor_Axis_deg 0.3
187855438,!V TRIAL_VAR Stim_Orientation_deg 0.0
187855438,!V TRIAL_VAR Gap_Duration_ms 100.0
187855438,!V TRIAL_VAR Stim_Duration_ms 200.0
187855438,!V TRIAL_VAR Stim_Hold_Time_ms 100.0
187855439,!V TRIAL_VAR Condition_ID C000111
187855439,!V TRIAL_VAR Is_Control False
187855439,!V TRIAL_VAR Stim_Color_Name Gray
187855439,!V TRIAL_VAR Stim_Intensity_Level 120
187855439,!V TRIAL_VAR Stim_Pos_X_deg 9.0
187855439,!V TRIAL_VAR Stim_Pos_Y_deg -1.0
187855446,FIX_ON TRIAL 215
187855887,GAZE_ACQUIRED TRIAL 215
187856519,FIX_OFF TRIAL 215
187856626,STIM_ON TRIAL 215
187856752,TARGET_ENTER TRIAL 215
187856834,STIM_OFF TRIAL 215
187856855,STIM_WINDOW_END TRIAL 215
187856859,REWARD TRIAL 215
187857122,!V TRIAL_VAR Status Success
187857122,!V TRIAL_VAR Subject_ID Monkey_H18
187857122,TRIAL_RESULT Success
187860167,TRIALID 216
187860167,!V TRIAL_VAR Subject_ID Monkey_H18
187860167,!V TRIAL_VAR Planned_Fixation_Duration_ms 311.29348356735596
187860167,!V TRIAL_VAR Fixation_Pos_X_deg -6.0
187860167,!V TRIAL_VAR Fixation_Pos_Y_deg 8.0
187860167,!V TRIAL_VAR Fixation_Point_Radius_deg 0.2
187860167,!V TRIAL_VAR Fix_Window_Radius_deg 3.0
187860167,!V TRIAL_VAR Stim_Pos_X_deg -6.0
187860167,!V TRIAL_VAR Stim_Pos_Y_deg -1.0
187860167,!V TRIAL_VAR Stim_Window_Radius_deg 3.5
187860167,!V TRIAL_VAR Stim_Major_Axis_deg 0.3
187860167,!V TRIAL_VAR Stim_Minor_Axis_deg 0.3
187860167,!V TRIAL_VAR Stim_Orientation_deg 0.0
187860167,!V TRIAL_VAR Gap_Duration_ms 100.0
187860167,!V TRIAL_VAR Stim_Duration_ms 200.0
187860167,!V TRIAL_VAR Stim_Hold_Time_ms 100.0
187860168,!V TRIAL_VAR Condition_ID C000112
187860168,!V TRIAL_VAR Is_Control False
187860168,!V TRIAL_VAR Stim_Color_Name Gray
187860168,!V TRIAL_VAR Stim_Intensity_Level 60
187860168,!V TRIAL_VAR Stim_Pos_X_deg -6.0
187860168,!V TRIAL_VAR Stim_Pos_Y_deg -1.0
187860173,FIX_ON TRIAL 216
187860552,GAZE_ACQUIRED TRIAL 216
187860712,FIX_OFF TRIAL 216
187860819,STIM_ON TRIAL 216
187860951,TARGET_ENTER TRIAL 216
187861027,STIM_OFF TRIAL 216
187861063,STIM_WINDOW_END TRIAL 216
187861066,REWARD TRIAL 216
187861328,!V TRIAL_VAR Status Success
187861328,!V TRIAL_VAR Subject_ID Monkey_H18
187861328,TRIAL_RESULT Success
187864385,TRIALID 217
187864385,!V TRIAL_VAR Subject_ID Monkey_H18
187864385,!V TRIAL_VAR Planned_Fixation_Duration_ms 487.39674653450095
187864385,!V TRIAL_VAR Fixation_Pos_X_deg -6.0
187864385,!V TRIAL_VAR Fixation_Pos_Y_deg 8.0
187864385,!V TRIAL_VAR Fixation_Point_Radius_deg 0.2
187864385,!V TRIAL_VAR Fix_Window_Radius_deg 3.0
187864385,!V TRIAL_VAR Stim_Pos_X_deg 12.0
187864385,!V TRIAL_VAR Stim_Pos_Y_deg 2.0
187864385,!V TRIAL_VAR Stim_Window_Radius_deg 3.5
187864385,!V TRIAL_VAR Stim_Major_Axis_deg 0.3
187864385,!V TRIAL_VAR Stim_Minor_Axis_deg 0.3
187864385,!V TRIAL_VAR Stim_Orientation_deg 0.0
187864385,!V TRIAL_VAR Gap_Duration_ms 100.0
187864385,!V TRIAL_VAR Stim_Duration_ms 200.0
187864385,!V TRIAL_VAR Stim_Hold_Time_ms 100.0
187864386,!V TRIAL_VAR Condition_ID C000113
187864386,!V TRIAL_VAR Is_Control False
187864386,!V TRIAL_VAR Stim_Color_Name Gray
187864386,!V TRIAL_VAR Stim_Intensity_Level 180
187864386,!V TRIAL_VAR Stim_Pos_X_deg 12.0
187864386,!V TRIAL_VAR Stim_Pos_Y_deg 2.0
187864391,FIX_ON TRIAL 217
187866324,GAZE_ACQUIRED TRIAL 217
187866398,FIX_OFF TRIAL 217
187866902,!V TRIAL_VAR Status Break_1
187866902,!V TRIAL_VAR Subject_ID Monkey_H18
187866902,TRIAL_RESULT Break_1
187869952,TRIALID 218
187869952,!V TRIAL_VAR Subject_ID Monkey_H18
187869952,!V TRIAL_VAR Planned_Fixation_Duration_ms 423.8086888104463
187869952,!V TRIAL_VAR Fixation_Pos_X_deg -6.0
187869952,!V TRIAL_VAR Fixation_Pos_Y_deg 8.0
187869952,!V TRIAL_VAR Fixation_Point_Radius_deg 0.2
187869952,!V TRIAL_VAR Fix_Window_Radius_deg 3.0
187869952,!V TRIAL_VAR Stim_Pos_X_deg 12.0
187869952,!V TRIAL_VAR Stim_Pos_Y_deg 2.0
187869952,!V TRIAL_VAR Stim_Window_Radius_deg 3.5
187869952,!V TRIAL_VAR Stim_Major_Axis_deg 0.3
187869952,!V TRIAL_VAR Stim_Minor_Axis_deg 0.3
187869952,!V TRIAL_VAR Stim_Orientation_deg 0.0
187869952,!V TRIAL_VAR Gap_Duration_ms 100.0
187869952,!V TRIAL_VAR Stim_Duration_ms 200.0
187869952,!V TRIAL_VAR Stim_Hold_Time_ms 100.0
187869953,!V TRIAL_VAR Condition_ID C000113
187869953,!V TRIAL_VAR Is_Control False
187869953,!V TRIAL_VAR Stim_Color_Name Gray
187869953,!V TRIAL_VAR Stim_Intensity_Level 180
187869953,!V TRIAL_VAR Stim_Pos_X_deg 12.0
187869953,!V TRIAL_VAR Stim_Pos_Y_deg 2.0
187869958,FIX_ON TRIAL 218
187870484,GAZE_ACQUIRED TRIAL 218
187870766,FIX_OFF TRIAL 218
187870873,STIM_ON TRIAL 218
187870998,TARGET_ENTER TRIAL 218
187871080,STIM_OFF TRIAL 218
187871109,STIM_WINDOW_END TRIAL 218
187871113,REWARD TRIAL 218
187871377,!V TRIAL_VAR Status Success
187871377,!V TRIAL_VAR Subject_ID Monkey_H18
187871377,TRIAL_RESULT Success
187874424,TRIALID 219
187874425,!V TRIAL_VAR Subject_ID Monkey_H18
187874425,!V TRIAL_VAR Planned_Fixation_Duration_ms 476.04428807382857
187874425,!V TRIAL_VAR Fixation_Pos_X_deg -6.0
187874425,!V TRIAL_VAR Fixation_Pos_Y_deg 8.0
187874425,!V TRIAL_VAR Fixation_Point_Radius_deg 0.2
187874425,!V TRIAL_VAR Fix_Window_Radius_deg 3.0
187874425,!V TRIAL_VAR Stim_Pos_X_deg 6.0
187874425,!V TRIAL_VAR Stim_Pos_Y_deg 2.0
187874425,!V TRIAL_VAR Stim_Window_Radius_deg 3.5
187874425,!V TRIAL_VAR Stim_Major_Axis_deg 0.3
187874425,!V TRIAL_VAR Stim_Minor_Axis_deg 0.3
187874425,!V TRIAL_VAR Stim_Orientation_deg 0.0
187874425,!V TRIAL_VAR Gap_Duration_ms 100.0
187874425,!V TRIAL_VAR Stim_Duration_ms 200.0
187874425,!V TRIAL_VAR Stim_Hold_Time_ms 100.0
187874425,!V TRIAL_VAR Condition_ID C000114
187874426,!V TRIAL_VAR Is_Control False
187874426,!V TRIAL_VAR Stim_Color_Name Gray
187874426,!V TRIAL_VAR Stim_Intensity_Level 150
187874426,!V TRIAL_VAR Stim_Pos_X_deg 6.0
187874426,!V TRIAL_VAR Stim_Pos_Y_deg 2.0
187874430,FIX_ON TRIAL 219
187874824,GAZE_ACQUIRED TRIAL 219
187875155,FIX_OFF TRIAL 219
187875263,STIM_ON TRIAL 219
187875380,TARGET_ENTER TRIAL 219
187875469,STIM_OFF TRIAL 219
187875491,STIM_WINDOW_END TRIAL 219
187875496,REWARD TRIAL 219
187875759,!V TRIAL_VAR Status Success
187875759,!V TRIAL_VAR Subject_ID Monkey_H18
187875759,TRIAL_RESULT Success
187878809,TRIALID 220
187878809,!V TRIAL_VAR Subject_ID Monkey_H18
187878809,!V TRIAL_VAR Planned_Fixation_Duration_ms 448.318982896223
187878809,!V TRIAL_VAR Fixation_Pos_X_deg -6.0
187878809,!V TRIAL_VAR Fixation_Pos_Y_deg -4.0
187878809,!V TRIAL_VAR Fixation_Point_Radius_deg 0.2
187878809,!V TRIAL_VAR Fix_Window_Radius_deg 3.0
187878809,!V TRIAL_VAR Stim_Pos_X_deg -6.0
187878809,!V TRIAL_VAR Stim_Pos_Y_deg -4.0
187878809,!V TRIAL_VAR Stim_Window_Radius_deg 3.5
187878809,!V TRIAL_VAR Stim_Major_Axis_deg 0.3
187878809,!V TRIAL_VAR Stim_Minor_Axis_deg 0.3
187878809,!V TRIAL_VAR Stim_Orientation_deg 0.0
187878809,!V TRIAL_VAR Gap_Duration_ms 100.0
187878809,!V TRIAL_VAR Stim_Duration_ms 200.0
187878809,!V TRIAL_VAR Stim_Hold_Time_ms 100.0
187878810,!V TRIAL_VAR Condition_ID C000115
187878810,!V TRIAL_VAR Is_Control True
187878810,!V TRIAL_VAR Stim_Color_Name Control
187878810,!V TRIAL_VAR Stim_Intensity_Level 0
187878810,!V TRIAL_VAR Stim_Pos_X_deg -6.0
187878810,!V TRIAL_VAR Stim_Pos_Y_deg -4.0
187878816,FIX_ON TRIAL 220
187879185,GAZE_ACQUIRED TRIAL 220
187879487,FIX_OFF TRIAL 220
187879498,REWARD TRIAL 220
187879760,!V TRIAL_VAR Status Control_Success
187879760,!V TRIAL_VAR Subject_ID Monkey_H18
187879761,TRIAL_RESULT Control_Success
187882806,TRIALID 221
187882806,!V TRIAL_VAR Subject_ID Monkey_H18
187882806,!V TRIAL_VAR Planned_Fixation_Duration_ms 394.2913554016917
187882806,!V TRIAL_VAR Fixation_Pos_X_deg -6.0
187882806,!V TRIAL_VAR Fixation_Pos_Y_deg 8.0
187882806,!V TRIAL_VAR Fixation_Point_Radius_deg 0.2
187882806,!V TRIAL_VAR Fix_Window_Radius_deg 3.0
187882806,!V TRIAL_VAR Stim_Pos_X_deg 6.0
187882806,!V TRIAL_VAR Stim_Pos_Y_deg 2.0
187882806,!V TRIAL_VAR Stim_Window_Radius_deg 3.5
187882806,!V TRIAL_VAR Stim_Major_Axis_deg 0.3
187882806,!V TRIAL_VAR Stim_Minor_Axis_deg 0.3
187882806,!V TRIAL_VAR Stim_Orientation_deg 0.0
187882806,!V TRIAL_VAR Gap_Duration_ms 100.0
187882806,!V TRIAL_VAR Stim_Duration_ms 200.0
187882806,!V TRIAL_VAR Stim_Hold_Time_ms 100.0
187882807,!V TRIAL_VAR Condition_ID C000116
187882807,!V TRIAL_VAR Is_Control False
187882807,!V TRIAL_VAR Stim_Color_Name Gray
187882807,!V TRIAL_VAR Stim_Intensity_Level 30
187882807,!V TRIAL_VAR Stim_Pos_X_deg 6.0
187882807,!V TRIAL_VAR Stim_Pos_Y_deg 2.0
187882812,FIX_ON TRIAL 221
187883246,GAZE_ACQUIRED TRIAL 221
187883491,FIX_OFF TRIAL 221
187883598,STIM_ON TRIAL 221
187883702,TARGET_ENTER TRIAL 221
187883805,STIM_OFF TRIAL 221
187883813,STIM_WINDOW_END TRIAL 221
187883816,REWARD TRIAL 221
187884080,!V TRIAL_VAR Status Success
187884080,!V TRIAL_VAR Subject_ID Monkey_H18
187884080,TRIAL_RESULT Success
187887131,TRIALID 222
187887132,!V TRIAL_VAR Subject_ID Monkey_H18
187887132,!V TRIAL_VAR Planned_Fixation_Duration_ms 572.0068823353038
187887132,!V TRIAL_VAR Fixation_Pos_X_deg -6.0
187887132,!V TRIAL_VAR Fixation_Pos_Y_deg 8.0
187887132,!V TRIAL_VAR Fixation_Point_Radius_deg 0.2
187887132,!V TRIAL_VAR Fix_Window_Radius_deg 3.0
187887132,!V TRIAL_VAR Stim_Pos_X_deg 3.0
187887132,!V TRIAL_VAR Stim_Pos_Y_deg -7.0
187887132,!V TRIAL_VAR Stim_Window_Radius_deg 3.5
187887132,!V TRIAL_VAR Stim_Major_Axis_deg 0.3
187887132,!V TRIAL_VAR Stim_Minor_Axis_deg 0.3
187887132,!V TRIAL_VAR Stim_Orientation_deg 0.0
187887132,!V TRIAL_VAR Gap_Duration_ms 100.0
187887132,!V TRIAL_VAR Stim_Duration_ms 200.0
187887132,!V TRIAL_VAR Stim_Hold_Time_ms 100.0
187887132,!V TRIAL_VAR Condition_ID C000117
187887137,ERROR MESSAGES LOST 5
187887137,FIX_ON TRIAL 222
187890476,GAZE_ACQUIRED TRIAL 222
187890901,FIX_OFF TRIAL 222
187891009,STIM_ON TRIAL 222
187891126,TARGET_ENTER TRIAL 222
187891216,STIM_OFF TRIAL 222
187891230,STIM_WINDOW_END TRIAL 222
187891234,REWARD TRIAL 222
187891497,!V TRIAL_VAR Status Success
187891498,!V TRIAL_VAR Subject_ID Monkey_H18
187891498,TRIAL_RESULT Success
187894548,TRIALID 223
187894549,!V TRIAL_VAR Subject_ID Monkey_H18
187894549,!V TRIAL_VAR Planned_Fixation_Duration_ms 466.9271843784794
187894549,!V TRIAL_VAR Fixation_Pos_X_deg -6.0
187894549,!V TRIAL_VAR Fixation_Pos_Y_deg 8.0
187894549,!V TRIAL_VAR Fixation_Point_Radius_deg 0.2
187894549,!V TRIAL_VAR Fix_Window_Radius_deg 3.0
187894549,!V TRIAL_VAR Stim_Pos_X_deg 0.0
187894549,!V TRIAL_VAR Stim_Pos_Y_deg -4.0
187894549,!V TRIAL_VAR Stim_Window_Radius_deg 3.5
187894549,!V TRIAL_VAR Stim_Major_Axis_deg 0.3
187894549,!V TRIAL_VAR Stim_Minor_Axis_deg 0.3
187894549,!V TRIAL_VAR Stim_Orientation_deg 0.0
187894549,!V TRIAL_VAR Gap_Duration_ms 100.0
187894549,!V TRIAL_VAR Stim_Duration_ms 200.0
187894549,!V TRIAL_VAR Stim_Hold_Time_ms 100.0
187894549,!V TRIAL_VAR Condition_ID C000118
187894549,!V TRIAL_VAR Is_Control False
187894549,!V TRIAL_VAR Stim_Color_Name Gray
187894549,!V TRIAL_VAR Stim_Intensity_Level 30
187894549,!V TRIAL_VAR Stim_Pos_X_deg 0.0
187894549,!V TRIAL_VAR Stim_Pos_Y_deg -4.0
187894560,FIX_ON TRIAL 223
187894935,GAZE_ACQUIRED TRIAL 223
187895024,FIX_OFF TRIAL 223
187895528,!V TRIAL_VAR Status Break_1
187895528,!V TRIAL_VAR Subject_ID Monkey_H18
187895528,TRIAL_RESULT Break_1
187898578,TRIALID 224
187898579,!V TRIAL_VAR Subject_ID Monkey_H18
187898579,!V TRIAL_VAR Planned_Fixation_Duration_ms 444.8698686304829
187898579,!V TRIAL_VAR Fixation_Pos_X_deg -6.0
187898579,!V TRIAL_VAR Fixation_Pos_Y_deg 8.0
187898579,!V TRIAL_VAR Fixation_Point_Radius_deg 0.2
187898579,!V TRIAL_VAR Fix_Window_Radius_deg 3.0
187898579,!V TRIAL_VAR Stim_Pos_X_deg 0.0
187898579,!V TRIAL_VAR Stim_Pos_Y_deg -4.0
187898579,!V TRIAL_VAR Stim_Window_Radius_deg 3.5
187898579,!V TRIAL_VAR Stim_Major_Axis_deg 0.3
187898579,!V TRIAL_VAR Stim_Minor_Axis_deg 0.3
187898579,!V TRIAL_VAR Stim_Orientation_deg 0.0
187898579,!V TRIAL_VAR Gap_Duration_ms 100.0
187898579,!V TRIAL_VAR Stim_Duration_ms 200.0
187898579,!V TRIAL_VAR Stim_Hold_Time_ms 100.0
187898579,!V TRIAL_VAR Condition_ID C000118
187898584,ERROR MESSAGES LOST 5
187898584,FIX_ON TRIAL 224
187899652,GAZE_ACQUIRED TRIAL 224
187899948,FIX_OFF TRIAL 224
187900056,STIM_ON TRIAL 224
187900173,TARGET_ENTER TRIAL 224
187900262,STIM_OFF TRIAL 224
187900276,STIM_WINDOW_END TRIAL 224
187900281,REWARD TRIAL 224
187900545,!V TRIAL_VAR Status Success
187900545,!V TRIAL_VAR Subject_ID Monkey_H18
187900545,TRIAL_RESULT Success
187903594,TRIALID 225
187903594,!V TRIAL_VAR Subject_ID Monkey_H18
187903594,!V TRIAL_VAR Planned_Fixation_Duration_ms 784.9944059065165
187903594,!V TRIAL_VAR Fixation_Pos_X_deg -6.0
187903594,!V TRIAL_VAR Fixation_Pos_Y_deg 8.0
187903594,!V TRIAL_VAR Fixation_Point_Radius_deg 0.2
187903594,!V TRIAL_VAR Fix_Window_Radius_deg 3.0
187903594,!V TRIAL_VAR Stim_Pos_X_deg 12.0
187903594,!V TRIAL_VAR Stim_Pos_Y_deg -1.0
187903594,!V TRIAL_VAR Stim_Window_Radius_deg 3.5
187903594,!V TRIAL_VAR Stim_Major_Axis_deg 0.3
187903594,!V TRIAL_VAR Stim_Minor_Axis_deg 0.3
187903594,!V TRIAL_VAR Stim_Orientation_deg 0.0
187903594,!V TRIAL_VAR Gap_Duration_ms 100.0
187903594,!V TRIAL_VAR Stim_Duration_ms 200.0
187903594,!V TRIAL_VAR Stim_Hold_Time_ms 100.0
187903595,!V TRIAL_VAR Condition_ID C000119
187903595,!V TRIAL_VAR Is_Control False
187903595,!V TRIAL_VAR Stim_Color_Name Gray
187903595,!V TRIAL_VAR Stim_Intensity_Level 90
187903595,!V TRIAL_VAR Stim_Pos_X_deg 12.0
187903595,!V TRIAL_VAR Stim_Pos_Y_deg -1.0
187903598,FIX_ON TRIAL 225
187903959,GAZE_ACQUIRED TRIAL 225
187904598,FIX_OFF TRIAL 225
187904705,STIM_ON TRIAL 225
187904846,TARGET_ENTER TRIAL 225
187904913,STIM_OFF TRIAL 225
187904955,STIM_WINDOW_END TRIAL 225
187904959,REWARD TRIAL 225
187905222,!V TRIAL_VAR Status Success
187905222,!V TRIAL_VAR Subject_ID Monkey_H18
187905222,TRIAL_RESULT Success
187908269,TRIALID 226
187908269,!V TRIAL_VAR Subject_ID Monkey_H18
187908269,!V TRIAL_VAR Planned_Fixation_Duration_ms 612.9643053629492
187908269,!V TRIAL_VAR Fixation_Pos_X_deg -6.0
187908269,!V TRIAL_VAR Fixation_Pos_Y_deg 8.0
187908269,!V TRIAL_VAR Fixation_Point_Radius_deg 0.2
187908269,!V TRIAL_VAR Fix_Window_Radius_deg 3.0
187908269,!V TRIAL_VAR Stim_Pos_X_deg 9.0
187908269,!V TRIAL_VAR Stim_Pos_Y_deg 8.0
187908269,!V TRIAL_VAR Stim_Window_Radius_deg 3.5
187908269,!V TRIAL_VAR Stim_Major_Axis_deg 0.3
187908269,!V TRIAL_VAR Stim_Minor_Axis_deg 0.3
187908269,!V TRIAL_VAR Stim_Orientation_deg 0.0
187908269,!V TRIAL_VAR Gap_Duration_ms 100.0
187908269,!V TRIAL_VAR Stim_Duration_ms 200.0
187908269,!V TRIAL_VAR Stim_Hold_Time_ms 100.0
187908270,!V TRIAL_VAR Condition_ID C000120
187908270,!V TRIAL_VAR Is_Control False
187908270,!V TRIAL_VAR Stim_Color_Name Gray
187908270,!V TRIAL_VAR Stim_Intensity_Level 60
187908270,!V TRIAL_VAR Stim_Pos_X_deg 9.0
187908270,!V TRIAL_VAR Stim_Pos_Y_deg 8.0
187908274,FIX_ON TRIAL 226
187908691,GAZE_ACQUIRED TRIAL 226
187909162,FIX_OFF TRIAL 226
187909269,STIM_ON TRIAL 226
187909409,TARGET_ENTER TRIAL 226
187909476,STIM_OFF TRIAL 226
187909513,STIM_WINDOW_END TRIAL 226
187909516,REWARD TRIAL 226
187909778,!V TRIAL_VAR Status Success
187909778,!V TRIAL_VAR Subject_ID Monkey_H18
187909778,TRIAL_RESULT Success
187912824,TRIALID 227
187912824,!V TRIAL_VAR Subject_ID Monkey_H18
187912824,!V TRIAL_VAR Planned_Fixation_Duration_ms 748.4709140856164
187912824,!V TRIAL_VAR Fixation_Pos_X_deg -6.0
187912824,!V TRIAL_VAR Fixation_Pos_Y_deg 8.0
187912824,!V TRIAL_VAR Fixation_Point_Radius_deg 0.2
187912824,!V TRIAL_VAR Fix_Window_Radius_deg 3.0
187912824,!V TRIAL_VAR Stim_Pos_X_deg 0.0
187912824,!V TRIAL_VAR Stim_Pos_Y_deg 2.0
187912824,!V TRIAL_VAR Stim_Window_Radius_deg 3.5
187912824,!V TRIAL_VAR Stim_Major_Axis_deg 0.3
187912824,!V TRIAL_VAR Stim_Minor_Axis_deg 0.3
187912824,!V TRIAL_VAR Stim_Orientation_deg 0.0
187912824,!V TRIAL_VAR Gap_Duration_ms 100.0
187912824,!V TRIAL_VAR Stim_Duration_ms 200.0
187912824,!V TRIAL_VAR Stim_Hold_Time_ms 100.0
187912824,!V TRIAL_VAR Condition_ID C000121
187912824,!V TRIAL_VAR Is_Control False
187912824,!V TRIAL_VAR Stim_Color_Name Gray
187912824,!V TRIAL_VAR Stim_Intensity_Level 150
187912824,!V TRIAL_VAR Stim_Pos_X_deg 0.0
187912824,!V TRIAL_VAR Stim_Pos_Y_deg 2.0
187912830,FIX_ON TRIAL 227
187913359,GAZE_ACQUIRED TRIAL 227
187913955,FIX_OFF TRIAL 227
187914062,STIM_ON TRIAL 227
187914166,TARGET_ENTER TRIAL 227
187914274,STIM_OFF TRIAL 227
187914274,STIM_WINDOW_END TRIAL 227
187914276,REWARD TRIAL 227
187914539,!V TRIAL_VAR Status Success
187914539,!V TRIAL_VAR Subject_ID Monkey_H18
187914539,TRIAL_RESULT Success
187917586,TRIALID 228
187917586,!V TRIAL_VAR Subject_ID Monkey_H18
187917586,!V TRIAL_VAR Planned_Fixation_Duration_ms 772.5400039097352
187917586,!V TRIAL_VAR Fixation_Pos_X_deg -6.0
187917586,!V TRIAL_VAR Fixation_Pos_Y_deg 8.0
187917586,!V TRIAL_VAR Fixation_Point_Radius_deg 0.2
187917586,!V TRIAL_VAR Fix_Window_Radius_deg 3.0
187917586,!V TRIAL_VAR Stim_Pos_X_deg 0.0
187917586,!V TRIAL_VAR Stim_Pos_Y_deg -1.0
187917586,!V TRIAL_VAR Stim_Window_Radius_deg 3.5
187917586,!V TRIAL_VAR Stim_Major_Axis_deg 0.3
187917586,!V TRIAL_VAR Stim_Minor_Axis_deg 0.3
187917586,!V TRIAL_VAR Stim_Orientation_deg 0.0
187917586,!V TRIAL_VAR Gap_Duration_ms 100.0
187917586,!V TRIAL_VAR Stim_Duration_ms 200.0
187917586,!V TRIAL_VAR Stim_Hold_Time_ms 100.0
187917587,!V TRIAL_VAR Condition_ID C000122
187917587,!V TRIAL_VAR Is_Control False
187917587,!V TRIAL_VAR Stim_Color_Name Gray
187917587,!V TRIAL_VAR Stim_Intensity_Level 60
187917587,!V TRIAL_VAR Stim_Pos_X_deg 0.0
187917587,!V TRIAL_VAR Stim_Pos_Y_deg -1.0
187917591,FIX_ON TRIAL 228
187918009,GAZE_ACQUIRED TRIAL 228
187918641,FIX_OFF TRIAL 228
187918748,STIM_ON TRIAL 228
187918866,TARGET_ENTER TRIAL 228
187918956,STIM_OFF TRIAL 228
187918976,STIM_WINDOW_END TRIAL 228
187918980,REWARD TRIAL 228
187919243,!V TRIAL_VAR Status Success
187919243,!V TRIAL_VAR Subject_ID Monkey_H18
187919243,TRIAL_RESULT Success
187922293,TRIALID 229
187922293,!V TRIAL_VAR Subject_ID Monkey_H18
187922293,!V TRIAL_VAR Planned_Fixation_Duration_ms 574.7850197307014
187922293,!V TRIAL_VAR Fixation_Pos_X_deg -6.0
187922293,!V TRIAL_VAR Fixation_Pos_Y_deg 8.0
187922293,!V TRIAL_VAR Fixation_Point_Radius_deg 0.2
187922293,!V TRIAL_VAR Fix_Window_Radius_deg 3.0
187922293,!V TRIAL_VAR Stim_Pos_X_deg 9.0
187922293,!V TRIAL_VAR Stim_Pos_Y_deg 5.0
187922293,!V TRIAL_VAR Stim_Window_Radius_deg 3.5
187922293,!V TRIAL_VAR Stim_Major_Axis_deg 0.3
187922293,!V TRIAL_VAR Stim_Minor_Axis_deg 0.3
187922293,!V TRIAL_VAR Stim_Orientation_deg 0.0
187922293,!V TRIAL_VAR Gap_Duration_ms 100.0
187922293,!V TRIAL_VAR Stim_Duration_ms 200.0
187922293,!V TRIAL_VAR Stim_Hold_Time_ms 100.0
187922293,!V TRIAL_VAR Condition_ID C000123
187922298,ERROR MESSAGES LOST 5
187922298,FIX_ON TRIAL 229
187922702,GAZE_ACQUIRED TRIAL 229
187923127,FIX_OFF TRIAL 229
187923235,STIM_ON TRIAL 229
187923359,TARGET_ENTER TRIAL 229
187923441,STIM_OFF TRIAL 229
187923469,STIM_WINDOW_END TRIAL 229
187923474,REWARD TRIAL 229
187923737,!V TRIAL_VAR Status Success
187923737,!V TRIAL_VAR Subject_ID Monkey_H18
187923737,TRIAL_RESULT Success
187926808,TRIALID 230
187926809,!V TRIAL_VAR Subject_ID Monkey_H18
187926809,!V TRIAL_VAR Planned_Fixation_Duration_ms 742.5250504471734
187926809,!V TRIAL_VAR Fixation_Pos_X_deg -6.0
187926809,!V TRIAL_VAR Fixation_Pos_Y_deg 8.0
187926809,!V TRIAL_VAR Fixation_Point_Radius_deg 0.2
187926809,!V TRIAL_VAR Fix_Window_Radius_deg 3.0
187926809,!V TRIAL_VAR Stim_Pos_X_deg 0.0
187926809,!V TRIAL_VAR Stim_Pos_Y_deg -7.0
187926809,!V TRIAL_VAR Stim_Window_Radius_deg 3.5
187926809,!V TRIAL_VAR Stim_Major_Axis_deg 0.3
187926809,!V TRIAL_VAR Stim_Minor_Axis_deg 0.3
187926809,!V TRIAL_VAR Stim_Orientation_deg 0.0
187926809,!V TRIAL_VAR Gap_Duration_ms 100.0
187926809,!V TRIAL_VAR Stim_Duration_ms 200.0
187926809,!V TRIAL_VAR Stim_Hold_Time_ms 100.0
187926810,!V TRIAL_VAR Condition_ID C000124
187926810,!V TRIAL_VAR Is_Control False
187926810,!V TRIAL_VAR Stim_Color_Name Gray
187926810,!V TRIAL_VAR Stim_Intensity_Level 120
187926810,!V TRIAL_VAR Stim_Pos_X_deg 0.0
187926810,!V TRIAL_VAR Stim_Pos_Y_deg -7.0
187926816,FIX_ON TRIAL 230
187927431,GAZE_ACQUIRED TRIAL 230
187928027,FIX_OFF TRIAL 230
187928134,STIM_ON TRIAL 230
187928263,TARGET_ENTER TRIAL 230
187928337,STIM_OFF TRIAL 230
187928374,STIM_WINDOW_END TRIAL 230
187928377,REWARD TRIAL 230
187928639,!V TRIAL_VAR Status Success
187928639,!V TRIAL_VAR Subject_ID Monkey_H18
187928639,TRIAL_RESULT Success
187931687,TRIALID 231
187931688,!V TRIAL_VAR Subject_ID Monkey_H18
187931688,!V TRIAL_VAR Planned_Fixation_Duration_ms 653.5254626679945
187931688,!V TRIAL_VAR Fixation_Pos_X_deg -6.0
187931688,!V TRIAL_VAR Fixation_Pos_Y_deg 8.0
187931688,!V TRIAL_VAR Fixation_Point_Radius_deg 0.2
187931688,!V TRIAL_VAR Fix_Window_Radius_deg 3.0
187931688,!V TRIAL_VAR Stim_Pos_X_deg -3.0
187931688,!V TRIAL_VAR Stim_Pos_Y_deg 8.0
187931688,!V TRIAL_VAR Stim_Window_Radius_deg 3.5
187931688,!V TRIAL_VAR Stim_Major_Axis_deg 0.3
187931688,!V TRIAL_VAR Stim_Minor_Axis_deg 0.3
187931688,!V TRIAL_VAR Stim_Orientation_deg 0.0
187931688,!V TRIAL_VAR Gap_Duration_ms 100.0
187931688,!V TRIAL_VAR Stim_Duration_ms 200.0
187931688,!V TRIAL_VAR Stim_Hold_Time_ms 100.0
187931688,!V TRIAL_VAR Condition_ID C000125
187931695,ERROR MESSAGES LOST 5
187931695,FIX_ON TRIAL 231
187932177,GAZE_ACQUIRED TRIAL 231
187932680,FIX_OFF TRIAL 231
187932791,STIM_ON TRIAL 231
187932802,TARGET_ENTER TRIAL 231
187932998,STIM_OFF TRIAL 231
187932998,STIM_WINDOW_END TRIAL 231
187933002,REWARD TRIAL 231
187933265,!V TRIAL_VAR Status Success
187933265,!V TRIAL_VAR Subject_ID Monkey_H18
187933265,TRIAL_RESULT Success
187936308,TRIALID 232
187936308,!V TRIAL_VAR Subject_ID Monkey_H18
187936308,!V TRIAL_VAR Planned_Fixation_Duration_ms 743.2362157592878
187936308,!V TRIAL_VAR Fixation_Pos_X_deg -6.0
187936308,!V TRIAL_VAR Fixation_Pos_Y_deg 8.0
187936308,!V TRIAL_VAR Fixation_Point_Radius_deg 0.2
187936308,!V TRIAL_VAR Fix_Window_Radius_deg 3.0
187936308,!V TRIAL_VAR Stim_Pos_X_deg 12.0
187936308,!V TRIAL_VAR Stim_Pos_Y_deg -4.0
187936308,!V TRIAL_VAR Stim_Window_Radius_deg 3.5
187936308,!V TRIAL_VAR Stim_Major_Axis_deg 0.3
187936308,!V TRIAL_VAR Stim_Minor_Axis_deg 0.3
187936308,!V TRIAL_VAR Stim_Orientation_deg 0.0
187936308,!V TRIAL_VAR Gap_Duration_ms 100.0
187936308,!V TRIAL_VAR Stim_Duration_ms 200.0
187936308,!V TRIAL_VAR Stim_Hold_Time_ms 100.0
187936309,!V TRIAL_VAR Condition_ID C000126
187936310,!V TRIAL_VAR Is_Control False
187936310,!V TRIAL_VAR Stim_Color_Name Gray
187936310,!V TRIAL_VAR Stim_Intensity_Level 150
187936310,!V TRIAL_VAR Stim_Pos_X_deg 12.0
187936310,!V TRIAL_VAR Stim_Pos_Y_deg -4.0
187936313,FIX_ON TRIAL 232
187941327,FIX_OFF TRIAL 232
187941330,!V TRIAL_VAR Status nofix_1
187941331,!V TRIAL_VAR Subject_ID Monkey_H18
187941331,TRIAL_RESULT nofix_1
187944380,TRIALID 233
187944381,!V TRIAL_VAR Subject_ID Monkey_H18
187944381,!V TRIAL_VAR Planned_Fixation_Duration_ms 677.3747761723087
187944381,!V TRIAL_VAR Fixation_Pos_X_deg -6.0
187944381,!V TRIAL_VAR Fixation_Pos_Y_deg 8.0
187944381,!V TRIAL_VAR Fixation_Point_Radius_deg 0.2
187944381,!V TRIAL_VAR Fix_Window_Radius_deg 3.0
187944381,!V TRIAL_VAR Stim_Pos_X_deg 12.0
187944381,!V TRIAL_VAR Stim_Pos_Y_deg -4.0
187944381,!V TRIAL_VAR Stim_Window_Radius_deg 3.5
187944381,!V TRIAL_VAR Stim_Major_Axis_deg 0.3
187944381,!V TRIAL_VAR Stim_Minor_Axis_deg 0.3
187944381,!V TRIAL_VAR Stim_Orientation_deg 0.0
187944381,!V TRIAL_VAR Gap_Duration_ms 100.0
187944381,!V TRIAL_VAR Stim_Duration_ms 200.0
187944381,!V TRIAL_VAR Stim_Hold_Time_ms 100.0
187944382,!V TRIAL_VAR Condition_ID C000126
187944382,!V TRIAL_VAR Is_Control False
187944382,!V TRIAL_VAR Stim_Color_Name Gray
187944382,!V TRIAL_VAR Stim_Intensity_Level 150
187944382,!V TRIAL_VAR Stim_Pos_X_deg 12.0
187944382,!V TRIAL_VAR Stim_Pos_Y_deg -4.0
187944387,FIX_ON TRIAL 233
187949401,FIX_OFF TRIAL 233
187949406,!V TRIAL_VAR Status nofix_1
187949406,!V TRIAL_VAR Subject_ID Monkey_H18
187949406,TRIAL_RESULT nofix_1
187952456,TRIALID 234
187952457,!V TRIAL_VAR Subject_ID Monkey_H18
187952457,!V TRIAL_VAR Planned_Fixation_Duration_ms 455.94562582097404
187952457,!V TRIAL_VAR Fixation_Pos_X_deg -6.0
187952457,!V TRIAL_VAR Fixation_Pos_Y_deg 8.0
187952457,!V TRIAL_VAR Fixation_Point_Radius_deg 0.2
187952457,!V TRIAL_VAR Fix_Window_Radius_deg 3.0
187952457,!V TRIAL_VAR Stim_Pos_X_deg 12.0
187952457,!V TRIAL_VAR Stim_Pos_Y_deg -4.0
187952457,!V TRIAL_VAR Stim_Window_Radius_deg 3.5
187952457,!V TRIAL_VAR Stim_Major_Axis_deg 0.3
187952457,!V TRIAL_VAR Stim_Minor_Axis_deg 0.3
187952457,!V TRIAL_VAR Stim_Orientation_deg 0.0
187952457,!V TRIAL_VAR Gap_Duration_ms 100.0
187952457,!V TRIAL_VAR Stim_Duration_ms 200.0
187952457,!V TRIAL_VAR Stim_Hold_Time_ms 100.0
187952457,!V TRIAL_VAR Condition_ID C000126
187952463,ERROR MESSAGES LOST 5
187952463,FIX_ON TRIAL 234
187957477,FIX_OFF TRIAL 234
187957481,!V TRIAL_VAR Status nofix_1
187957481,!V TRIAL_VAR Subject_ID Monkey_H18
187957481,TRIAL_RESULT nofix_1
187960530,TRIALID 235
187960531,!V TRIAL_VAR Subject_ID Monkey_H18
187960531,!V TRIAL_VAR Planned_Fixation_Duration_ms 576.0806180587336
187960531,!V TRIAL_VAR Fixation_Pos_X_deg -6.0
187960531,!V TRIAL_VAR Fixation_Pos_Y_deg 8.0
187960531,!V TRIAL_VAR Fixation_Point_Radius_deg 0.2
187960531,!V TRIAL_VAR Fix_Window_Radius_deg 3.0
187960531,!V TRIAL_VAR Stim_Pos_X_deg 12.0
187960531,!V TRIAL_VAR Stim_Pos_Y_deg -4.0
187960531,!V TRIAL_VAR Stim_Window_Radius_deg 3.5
187960531,!V TRIAL_VAR Stim_Major_Axis_deg 0.3
187960531,!V TRIAL_VAR Stim_Minor_Axis_deg 0.3
187960531,!V TRIAL_VAR Stim_Orientation_deg 0.0
187960531,!V TRIAL_VAR Gap_Duration_ms 100.0
187960531,!V TRIAL_VAR Stim_Duration_ms 200.0
187960531,!V TRIAL_VAR Stim_Hold_Time_ms 100.0
187960531,!V TRIAL_VAR Condition_ID C000126
187960531,!V TRIAL_VAR Is_Control False
187960531,!V TRIAL_VAR Stim_Color_Name Gray
187960531,!V TRIAL_VAR Stim_Intensity_Level 150
187960531,!V TRIAL_VAR Stim_Pos_X_deg 12.0
187960531,!V TRIAL_VAR Stim_Pos_Y_deg -4.0
187960538,FIX_ON TRIAL 235
187964602,GAZE_ACQUIRED TRIAL 235
187965037,FIX_OFF TRIAL 235
187965146,STIM_ON TRIAL 235
187965291,TARGET_ENTER TRIAL 235
187965351,STIM_OFF TRIAL 235
187965402,STIM_WINDOW_END TRIAL 235
187965406,REWARD TRIAL 235
187965668,!V TRIAL_VAR Status Success
187965668,!V TRIAL_VAR Subject_ID Monkey_H18
187965668,TRIAL_RESULT Success
187968717,TRIALID 236
187968717,!V TRIAL_VAR Subject_ID Monkey_H18
187968717,!V TRIAL_VAR Planned_Fixation_Duration_ms 647.048938239384
187968717,!V TRIAL_VAR Fixation_Pos_X_deg -6.0
187968717,!V TRIAL_VAR Fixation_Pos_Y_deg 8.0
187968717,!V TRIAL_VAR Fixation_Point_Radius_deg 0.2
187968717,!V TRIAL_VAR Fix_Window_Radius_deg 3.0
187968717,!V TRIAL_VAR Stim_Pos_X_deg 0.0
187968717,!V TRIAL_VAR Stim_Pos_Y_deg -4.0
187968717,!V TRIAL_VAR Stim_Window_Radius_deg 3.5
187968717,!V TRIAL_VAR Stim_Major_Axis_deg 0.3
187968717,!V TRIAL_VAR Stim_Minor_Axis_deg 0.3
187968717,!V TRIAL_VAR Stim_Orientation_deg 0.0
187968717,!V TRIAL_VAR Gap_Duration_ms 100.0
187968717,!V TRIAL_VAR Stim_Duration_ms 200.0
187968717,!V TRIAL_VAR Stim_Hold_Time_ms 100.0
187968718,!V TRIAL_VAR Condition_ID C000127
187968718,!V TRIAL_VAR Is_Control False
187968718,!V TRIAL_VAR Stim_Color_Name Gray
187968718,!V TRIAL_VAR Stim_Intensity_Level 150
187968718,!V TRIAL_VAR Stim_Pos_X_deg 0.0
187968718,!V TRIAL_VAR Stim_Pos_Y_deg -4.0
187968724,FIX_ON TRIAL 236
187969014,GAZE_ACQUIRED TRIAL 236
187969516,FIX_OFF TRIAL 236
187969624,STIM_ON TRIAL 236
187969734,TARGET_ENTER TRIAL 236
187969830,STIM_OFF TRIAL 236
187969837,STIM_WINDOW_END TRIAL 236
187969841,REWARD TRIAL 236
187970104,!V TRIAL_VAR Status Success
187970104,!V TRIAL_VAR Subject_ID Monkey_H18
187970104,TRIAL_RESULT Success
187973154,TRIALID 237
187973155,!V TRIAL_VAR Subject_ID Monkey_H18
187973155,!V TRIAL_VAR Planned_Fixation_Duration_ms 621.4690896515087
187973155,!V TRIAL_VAR Fixation_Pos_X_deg -6.0
187973155,!V TRIAL_VAR Fixation_Pos_Y_deg 8.0
187973155,!V TRIAL_VAR Fixation_Point_Radius_deg 0.2
187973155,!V TRIAL_VAR Fix_Window_Radius_deg 3.0
187973155,!V TRIAL_VAR Stim_Pos_X_deg -3.0
187973155,!V TRIAL_VAR Stim_Pos_Y_deg 5.0
187973155,!V TRIAL_VAR Stim_Window_Radius_deg 3.5
187973155,!V TRIAL_VAR Stim_Major_Axis_deg 0.3
187973155,!V TRIAL_VAR Stim_Minor_Axis_deg 0.3
187973155,!V TRIAL_VAR Stim_Orientation_deg 0.0
187973155,!V TRIAL_VAR Gap_Duration_ms 100.0
187973155,!V TRIAL_VAR Stim_Duration_ms 200.0
187973155,!V TRIAL_VAR Stim_Hold_Time_ms 100.0
187973155,!V TRIAL_VAR Condition_ID C000128
187973155,!V TRIAL_VAR Is_Control False
187973156,!V TRIAL_VAR Stim_Color_Name Gray
187973156,!V TRIAL_VAR Stim_Intensity_Level 120
187973156,!V TRIAL_VAR Stim_Pos_X_deg -3.0
187973156,!V TRIAL_VAR Stim_Pos_Y_deg 5.0
187973158,FIX_ON TRIAL 237
187973570,GAZE_ACQUIRED TRIAL 237
187974045,FIX_OFF TRIAL 237
187974152,STIM_ON TRIAL 237
187974306,TARGET_ENTER TRIAL 237
187974359,STIM_OFF TRIAL 237
187974409,STIM_WINDOW_END TRIAL 237
187974413,REWARD TRIAL 237
187974678,!V TRIAL_VAR Status Success
187974678,!V TRIAL_VAR Subject_ID Monkey_H18
187974678,TRIAL_RESULT Success
187977727,TRIALID 238
187977727,!V TRIAL_VAR Subject_ID Monkey_H18
187977727,!V TRIAL_VAR Planned_Fixation_Duration_ms 718.3253868824141
187977727,!V TRIAL_VAR Fixation_Pos_X_deg 12.0
187977727,!V TRIAL_VAR Fixation_Pos_Y_deg 5.0
187977727,!V TRIAL_VAR Fixation_Point_Radius_deg 0.2
187977727,!V TRIAL_VAR Fix_Window_Radius_deg 3.0
187977727,!V TRIAL_VAR Stim_Pos_X_deg 12.0
187977727,!V TRIAL_VAR Stim_Pos_Y_deg 5.0
187977727,!V TRIAL_VAR Stim_Window_Radius_deg 3.5
187977727,!V TRIAL_VAR Stim_Major_Axis_deg 0.3
187977727,!V TRIAL_VAR Stim_Minor_Axis_deg 0.3
187977727,!V TRIAL_VAR Stim_Orientation_deg 0.0
187977727,!V TRIAL_VAR Gap_Duration_ms 100.0
187977727,!V TRIAL_VAR Stim_Duration_ms 200.0
187977727,!V TRIAL_VAR Stim_Hold_Time_ms 100.0
187977728,!V TRIAL_VAR Condition_ID C000129
187977728,!V TRIAL_VAR Is_Control True
187977728,!V TRIAL_VAR Stim_Color_Name Control
187977728,!V TRIAL_VAR Stim_Intensity_Level 0
187977728,!V TRIAL_VAR Stim_Pos_X_deg 12.0
187977728,!V TRIAL_VAR Stim_Pos_Y_deg 5.0
187977734,FIX_ON TRIAL 238
187978181,GAZE_ACQUIRED TRIAL 238
187978759,FIX_OFF TRIAL 238
187978770,REWARD TRIAL 238
187979033,!V TRIAL_VAR Status Control_Success
187979033,!V TRIAL_VAR Subject_ID Monkey_H18
187979033,TRIAL_RESULT Control_Success
187982081,TRIALID 239
187982081,!V TRIAL_VAR Subject_ID Monkey_H18
187982081,!V TRIAL_VAR Planned_Fixation_Duration_ms 774.9623048737078
187982081,!V TRIAL_VAR Fixation_Pos_X_deg -6.0
187982081,!V TRIAL_VAR Fixation_Pos_Y_deg 8.0
187982081,!V TRIAL_VAR Fixation_Point_Radius_deg 0.2
187982081,!V TRIAL_VAR Fix_Window_Radius_deg 3.0
187982081,!V TRIAL_VAR Stim_Pos_X_deg -6.0
187982081,!V TRIAL_VAR Stim_Pos_Y_deg -4.0
187982081,!V TRIAL_VAR Stim_Window_Radius_deg 3.5
187982081,!V TRIAL_VAR Stim_Major_Axis_deg 0.3
187982081,!V TRIAL_VAR Stim_Minor_Axis_deg 0.3
187982081,!V TRIAL_VAR Stim_Orientation_deg 0.0
187982081,!V TRIAL_VAR Gap_Duration_ms 100.0
187982081,!V TRIAL_VAR Stim_Duration_ms 200.0
187982081,!V TRIAL_VAR Stim_Hold_Time_ms 100.0
187982082,!V TRIAL_VAR Condition_ID C000130
187982082,!V TRIAL_VAR Is_Control False
187982082,!V TRIAL_VAR Stim_Color_Name Gray
187982082,!V TRIAL_VAR Stim_Intensity_Level 90
187982082,!V TRIAL_VAR Stim_Pos_X_deg -6.0
187982082,!V TRIAL_VAR Stim_Pos_Y_deg -4.0
187982088,FIX_ON TRIAL 239
187982366,GAZE_ACQUIRED TRIAL 239
187982998,FIX_OFF TRIAL 239
187983106,STIM_ON TRIAL 239
187983237,TARGET_ENTER TRIAL 239
187983312,STIM_OFF TRIAL 239
187983341,STIM_WINDOW_END TRIAL 239
187983345,REWARD TRIAL 239
187983608,!V TRIAL_VAR Status Success
187983609,!V TRIAL_VAR Subject_ID Monkey_H18
187983609,TRIAL_RESULT Success
187986655,TRIALID 240
187986656,!V TRIAL_VAR Subject_ID Monkey_H18
187986656,!V TRIAL_VAR Planned_Fixation_Duration_ms 681.7301619857949
187986656,!V TRIAL_VAR Fixation_Pos_X_deg -6.0
187986656,!V TRIAL_VAR Fixation_Pos_Y_deg 8.0
187986656,!V TRIAL_VAR Fixation_Point_Radius_deg 0.2
187986656,!V TRIAL_VAR Fix_Window_Radius_deg 3.0
187986656,!V TRIAL_VAR Stim_Pos_X_deg 9.0
187986656,!V TRIAL_VAR Stim_Pos_Y_deg -1.0
187986656,!V TRIAL_VAR Stim_Window_Radius_deg 3.5
187986656,!V TRIAL_VAR Stim_Major_Axis_deg 0.3
187986656,!V TRIAL_VAR Stim_Minor_Axis_deg 0.3
187986656,!V TRIAL_VAR Stim_Orientation_deg 0.0
187986656,!V TRIAL_VAR Gap_Duration_ms 100.0
187986656,!V TRIAL_VAR Stim_Duration_ms 200.0
187986656,!V TRIAL_VAR Stim_Hold_Time_ms 100.0
187986657,!V TRIAL_VAR Condition_ID C000131
187986657,!V TRIAL_VAR Is_Control False
187986657,!V TRIAL_VAR Stim_Color_Name Gray
187986657,!V TRIAL_VAR Stim_Intensity_Level 30
187986657,!V TRIAL_VAR Stim_Pos_X_deg 9.0
187986657,!V TRIAL_VAR Stim_Pos_Y_deg -1.0
187986663,FIX_ON TRIAL 240
187987759,GAZE_ACQUIRED TRIAL 240
187988291,FIX_OFF TRIAL 240
187988398,STIM_ON TRIAL 240
187988516,TARGET_ENTER TRIAL 240
187988606,STIM_OFF TRIAL 240
187988620,STIM_WINDOW_END TRIAL 240
187988624,REWARD TRIAL 240
187988888,!V TRIAL_VAR Status Success
187988888,!V TRIAL_VAR Subject_ID Monkey_H18
187988888,TRIAL_RESULT Success
187991944,TRIALID 241
187991944,!V TRIAL_VAR Subject_ID Monkey_H18
187991944,!V TRIAL_VAR Planned_Fixation_Duration_ms 302.1130927747285
187991944,!V TRIAL_VAR Fixation_Pos_X_deg -6.0
187991944,!V TRIAL_VAR Fixation_Pos_Y_deg 8.0
187991944,!V TRIAL_VAR Fixation_Point_Radius_deg 0.2
187991944,!V TRIAL_VAR Fix_Window_Radius_deg 3.0
187991944,!V TRIAL_VAR Stim_Pos_X_deg -6.0
187991944,!V TRIAL_VAR Stim_Pos_Y_deg -10.0
187991944,!V TRIAL_VAR Stim_Window_Radius_deg 3.5
187991944,!V TRIAL_VAR Stim_Major_Axis_deg 0.3
187991944,!V TRIAL_VAR Stim_Minor_Axis_deg 0.3
187991944,!V TRIAL_VAR Stim_Orientation_deg 0.0
187991944,!V TRIAL_VAR Gap_Duration_ms 100.0
187991944,!V TRIAL_VAR Stim_Duration_ms 200.0
187991944,!V TRIAL_VAR Stim_Hold_Time_ms 100.0
187991945,!V TRIAL_VAR Condition_ID C000132
187991945,!V TRIAL_VAR Is_Control False
187991945,!V TRIAL_VAR Stim_Color_Name Gray
187991945,!V TRIAL_VAR Stim_Intensity_Level 120
187991945,!V TRIAL_VAR Stim_Pos_X_deg -6.0
187991945,!V TRIAL_VAR Stim_Pos_Y_deg -10.0
187991948,FIX_ON TRIAL 241
187994252,GAZE_ACQUIRED TRIAL 241
187994413,FIX_OFF TRIAL 241
187994524,STIM_ON TRIAL 241
187994706,TARGET_ENTER TRIAL 241
187994730,STIM_OFF TRIAL 241
187994816,STIM_WINDOW_END TRIAL 241
187994820,REWARD TRIAL 241
187995082,!V TRIAL_VAR Status Success
187995082,!V TRIAL_VAR Subject_ID Monkey_H18
187995082,TRIAL_RESULT Success
187998130,TRIALID 242
187998130,!V TRIAL_VAR Subject_ID Monkey_H18
187998130,!V TRIAL_VAR Planned_Fixation_Duration_ms 717.6695818219072
187998130,!V TRIAL_VAR Fixation_Pos_X_deg -6.0
187998130,!V TRIAL_VAR Fixation_Pos_Y_deg 8.0
187998130,!V TRIAL_VAR Fixation_Point_Radius_deg 0.2
187998130,!V TRIAL_VAR Fix_Window_Radius_deg 3.0
187998130,!V TRIAL_VAR Stim_Pos_X_deg 3.0
187998130,!V TRIAL_VAR Stim_Pos_Y_deg -4.0
187998130,!V TRIAL_VAR Stim_Window_Radius_deg 3.5
187998130,!V TRIAL_VAR Stim_Major_Axis_deg 0.3
187998130,!V TRIAL_VAR Stim_Minor_Axis_deg 0.3
187998130,!V TRIAL_VAR Stim_Orientation_deg 0.0
187998130,!V TRIAL_VAR Gap_Duration_ms 100.0
187998130,!V TRIAL_VAR Stim_Duration_ms 200.0
187998130,!V TRIAL_VAR Stim_Hold_Time_ms 100.0
187998131,!V TRIAL_VAR Condition_ID C000133
187998131,!V TRIAL_VAR Is_Control False
187998131,!V TRIAL_VAR Stim_Color_Name Gray
187998131,!V TRIAL_VAR Stim_Intensity_Level 60
187998131,!V TRIAL_VAR Stim_Pos_X_deg 3.0
187998131,!V TRIAL_VAR Stim_Pos_Y_deg -4.0
187998135,FIX_ON TRIAL 242
187999637,GAZE_ACQUIRED TRIAL 242
188000205,FIX_OFF TRIAL 242
188000313,STIM_ON TRIAL 242
188000431,TARGET_ENTER TRIAL 242
188000519,STIM_OFF TRIAL 242
188000541,STIM_WINDOW_END TRIAL 242
188000545,REWARD TRIAL 242
188000808,!V TRIAL_VAR Status Success
188000809,!V TRIAL_VAR Subject_ID Monkey_H18
188000809,TRIAL_RESULT Success
188003857,TRIALID 243
188003857,!V TRIAL_VAR Subject_ID Monkey_H18
188003857,!V TRIAL_VAR Planned_Fixation_Duration_ms 449.6732574497859
188003857,!V TRIAL_VAR Fixation_Pos_X_deg -6.0
188003857,!V TRIAL_VAR Fixation_Pos_Y_deg 8.0
188003857,!V TRIAL_VAR Fixation_Point_Radius_deg 0.2
188003857,!V TRIAL_VAR Fix_Window_Radius_deg 3.0
188003857,!V TRIAL_VAR Stim_Pos_X_deg -3.0
188003857,!V TRIAL_VAR Stim_Pos_Y_deg -1.0
188003857,!V TRIAL_VAR Stim_Window_Radius_deg 3.5
188003857,!V TRIAL_VAR Stim_Major_Axis_deg 0.3
188003857,!V TRIAL_VAR Stim_Minor_Axis_deg 0.3
188003857,!V TRIAL_VAR Stim_Orientation_deg 0.0
188003857,!V TRIAL_VAR Gap_Duration_ms 100.0
188003857,!V TRIAL_VAR Stim_Duration_ms 200.0
188003857,!V TRIAL_VAR Stim_Hold_Time_ms 100.0
188003858,!V TRIAL_VAR Condition_ID C000134
188003858,!V TRIAL_VAR Is_Control False
188003858,!V TRIAL_VAR Stim_Color_Name Gray
188003858,!V TRIAL_VAR Stim_Intensity_Level 60
188003858,!V TRIAL_VAR Stim_Pos_X_deg -3.0
188003858,!V TRIAL_VAR Stim_Pos_Y_deg -1.0
188003863,FIX_ON TRIAL 243
188004170,GAZE_ACQUIRED TRIAL 243
188004470,FIX_OFF TRIAL 243
188004580,STIM_ON TRIAL 243
188004755,TARGET_ENTER TRIAL 243
188004787,STIM_OFF TRIAL 243
188004859,STIM_WINDOW_END TRIAL 243
188004863,REWARD TRIAL 243
188005126,!V TRIAL_VAR Status Success
188005126,!V TRIAL_VAR Subject_ID Monkey_H18
188005126,TRIAL_RESULT Success
188008172,TRIALID 244
188008172,!V TRIAL_VAR Subject_ID Monkey_H18
188008172,!V TRIAL_VAR Planned_Fixation_Duration_ms 332.64477757077134
188008172,!V TRIAL_VAR Fixation_Pos_X_deg -6.0
188008172,!V TRIAL_VAR Fixation_Pos_Y_deg 8.0
188008172,!V TRIAL_VAR Fixation_Point_Radius_deg 0.2
188008172,!V TRIAL_VAR Fix_Window_Radius_deg 3.0
188008172,!V TRIAL_VAR Stim_Pos_X_deg 3.0
188008172,!V TRIAL_VAR Stim_Pos_Y_deg -4.0
188008172,!V TRIAL_VAR Stim_Window_Radius_deg 3.5
188008172,!V TRIAL_VAR Stim_Major_Axis_deg 0.3
188008172,!V TRIAL_VAR Stim_Minor_Axis_deg 0.3
188008172,!V TRIAL_VAR Stim_Orientation_deg 0.0
188008172,!V TRIAL_VAR Gap_Duration_ms 100.0
188008172,!V TRIAL_VAR Stim_Duration_ms 200.0
188008172,!V TRIAL_VAR Stim_Hold_Time_ms 100.0
188008173,!V TRIAL_VAR Condition_ID C000135
188008173,!V TRIAL_VAR Is_Control False
188008173,!V TRIAL_VAR Stim_Color_Name Gray
188008173,!V TRIAL_VAR Stim_Intensity_Level 30
188008173,!V TRIAL_VAR Stim_Pos_X_deg 3.0
188008173,!V TRIAL_VAR Stim_Pos_Y_deg -4.0
188008177,FIX_ON TRIAL 244
188013187,FIX_OFF TRIAL 244
188013191,!V TRIAL_VAR Status nofix_1
188013191,!V TRIAL_VAR Subject_ID Monkey_H18
188013191,TRIAL_RESULT nofix_1
188016241,TRIALID 245
188016241,!V TRIAL_VAR Subject_ID Monkey_H18
188016241,!V TRIAL_VAR Planned_Fixation_Duration_ms 456.99134570092093
188016241,!V TRIAL_VAR Fixation_Pos_X_deg -6.0
188016241,!V TRIAL_VAR Fixation_Pos_Y_deg 8.0
188016241,!V TRIAL_VAR Fixation_Point_Radius_deg 0.2
188016241,!V TRIAL_VAR Fix_Window_Radius_deg 3.0
188016241,!V TRIAL_VAR Stim_Pos_X_deg 3.0
188016241,!V TRIAL_VAR Stim_Pos_Y_deg -4.0
188016241,!V TRIAL_VAR Stim_Window_Radius_deg 3.5
188016241,!V TRIAL_VAR Stim_Major_Axis_deg 0.3
188016241,!V TRIAL_VAR Stim_Minor_Axis_deg 0.3
188016241,!V TRIAL_VAR Stim_Orientation_deg 0.0
188016241,!V TRIAL_VAR Gap_Duration_ms 100.0
188016241,!V TRIAL_VAR Stim_Duration_ms 200.0
188016241,!V TRIAL_VAR Stim_Hold_Time_ms 100.0
188016242,!V TRIAL_VAR Condition_ID C000135
188016242,!V TRIAL_VAR Is_Control False
188016242,!V TRIAL_VAR Stim_Color_Name Gray
188016242,!V TRIAL_VAR Stim_Intensity_Level 30
188016242,!V TRIAL_VAR Stim_Pos_X_deg 3.0
188016242,!V TRIAL_VAR Stim_Pos_Y_deg -4.0
188016244,FIX_ON TRIAL 245
188021255,FIX_OFF TRIAL 245
188021259,!V TRIAL_VAR Status nofix_1
188021259,!V TRIAL_VAR Subject_ID Monkey_H18
188021259,TRIAL_RESULT nofix_1
188024307,TRIALID 246
188024307,!V TRIAL_VAR Subject_ID Monkey_H18
188024307,!V TRIAL_VAR Planned_Fixation_Duration_ms 771.7519677381013
188024307,!V TRIAL_VAR Fixation_Pos_X_deg -6.0
188024307,!V TRIAL_VAR Fixation_Pos_Y_deg 8.0
188024307,!V TRIAL_VAR Fixation_Point_Radius_deg 0.2
188024307,!V TRIAL_VAR Fix_Window_Radius_deg 3.0
188024307,!V TRIAL_VAR Stim_Pos_X_deg 3.0
188024307,!V TRIAL_VAR Stim_Pos_Y_deg -4.0
188024307,!V TRIAL_VAR Stim_Window_Radius_deg 3.5
188024307,!V TRIAL_VAR Stim_Major_Axis_deg 0.3
188024307,!V TRIAL_VAR Stim_Minor_Axis_deg 0.3
188024307,!V TRIAL_VAR Stim_Orientation_deg 0.0
188024307,!V TRIAL_VAR Gap_Duration_ms 100.0
188024307,!V TRIAL_VAR Stim_Duration_ms 200.0
188024307,!V TRIAL_VAR Stim_Hold_Time_ms 100.0
188024308,!V TRIAL_VAR Condition_ID C000135
188024308,!V TRIAL_VAR Is_Control False
188024308,!V TRIAL_VAR Stim_Color_Name Gray
188024308,!V TRIAL_VAR Stim_Intensity_Level 30
188024308,!V TRIAL_VAR Stim_Pos_X_deg 3.0
188024308,!V TRIAL_VAR Stim_Pos_Y_deg -4.0
188024313,FIX_ON TRIAL 246
188029324,FIX_OFF TRIAL 246
188029327,!V TRIAL_VAR Status nofix_1
188029327,!V TRIAL_VAR Subject_ID Monkey_H18
188029327,TRIAL_RESULT nofix_1
188032373,TRIALID 247
188032373,!V TRIAL_VAR Subject_ID Monkey_H18
188032373,!V TRIAL_VAR Planned_Fixation_Duration_ms 459.579771553529
188032373,!V TRIAL_VAR Fixation_Pos_X_deg -6.0
188032373,!V TRIAL_VAR Fixation_Pos_Y_deg 8.0
188032373,!V TRIAL_VAR Fixation_Point_Radius_deg 0.2
188032373,!V TRIAL_VAR Fix_Window_Radius_deg 3.0
188032373,!V TRIAL_VAR Stim_Pos_X_deg 3.0
188032373,!V TRIAL_VAR Stim_Pos_Y_deg -4.0
188032373,!V TRIAL_VAR Stim_Window_Radius_deg 3.5
188032373,!V TRIAL_VAR Stim_Major_Axis_deg 0.3
188032373,!V TRIAL_VAR Stim_Minor_Axis_deg 0.3
188032373,!V TRIAL_VAR Stim_Orientation_deg 0.0
188032373,!V TRIAL_VAR Gap_Duration_ms 100.0
188032373,!V TRIAL_VAR Stim_Duration_ms 200.0
188032373,!V TRIAL_VAR Stim_Hold_Time_ms 100.0
188032374,!V TRIAL_VAR Condition_ID C000135
188032374,!V TRIAL_VAR Is_Control False
188032374,!V TRIAL_VAR Stim_Color_Name Gray
188032374,!V TRIAL_VAR Stim_Intensity_Level 30
188032374,!V TRIAL_VAR Stim_Pos_X_deg 3.0
188032374,!V TRIAL_VAR Stim_Pos_Y_deg -4.0
188032377,FIX_ON TRIAL 247
188037385,FIX_OFF TRIAL 247
188037388,!V TRIAL_VAR Status nofix_1
188037388,!V TRIAL_VAR Subject_ID Monkey_H18
188037388,TRIAL_RESULT nofix_1
188040434,TRIALID 248
188040434,!V TRIAL_VAR Subject_ID Monkey_H18
188040434,!V TRIAL_VAR Planned_Fixation_Duration_ms 697.317509395064
188040434,!V TRIAL_VAR Fixation_Pos_X_deg -6.0
188040434,!V TRIAL_VAR Fixation_Pos_Y_deg 8.0
188040434,!V TRIAL_VAR Fixation_Point_Radius_deg 0.2
188040434,!V TRIAL_VAR Fix_Window_Radius_deg 3.0
188040434,!V TRIAL_VAR Stim_Pos_X_deg 3.0
188040434,!V TRIAL_VAR Stim_Pos_Y_deg -4.0
188040434,!V TRIAL_VAR Stim_Window_Radius_deg 3.5
188040434,!V TRIAL_VAR Stim_Major_Axis_deg 0.3
188040434,!V TRIAL_VAR Stim_Minor_Axis_deg 0.3
188040434,!V TRIAL_VAR Stim_Orientation_deg 0.0
188040434,!V TRIAL_VAR Gap_Duration_ms 100.0
188040434,!V TRIAL_VAR Stim_Duration_ms 200.0
188040434,!V TRIAL_VAR Stim_Hold_Time_ms 100.0
188040435,!V TRIAL_VAR Condition_ID C000135
188040435,!V TRIAL_VAR Is_Control False
188040435,!V TRIAL_VAR Stim_Color_Name Gray
188040435,!V TRIAL_VAR Stim_Intensity_Level 30
188040435,!V TRIAL_VAR Stim_Pos_X_deg 3.0
188040435,!V TRIAL_VAR Stim_Pos_Y_deg -4.0
188040437,FIX_ON TRIAL 248
188042852,GAZE_ACQUIRED TRIAL 248
188042877,FIX_OFF TRIAL 248
188043382,!V TRIAL_VAR Status Break_1
188043382,!V TRIAL_VAR Subject_ID Monkey_H18
188043382,TRIAL_RESULT Break_1
188046431,TRIALID 249
188046432,!V TRIAL_VAR Subject_ID Monkey_H18
188046432,!V TRIAL_VAR Planned_Fixation_Duration_ms 556.7819635017898
188046432,!V TRIAL_VAR Fixation_Pos_X_deg -6.0
188046432,!V TRIAL_VAR Fixation_Pos_Y_deg 8.0
188046432,!V TRIAL_VAR Fixation_Point_Radius_deg 0.2
188046432,!V TRIAL_VAR Fix_Window_Radius_deg 3.0
188046432,!V TRIAL_VAR Stim_Pos_X_deg 3.0
188046432,!V TRIAL_VAR Stim_Pos_Y_deg -4.0
188046432,!V TRIAL_VAR Stim_Window_Radius_deg 3.5
188046432,!V TRIAL_VAR Stim_Major_Axis_deg 0.3
188046432,!V TRIAL_VAR Stim_Minor_Axis_deg 0.3
188046432,!V TRIAL_VAR Stim_Orientation_deg 0.0
188046432,!V TRIAL_VAR Gap_Duration_ms 100.0
188046432,!V TRIAL_VAR Stim_Duration_ms 200.0
188046432,!V TRIAL_VAR Stim_Hold_Time_ms 100.0
188046433,!V TRIAL_VAR Condition_ID C000135
188046433,!V TRIAL_VAR Is_Control False
188046433,!V TRIAL_VAR Stim_Color_Name Gray
188046433,!V TRIAL_VAR Stim_Intensity_Level 30
188046433,!V TRIAL_VAR Stim_Pos_X_deg 3.0
188046433,!V TRIAL_VAR Stim_Pos_Y_deg -4.0
188046437,FIX_ON TRIAL 249
188051452,FIX_OFF TRIAL 249
188051456,!V TRIAL_VAR Status nofix_1
188051456,!V TRIAL_VAR Subject_ID Monkey_H18
188051456,TRIAL_RESULT nofix_1
188111230,TRIALID 250
188111230,!V TRIAL_VAR Subject_ID Monkey_H18
188111230,!V TRIAL_VAR Planned_Fixation_Duration_ms 707.3342384994484
188111230,!V TRIAL_VAR Fixation_Pos_X_deg -6.0
188111230,!V TRIAL_VAR Fixation_Pos_Y_deg 8.0
188111230,!V TRIAL_VAR Fixation_Point_Radius_deg 0.2
188111230,!V TRIAL_VAR Fix_Window_Radius_deg 3.0
188111230,!V TRIAL_VAR Stim_Pos_X_deg 3.0
188111230,!V TRIAL_VAR Stim_Pos_Y_deg -4.0
188111230,!V TRIAL_VAR Stim_Window_Radius_deg 3.5
188111230,!V TRIAL_VAR Stim_Major_Axis_deg 0.3
188111230,!V TRIAL_VAR Stim_Minor_Axis_deg 0.3
188111230,!V TRIAL_VAR Stim_Orientation_deg 0.0
188111230,!V TRIAL_VAR Gap_Duration_ms 100.0
188111230,!V TRIAL_VAR Stim_Duration_ms 200.0
188111230,!V TRIAL_VAR Stim_Hold_Time_ms 100.0
188111231,!V TRIAL_VAR Condition_ID C000135
188111231,!V TRIAL_VAR Is_Control False
188111231,!V TRIAL_VAR Stim_Color_Name Gray
188111231,!V TRIAL_VAR Stim_Intensity_Level 30
188111231,!V TRIAL_VAR Stim_Pos_X_deg 3.0
188111231,!V TRIAL_VAR Stim_Pos_Y_deg -4.0
188111235,FIX_ON TRIAL 250
188111731,GAZE_ACQUIRED TRIAL 250
188112298,FIX_OFF TRIAL 250
188112409,STIM_ON TRIAL 250
188112527,TARGET_ENTER TRIAL 250
188112616,STIM_OFF TRIAL 250
188112631,STIM_WINDOW_END TRIAL 250
188112635,REWARD TRIAL 250
188112897,!V TRIAL_VAR Status Success
188112897,!V TRIAL_VAR Subject_ID Monkey_H18
188112897,TRIAL_RESULT Success
188115942,TRIALID 251
188115943,!V TRIAL_VAR Subject_ID Monkey_H18
188115943,!V TRIAL_VAR Planned_Fixation_Duration_ms 310.25567925776073
188115943,!V TRIAL_VAR Fixation_Pos_X_deg -6.0
188115943,!V TRIAL_VAR Fixation_Pos_Y_deg 8.0
188115943,!V TRIAL_VAR Fixation_Point_Radius_deg 0.2
188115943,!V TRIAL_VAR Fix_Window_Radius_deg 3.0
188115943,!V TRIAL_VAR Stim_Pos_X_deg 0.0
188115943,!V TRIAL_VAR Stim_Pos_Y_deg -4.0
188115943,!V TRIAL_VAR Stim_Window_Radius_deg 3.5
188115943,!V TRIAL_VAR Stim_Major_Axis_deg 0.3
188115943,!V TRIAL_VAR Stim_Minor_Axis_deg 0.3
188115943,!V TRIAL_VAR Stim_Orientation_deg 0.0
188115943,!V TRIAL_VAR Gap_Duration_ms 100.0
188115943,!V TRIAL_VAR Stim_Duration_ms 200.0
188115943,!V TRIAL_VAR Stim_Hold_Time_ms 100.0
188115943,!V TRIAL_VAR Condition_ID C000136
188115944,!V TRIAL_VAR Is_Control False
188115944,!V TRIAL_VAR Stim_Color_Name Gray
188115944,!V TRIAL_VAR Stim_Intensity_Level 150
188115944,!V TRIAL_VAR Stim_Pos_X_deg 0.0
188115944,!V TRIAL_VAR Stim_Pos_Y_deg -4.0
188115948,FIX_ON TRIAL 251
188116288,GAZE_ACQUIRED TRIAL 251
188116448,FIX_OFF TRIAL 251
188116556,STIM_ON TRIAL 251
188116675,TARGET_ENTER TRIAL 251
188116764,STIM_OFF TRIAL 251
188116785,STIM_WINDOW_END TRIAL 251
188116788,REWARD TRIAL 251
188117052,!V TRIAL_VAR Status Success
188117052,!V TRIAL_VAR Subject_ID Monkey_H18
188117052,TRIAL_RESULT Success
188120102,TRIALID 252
188120102,!V TRIAL_VAR Subject_ID Monkey_H18
188120102,!V TRIAL_VAR Planned_Fixation_Duration_ms 630.5797098790856
188120102,!V TRIAL_VAR Fixation_Pos_X_deg -6.0
188120102,!V TRIAL_VAR Fixation_Pos_Y_deg 8.0
188120102,!V TRIAL_VAR Fixation_Point_Radius_deg 0.2
188120102,!V TRIAL_VAR Fix_Window_Radius_deg 3.0
188120102,!V TRIAL_VAR Stim_Pos_X_deg 6.0
188120102,!V TRIAL_VAR Stim_Pos_Y_deg 5.0
188120102,!V TRIAL_VAR Stim_Window_Radius_deg 3.5
188120102,!V TRIAL_VAR Stim_Major_Axis_deg 0.3
188120102,!V TRIAL_VAR Stim_Minor_Axis_deg 0.3
188120102,!V TRIAL_VAR Stim_Orientation_deg 0.0
188120102,!V TRIAL_VAR Gap_Duration_ms 100.0
188120102,!V TRIAL_VAR Stim_Duration_ms 200.0
188120102,!V TRIAL_VAR Stim_Hold_Time_ms 100.0
188120103,!V TRIAL_VAR Condition_ID C000137
188120103,!V TRIAL_VAR Is_Control False
188120103,!V TRIAL_VAR Stim_Color_Name Gray
188120103,!V TRIAL_VAR Stim_Intensity_Level 120
188120103,!V TRIAL_VAR Stim_Pos_X_deg 6.0
188120103,!V TRIAL_VAR Stim_Pos_Y_deg 5.0
188120105,FIX_ON TRIAL 252
188120538,GAZE_ACQUIRED TRIAL 252
188121020,FIX_OFF TRIAL 252
188121127,STIM_ON TRIAL 252
188121238,TARGET_ENTER TRIAL 252
188121335,STIM_OFF TRIAL 252
188121341,STIM_WINDOW_END TRIAL 252
188121345,REWARD TRIAL 252
188121608,!V TRIAL_VAR Status Success
188121609,!V TRIAL_VAR Subject_ID Monkey_H18
188121609,TRIAL_RESULT Success
188124659,TRIALID 253
188124659,!V TRIAL_VAR Subject_ID Monkey_H18
188124659,!V TRIAL_VAR Planned_Fixation_Duration_ms 765.9992460431586
188124659,!V TRIAL_VAR Fixation_Pos_X_deg -6.0
188124659,!V TRIAL_VAR Fixation_Pos_Y_deg 8.0
188124659,!V TRIAL_VAR Fixation_Point_Radius_deg 0.2
188124660,!V TRIAL_VAR Fix_Window_Radius_deg 3.0
188124660,!V TRIAL_VAR Stim_Pos_X_deg 9.0
188124660,!V TRIAL_VAR Stim_Pos_Y_deg 2.0
188124660,!V TRIAL_VAR Stim_Window_Radius_deg 3.5
188124660,!V TRIAL_VAR Stim_Major_Axis_deg 0.3
188124660,!V TRIAL_VAR Stim_Minor_Axis_deg 0.3
188124660,!V TRIAL_VAR Stim_Orientation_deg 0.0
188124660,!V TRIAL_VAR Gap_Duration_ms 100.0
188124660,!V TRIAL_VAR Stim_Duration_ms 200.0
188124660,!V TRIAL_VAR Stim_Hold_Time_ms 100.0
188124660,!V TRIAL_VAR Condition_ID C000138
188124663,ERROR MESSAGES LOST 5
188124663,FIX_ON TRIAL 253
188125092,GAZE_ACQUIRED TRIAL 253
188125706,FIX_OFF TRIAL 253
188125814,STIM_ON TRIAL 253
188125938,TARGET_ENTER TRIAL 253
188126020,STIM_OFF TRIAL 253
188126042,STIM_WINDOW_END TRIAL 253
188126047,REWARD TRIAL 253
188126314,!V TRIAL_VAR Status Success
188126314,!V TRIAL_VAR Subject_ID Monkey_H18
188126314,TRIAL_RESULT Success
188129362,TRIALID 254
188129363,!V TRIAL_VAR Subject_ID Monkey_H18
188129363,!V TRIAL_VAR Planned_Fixation_Duration_ms 375.6728985137248
188129363,!V TRIAL_VAR Fixation_Pos_X_deg -6.0
188129363,!V TRIAL_VAR Fixation_Pos_Y_deg 8.0
188129363,!V TRIAL_VAR Fixation_Point_Radius_deg 0.2
188129363,!V TRIAL_VAR Fix_Window_Radius_deg 3.0
188129363,!V TRIAL_VAR Stim_Pos_X_deg 6.0
188129363,!V TRIAL_VAR Stim_Pos_Y_deg 8.0
188129363,!V TRIAL_VAR Stim_Window_Radius_deg 3.5
188129363,!V TRIAL_VAR Stim_Major_Axis_deg 0.3
188129363,!V TRIAL_VAR Stim_Minor_Axis_deg 0.3
188129363,!V TRIAL_VAR Stim_Orientation_deg 0.0
188129363,!V TRIAL_VAR Gap_Duration_ms 100.0
188129363,!V TRIAL_VAR Stim_Duration_ms 200.0
188129363,!V TRIAL_VAR Stim_Hold_Time_ms 100.0
188129363,!V TRIAL_VAR Condition_ID C000139
188129364,!V TRIAL_VAR Is_Control False
188129364,!V TRIAL_VAR Stim_Color_Name Gray
188129364,!V TRIAL_VAR Stim_Intensity_Level 60
188129364,!V TRIAL_VAR Stim_Pos_X_deg 6.0
188129364,!V TRIAL_VAR Stim_Pos_Y_deg 8.0
188129366,FIX_ON TRIAL 254
188131835,GAZE_ACQUIRED TRIAL 254
188132066,FIX_OFF TRIAL 254
188132174,STIM_ON TRIAL 254
188132306,TARGET_ENTER TRIAL 254
188132381,STIM_OFF TRIAL 254
188132409,STIM_WINDOW_END TRIAL 254
188132414,REWARD TRIAL 254
188132678,!V TRIAL_VAR Status Success
188132678,!V TRIAL_VAR Subject_ID Monkey_H18
188132678,TRIAL_RESULT Success
188135724,TRIALID 255
188135725,!V TRIAL_VAR Subject_ID Monkey_H18
188135725,!V TRIAL_VAR Planned_Fixation_Duration_ms 331.94425889393517
188135725,!V TRIAL_VAR Fixation_Pos_X_deg -6.0
188135725,!V TRIAL_VAR Fixation_Pos_Y_deg 8.0
188135725,!V TRIAL_VAR Fixation_Point_Radius_deg 0.2
188135725,!V TRIAL_VAR Fix_Window_Radius_deg 3.0
188135725,!V TRIAL_VAR Stim_Pos_X_deg 0.0
188135725,!V TRIAL_VAR Stim_Pos_Y_deg 2.0
188135725,!V TRIAL_VAR Stim_Window_Radius_deg 3.5
188135725,!V TRIAL_VAR Stim_Major_Axis_deg 0.3
188135725,!V TRIAL_VAR Stim_Minor_Axis_deg 0.3
188135725,!V TRIAL_VAR Stim_Orientation_deg 0.0
188135725,!V TRIAL_VAR Gap_Duration_ms 100.0
188135725,!V TRIAL_VAR Stim_Duration_ms 200.0
188135725,!V TRIAL_VAR Stim_Hold_Time_ms 100.0
188135726,!V TRIAL_VAR Condition_ID C000140
188135726,!V TRIAL_VAR Is_Control False
188135726,!V TRIAL_VAR Stim_Color_Name Gray
188135726,!V TRIAL_VAR Stim_Intensity_Level 180
188135726,!V TRIAL_VAR Stim_Pos_X_deg 0.0
188135726,!V TRIAL_VAR Stim_Pos_Y_deg 2.0
188135730,FIX_ON TRIAL 255
188136470,GAZE_ACQUIRED TRIAL 255
188136653,FIX_OFF TRIAL 255
188136759,STIM_ON TRIAL 255
188136870,TARGET_ENTER TRIAL 255
188136963,STIM_OFF TRIAL 255
188136977,STIM_WINDOW_END TRIAL 255
188136981,REWARD TRIAL 255
188137244,!V TRIAL_VAR Status Success
188137244,!V TRIAL_VAR Subject_ID Monkey_H18
188137244,TRIAL_RESULT Success
188140289,TRIALID 256
188140290,!V TRIAL_VAR Subject_ID Monkey_H18
188140290,!V TRIAL_VAR Planned_Fixation_Duration_ms 346.0663627403978
188140290,!V TRIAL_VAR Fixation_Pos_X_deg -6.0
188140290,!V TRIAL_VAR Fixation_Pos_Y_deg 8.0
188140290,!V TRIAL_VAR Fixation_Point_Radius_deg 0.2
188140290,!V TRIAL_VAR Fix_Window_Radius_deg 3.0
188140290,!V TRIAL_VAR Stim_Pos_X_deg -6.0
188140290,!V TRIAL_VAR Stim_Pos_Y_deg 8.0
188140290,!V TRIAL_VAR Stim_Window_Radius_deg 3.5
188140290,!V TRIAL_VAR Stim_Major_Axis_deg 0.3
188140290,!V TRIAL_VAR Stim_Minor_Axis_deg 0.3
188140290,!V TRIAL_VAR Stim_Orientation_deg 0.0
188140290,!V TRIAL_VAR Gap_Duration_ms 100.0
188140290,!V TRIAL_VAR Stim_Duration_ms 200.0
188140290,!V TRIAL_VAR Stim_Hold_Time_ms 100.0
188140291,!V TRIAL_VAR Condition_ID C000141
188140291,!V TRIAL_VAR Is_Control False
188140291,!V TRIAL_VAR Stim_Color_Name Gray
188140291,!V TRIAL_VAR Stim_Intensity_Level 150
188140291,!V TRIAL_VAR Stim_Pos_X_deg -6.0
188140291,!V TRIAL_VAR Stim_Pos_Y_deg 8.0
188140295,FIX_ON TRIAL 256
188141392,GAZE_ACQUIRED TRIAL 256
188141596,FIX_OFF TRIAL 256
188141702,STIM_ON TRIAL 256
188141713,TARGET_ENTER TRIAL 256
188141909,STIM_OFF TRIAL 256
188141909,STIM_WINDOW_END TRIAL 256
188141914,REWARD TRIAL 256
188142177,!V TRIAL_VAR Status Success
188142177,!V TRIAL_VAR Subject_ID Monkey_H18
188142178,TRIAL_RESULT Success
188145228,TRIALID 257
188145228,!V TRIAL_VAR Subject_ID Monkey_H18
188145228,!V TRIAL_VAR Planned_Fixation_Duration_ms 388.50182789626416
188145228,!V TRIAL_VAR Fixation_Pos_X_deg -6.0
188145228,!V TRIAL_VAR Fixation_Pos_Y_deg 8.0
188145228,!V TRIAL_VAR Fixation_Point_Radius_deg 0.2
188145228,!V TRIAL_VAR Fix_Window_Radius_deg 3.0
188145228,!V TRIAL_VAR Stim_Pos_X_deg 3.0
188145228,!V TRIAL_VAR Stim_Pos_Y_deg -10.0
188145228,!V TRIAL_VAR Stim_Window_Radius_deg 3.5
188145228,!V TRIAL_VAR Stim_Major_Axis_deg 0.3
188145228,!V TRIAL_VAR Stim_Minor_Axis_deg 0.3
188145228,!V TRIAL_VAR Stim_Orientation_deg 0.0
188145228,!V TRIAL_VAR Gap_Duration_ms 100.0
188145228,!V TRIAL_VAR Stim_Duration_ms 200.0
188145228,!V TRIAL_VAR Stim_Hold_Time_ms 100.0
188145229,!V TRIAL_VAR Condition_ID C000142
188145229,!V TRIAL_VAR Is_Control False
188145229,!V TRIAL_VAR Stim_Color_Name Gray
188145229,!V TRIAL_VAR Stim_Intensity_Level 90
188145229,!V TRIAL_VAR Stim_Pos_X_deg 3.0
188145229,!V TRIAL_VAR Stim_Pos_Y_deg -10.0
188145235,FIX_ON TRIAL 257
188145696,GAZE_ACQUIRED TRIAL 257
188145935,FIX_OFF TRIAL 257
188146041,STIM_ON TRIAL 257
188146175,TARGET_ENTER TRIAL 257
188146249,STIM_OFF TRIAL 257
188146285,STIM_WINDOW_END TRIAL 257
188146288,REWARD TRIAL 257
188146551,!V TRIAL_VAR Status Success
188146551,!V TRIAL_VAR Subject_ID Monkey_H18
188146551,TRIAL_RESULT Success
188149602,TRIALID 258
188149602,!V TRIAL_VAR Subject_ID Monkey_H18
188149602,!V TRIAL_VAR Planned_Fixation_Duration_ms 551.6462598163672
188149602,!V TRIAL_VAR Fixation_Pos_X_deg -6.0
188149602,!V TRIAL_VAR Fixation_Pos_Y_deg 8.0
188149602,!V TRIAL_VAR Fixation_Point_Radius_deg 0.2
188149602,!V TRIAL_VAR Fix_Window_Radius_deg 3.0
188149602,!V TRIAL_VAR Stim_Pos_X_deg 9.0
188149602,!V TRIAL_VAR Stim_Pos_Y_deg 8.0
188149602,!V TRIAL_VAR Stim_Window_Radius_deg 3.5
188149602,!V TRIAL_VAR Stim_Major_Axis_deg 0.3
188149602,!V TRIAL_VAR Stim_Minor_Axis_deg 0.3
188149602,!V TRIAL_VAR Stim_Orientation_deg 0.0
188149602,!V TRIAL_VAR Gap_Duration_ms 100.0
188149602,!V TRIAL_VAR Stim_Duration_ms 200.0
188149602,!V TRIAL_VAR Stim_Hold_Time_ms 100.0
188149602,!V TRIAL_VAR Condition_ID C000143
188149606,ERROR MESSAGES LOST 5
188149606,FIX_ON TRIAL 258
188154616,FIX_OFF TRIAL 258
188154620,!V TRIAL_VAR Status nofix_1
188154620,!V TRIAL_VAR Subject_ID Monkey_H18
188154620,TRIAL_RESULT nofix_1
188157668,TRIALID 259
188157668,!V TRIAL_VAR Subject_ID Monkey_H18
188157668,!V TRIAL_VAR Planned_Fixation_Duration_ms 423.21718074222633
188157668,!V TRIAL_VAR Fixation_Pos_X_deg -6.0
188157668,!V TRIAL_VAR Fixation_Pos_Y_deg 8.0
188157668,!V TRIAL_VAR Fixation_Point_Radius_deg 0.2
188157668,!V TRIAL_VAR Fix_Window_Radius_deg 3.0
188157668,!V TRIAL_VAR Stim_Pos_X_deg 9.0
188157668,!V TRIAL_VAR Stim_Pos_Y_deg 8.0
188157668,!V TRIAL_VAR Stim_Window_Radius_deg 3.5
188157668,!V TRIAL_VAR Stim_Major_Axis_deg 0.3
188157668,!V TRIAL_VAR Stim_Minor_Axis_deg 0.3
188157668,!V TRIAL_VAR Stim_Orientation_deg 0.0
188157668,!V TRIAL_VAR Gap_Duration_ms 100.0
188157668,!V TRIAL_VAR Stim_Duration_ms 200.0
188157668,!V TRIAL_VAR Stim_Hold_Time_ms 100.0
188157669,!V TRIAL_VAR Condition_ID C000143
188157669,!V TRIAL_VAR Is_Control False
188157669,!V TRIAL_VAR Stim_Color_Name Gray
188157669,!V TRIAL_VAR Stim_Intensity_Level 30
188157669,!V TRIAL_VAR Stim_Pos_X_deg 9.0
188157669,!V TRIAL_VAR Stim_Pos_Y_deg 8.0
188157675,FIX_ON TRIAL 259
188162685,FIX_OFF TRIAL 259
188162688,!V TRIAL_VAR Status nofix_1
188162689,!V TRIAL_VAR Subject_ID Monkey_H18
188162689,TRIAL_RESULT nofix_1
188165739,TRIALID 260
188165739,!V TRIAL_VAR Subject_ID Monkey_H18
188165739,!V TRIAL_VAR Planned_Fixation_Duration_ms 607.7261970483053
188165739,!V TRIAL_VAR Fixation_Pos_X_deg -6.0
188165739,!V TRIAL_VAR Fixation_Pos_Y_deg 8.0
188165739,!V TRIAL_VAR Fixation_Point_Radius_deg 0.2
188165739,!V TRIAL_VAR Fix_Window_Radius_deg 3.0
188165739,!V TRIAL_VAR Stim_Pos_X_deg 9.0
188165739,!V TRIAL_VAR Stim_Pos_Y_deg 8.0
188165739,!V TRIAL_VAR Stim_Window_Radius_deg 3.5
188165739,!V TRIAL_VAR Stim_Major_Axis_deg 0.3
188165739,!V TRIAL_VAR Stim_Minor_Axis_deg 0.3
188165739,!V TRIAL_VAR Stim_Orientation_deg 0.0
188165739,!V TRIAL_VAR Gap_Duration_ms 100.0
188165739,!V TRIAL_VAR Stim_Duration_ms 200.0
188165739,!V TRIAL_VAR Stim_Hold_Time_ms 100.0
188165740,!V TRIAL_VAR Condition_ID C000143
188165740,!V TRIAL_VAR Is_Control False
188165740,!V TRIAL_VAR Stim_Color_Name Gray
188165740,!V TRIAL_VAR Stim_Intensity_Level 30
188165740,!V TRIAL_VAR Stim_Pos_X_deg 9.0
188165740,!V TRIAL_VAR Stim_Pos_Y_deg 8.0
188165746,FIX_ON TRIAL 260
188167367,GAZE_ACQUIRED TRIAL 260
188167827,FIX_OFF TRIAL 260
188167935,STIM_ON TRIAL 260
188168127,TARGET_ENTER TRIAL 260
188168145,STIM_OFF TRIAL 260
188168231,STIM_WINDOW_END TRIAL 260
188168235,REWARD TRIAL 260
188168497,!V TRIAL_VAR Status Success
188168497,!V TRIAL_VAR Subject_ID Monkey_H18
188168497,TRIAL_RESULT Success
188171549,TRIALID 261
188171549,!V TRIAL_VAR Subject_ID Monkey_H18
188171549,!V TRIAL_VAR Planned_Fixation_Duration_ms 755.9767037681805
188171549,!V TRIAL_VAR Fixation_Pos_X_deg -6.0
188171549,!V TRIAL_VAR Fixation_Pos_Y_deg 8.0
188171549,!V TRIAL_VAR Fixation_Point_Radius_deg 0.2
188171549,!V TRIAL_VAR Fix_Window_Radius_deg 3.0
188171549,!V TRIAL_VAR Stim_Pos_X_deg 6.0
188171549,!V TRIAL_VAR Stim_Pos_Y_deg 8.0
188171549,!V TRIAL_VAR Stim_Window_Radius_deg 3.5
188171549,!V TRIAL_VAR Stim_Major_Axis_deg 0.3
188171549,!V TRIAL_VAR Stim_Minor_Axis_deg 0.3
188171549,!V TRIAL_VAR Stim_Orientation_deg 0.0
188171549,!V TRIAL_VAR Gap_Duration_ms 100.0
188171549,!V TRIAL_VAR Stim_Duration_ms 200.0
188171549,!V TRIAL_VAR Stim_Hold_Time_ms 100.0
188171550,!V TRIAL_VAR Condition_ID C000144
188171550,!V TRIAL_VAR Is_Control False
188171550,!V TRIAL_VAR Stim_Color_Name Gray
188171550,!V TRIAL_VAR Stim_Intensity_Level 180
188171550,!V TRIAL_VAR Stim_Pos_X_deg 6.0
188171550,!V TRIAL_VAR Stim_Pos_Y_deg 8.0
188171553,FIX_ON TRIAL 261
188176564,FIX_OFF TRIAL 261
188176567,!V TRIAL_VAR Status nofix_1
188176567,!V TRIAL_VAR Subject_ID Monkey_H18
188176567,TRIAL_RESULT nofix_1
188179618,TRIALID 262
188179618,!V TRIAL_VAR Subject_ID Monkey_H18
188179618,!V TRIAL_VAR Planned_Fixation_Duration_ms 732.4972089315236
188179618,!V TRIAL_VAR Fixation_Pos_X_deg -6.0
188179618,!V TRIAL_VAR Fixation_Pos_Y_deg 8.0
188179618,!V TRIAL_VAR Fixation_Point_Radius_deg 0.2
188179618,!V TRIAL_VAR Fix_Window_Radius_deg 3.0
188179618,!V TRIAL_VAR Stim_Pos_X_deg 6.0
188179618,!V TRIAL_VAR Stim_Pos_Y_deg 8.0
188179618,!V TRIAL_VAR Stim_Window_Radius_deg 3.5
188179618,!V TRIAL_VAR Stim_Major_Axis_deg 0.3
188179618,!V TRIAL_VAR Stim_Minor_Axis_deg 0.3
188179618,!V TRIAL_VAR Stim_Orientation_deg 0.0
188179618,!V TRIAL_VAR Gap_Duration_ms 100.0
188179618,!V TRIAL_VAR Stim_Duration_ms 200.0
188179618,!V TRIAL_VAR Stim_Hold_Time_ms 100.0
188179619,!V TRIAL_VAR Condition_ID C000144
188179619,!V TRIAL_VAR Is_Control False
188179619,!V TRIAL_VAR Stim_Color_Name Gray
188179619,!V TRIAL_VAR Stim_Intensity_Level 180
188179619,!V TRIAL_VAR Stim_Pos_X_deg 6.0
188179619,!V TRIAL_VAR Stim_Pos_Y_deg 8.0
188179624,FIX_ON TRIAL 262
188184638,FIX_OFF TRIAL 262
188184642,!V TRIAL_VAR Status nofix_1
188184642,!V TRIAL_VAR Subject_ID Monkey_H18
188184642,TRIAL_RESULT nofix_1
188187689,TRIALID 263
188187690,!V TRIAL_VAR Subject_ID Monkey_H18
188187690,!V TRIAL_VAR Planned_Fixation_Duration_ms 636.358287319794
188187690,!V TRIAL_VAR Fixation_Pos_X_deg -6.0
188187690,!V TRIAL_VAR Fixation_Pos_Y_deg 8.0
188187690,!V TRIAL_VAR Fixation_Point_Radius_deg 0.2
188187690,!V TRIAL_VAR Fix_Window_Radius_deg 3.0
188187690,!V TRIAL_VAR Stim_Pos_X_deg 6.0
188187690,!V TRIAL_VAR Stim_Pos_Y_deg 8.0
188187690,!V TRIAL_VAR Stim_Window_Radius_deg 3.5
188187690,!V TRIAL_VAR Stim_Major_Axis_deg 0.3
188187690,!V TRIAL_VAR Stim_Minor_Axis_deg 0.3
188187690,!V TRIAL_VAR Stim_Orientation_deg 0.0
188187690,!V TRIAL_VAR Gap_Duration_ms 100.0
188187690,!V TRIAL_VAR Stim_Duration_ms 200.0
188187690,!V TRIAL_VAR Stim_Hold_Time_ms 100.0
188187690,!V TRIAL_VAR Condition_ID C000144
188187696,ERROR MESSAGES LOST 5
188187696,FIX_ON TRIAL 263
188192709,FIX_OFF TRIAL 263
188192713,!V TRIAL_VAR Status nofix_1
188192713,!V TRIAL_VAR Subject_ID Monkey_H18
188192713,TRIAL_RESULT nofix_1
188195756,TRIALID 264
188195756,!V TRIAL_VAR Subject_ID Monkey_H18
188195756,!V TRIAL_VAR Planned_Fixation_Duration_ms 726.6169629756372
188195756,!V TRIAL_VAR Fixation_Pos_X_deg -6.0
188195756,!V TRIAL_VAR Fixation_Pos_Y_deg 8.0
188195756,!V TRIAL_VAR Fixation_Point_Radius_deg 0.2
188195756,!V TRIAL_VAR Fix_Window_Radius_deg 3.0
188195756,!V TRIAL_VAR Stim_Pos_X_deg 6.0
188195756,!V TRIAL_VAR Stim_Pos_Y_deg 8.0
188195756,!V TRIAL_VAR Stim_Window_Radius_deg 3.5
188195756,!V TRIAL_VAR Stim_Major_Axis_deg 0.3
188195756,!V TRIAL_VAR Stim_Minor_Axis_deg 0.3
188195756,!V TRIAL_VAR Stim_Orientation_deg 0.0
188195756,!V TRIAL_VAR Gap_Duration_ms 100.0
188195756,!V TRIAL_VAR Stim_Duration_ms 200.0
188195756,!V TRIAL_VAR Stim_Hold_Time_ms 100.0
188195757,!V TRIAL_VAR Condition_ID C000144
188195757,!V TRIAL_VAR Is_Control False
188195757,!V TRIAL_VAR Stim_Color_Name Gray
188195757,!V TRIAL_VAR Stim_Intensity_Level 180
188195757,!V TRIAL_VAR Stim_Pos_X_deg 6.0
188195757,!V TRIAL_VAR Stim_Pos_Y_deg 8.0
188195759,FIX_ON TRIAL 264
188200249,GAZE_ACQUIRED TRIAL 264
188200827,FIX_OFF TRIAL 264
188200935,STIM_ON TRIAL 264
188201096,TARGET_ENTER TRIAL 264
188201141,STIM_OFF TRIAL 264
188201199,STIM_WINDOW_END TRIAL 264
188201204,REWARD TRIAL 264
188201469,!V TRIAL_VAR Status Success
188201469,!V TRIAL_VAR Subject_ID Monkey_H18
188201469,TRIAL_RESULT Success
188204513,TRIALID 265
188204514,!V TRIAL_VAR Subject_ID Monkey_H18
188204514,!V TRIAL_VAR Planned_Fixation_Duration_ms 796.3134719771423
188204514,!V TRIAL_VAR Fixation_Pos_X_deg -6.0
188204514,!V TRIAL_VAR Fixation_Pos_Y_deg 8.0
188204514,!V TRIAL_VAR Fixation_Point_Radius_deg 0.2
188204514,!V TRIAL_VAR Fix_Window_Radius_deg 3.0
188204514,!V TRIAL_VAR Stim_Pos_X_deg 9.0
188204514,!V TRIAL_VAR Stim_Pos_Y_deg -10.0
188204514,!V TRIAL_VAR Stim_Window_Radius_deg 3.5
188204514,!V TRIAL_VAR Stim_Major_Axis_deg 0.3
188204514,!V TRIAL_VAR Stim_Minor_Axis_deg 0.3
188204514,!V TRIAL_VAR Stim_Orientation_deg 0.0
188204514,!V TRIAL_VAR Gap_Duration_ms 100.0
188204514,!V TRIAL_VAR Stim_Duration_ms 200.0
188204514,!V TRIAL_VAR Stim_Hold_Time_ms 100.0
188204515,!V TRIAL_VAR Condition_ID C000145
188204515,!V TRIAL_VAR Is_Control False
188204515,!V TRIAL_VAR Stim_Color_Name Gray
188204515,!V TRIAL_VAR Stim_Intensity_Level 60
188204515,!V TRIAL_VAR Stim_Pos_X_deg 9.0
188204515,!V TRIAL_VAR Stim_Pos_Y_deg -10.0
188204520,FIX_ON TRIAL 265
188209535,FIX_OFF TRIAL 265
188209538,!V TRIAL_VAR Status nofix_1
188209538,!V TRIAL_VAR Subject_ID Monkey_H18
188209538,TRIAL_RESULT nofix_1
188210745,FINEVISION_SESSION_END
